Workbook

Sheet RELACIONES
A1: skuProduct | B1: PROVEEDOR | C1: sku
A3: =INVENTARIO!A3 -> LON-BAC-1 | B3: POLYVINILOS | C3: =IFERROR(A3&"-"&_xlfn.XLOOKUP(B3,PROVEEDORES!$D$3:$D$37,PROVEEDORES!$B$3:$B$37),"") -> LON-BAC-1-Y
A4: =INVENTARIO!A4 -> LON-BAC-2 | B4: MEXTRAN | C4: =IFERROR(A4&"-"&_xlfn.XLOOKUP(B4,PROVEEDORES!$D$3:$D$37,PROVEEDORES!$B$3:$B$37),"") -> LON-BAC-2-V
A5: =INVENTARIO!A5 -> LON-BAC-3 | B5: MEXTRAN | C5: =IFERROR(A5&"-"&_xlfn.XLOOKUP(B5,PROVEEDORES!$D$3:$D$37,PROVEEDORES!$B$3:$B$37),"") -> LON-BAC-3-V
A6: =INVENTARIO!A6 -> LON-FRO-13OZ-1 | B6: POLYVINILOS | C6: =IFERROR(A6&"-"&_xlfn.XLOOKUP(B6,PROVEEDORES!$D$3:$D$37,PROVEEDORES!$B$3:$B$37),"") -> LON-FRO-13OZ-1-Y
A7: =INVENTARIO!A7 -> LON-FRO-13OZ-2 | B7: MEXTRAN | C7: =IFERROR(A7&"-"&_xlfn.XLOOKUP(B7,PROVEEDORES!$D$3:$D$37,PROVEEDORES!$B$3:$B$37),"") -> LON-FRO-13OZ-2-V
A8: =INVENTARIO!A8 -> LON-FRO-13OZ-3 | B8: MEXTRAN | C8: =IFERROR(A8&"-"&_xlfn.XLOOKUP(B8,PROVEEDORES!$D$3:$D$37,PROVEEDORES!$B$3:$B$37),"") -> LON-FRO-13OZ-3-V
A9: =INVENTARIO!A9 -> LON-FRO-13OZ-4 | B9: MEXTRAN | C9: =IFERROR(A9&"-"&_xlfn.XLOOKUP(B9,PROVEEDORES!$D$3:$D$37,PROVEEDORES!$B$3:$B$37),"") -> LON-FRO-13OZ-4-V
A10: =INVENTARIO!A10 -> LON-FRO-13OZ-5 | B10: MEXTRAN | C10: =IFERROR(A10&"-"&_xlfn.XLOOKUP(B10,PROVEEDORES!$D$3:$D$37,PROVEEDORES!$B$3:$B$37),"") -> LON-FRO-13OZ-5-V
A11: =INVENTARIO!A11 -> LON-FRO-13OZ-6 | B11: MEXTRAN | C11: =IFERROR(A11&"-"&_xlfn.XLOOKUP(B11,PROVEEDORES!$D$3:$D$37,PROVEEDORES!$B$3:$B$37),"") -> LON-FRO-13OZ-6-V
A12: =INVENTARIO!A12 -> LON-FRO-13OZ-7 | B12: MEXTRAN | C12: =IFERROR(A12&"-"&_xlfn.XLOOKUP(B12,PROVEEDORES!$D$3:$D$37,PROVEEDORES!$B$3:$B$37),"") -> LON-FRO-13OZ-7-V
A13: =INVENTARIO!A13 -> LON-ALT-RES-1 | B13: MEXTRAN | C13: =IFERROR(A13&"-"&_xlfn.XLOOKUP(B13,PROVEEDORES!$D$3:$D$37,PROVEEDORES!$B$3:$B$37),"") -> LON-ALT-RES-1-V
A14: =INVENTARIO!A14 -> LON-ALT-RES-2 | B14: MEXTRAN | C14: =IFERROR(A14&"-"&_xlfn.XLOOKUP(B14,PROVEEDORES!$D$3:$D$37,PROVEEDORES!$B$3:$B$37),"") -> LON-ALT-RES-2-V
... A344: =INVENTARIO!A344 -> FAB-350GR-1 | B344: SERVIMERC | C344: =IFERROR(A344&"-"&_xlfn.XLOOKUP(B344,PROVEEDORES!$D$3:$D$37,PROVEEDORES!$B$3:$B$37),"") -> FAB-350GR-1-AC

Sheet PRODUCTOS
A2: sku | B2: name | C2: base | D2: height | E2: currentStock | F2: minStock | G2: presentation
A3: {=_xlfn.UNIQUE(INVENTARIO!A3:A344,FALSE,TRUE)} -> LON-BAC-1 | B3: =IF(PRODUCTOS!A3="","",_xlfn.XLOOKUP(PRODUCTOS!A3,INVENTARIO!A3:A344,INVENTARIO!C3:C344)) -> LONA BACKLITE | C3: =IF(PRODUCTOS!A3="","",_xlfn.XLOOKUP(PRODUCTOS!A3,INVENTARIO!A3:A344,INVENTARIO!D3:D344)) -> 1,6 | D3: =IF(PRODUCTOS!A3="","",_xlfn.XLOOKUP(PRODUCTOS!A3,INVENTARIO!A3:A344,INVENTARIO!E3:E344)) -> 50 | G3: ROLLO
A4: LON-BAC-2 | B4: =IF(PRODUCTOS!A4="","",_xlfn.XLOOKUP(PRODUCTOS!A4,INVENTARIO!A4:A345,INVENTARIO!C4:C345)) -> LONA BACKLITE | C4: =IF(PRODUCTOS!A4="","",_xlfn.XLOOKUP(PRODUCTOS!A4,INVENTARIO!A4:A345,INVENTARIO!D4:D345)) -> 2,5 | D4: =IF(PRODUCTOS!A4="","",_xlfn.XLOOKUP(PRODUCTOS!A4,INVENTARIO!A4:A345,INVENTARIO!E4:E345)) -> 50 | G4: ROLLO
A5: LON-BAC-3 | B5: =IF(PRODUCTOS!A5="","",_xlfn.XLOOKUP(PRODUCTOS!A5,INVENTARIO!A5:A346,INVENTARIO!C5:C346)) -> LONA BACKLITE | C5: =IF(PRODUCTOS!A5="","",_xlfn.XLOOKUP(PRODUCTOS!A5,INVENTARIO!A5:A346,INVENTARIO!D5:D346)) -> 3,2 | D5: =IF(PRODUCTOS!A5="","",_xlfn.XLOOKUP(PRODUCTOS!A5,INVENTARIO!A5:A346,INVENTARIO!E5:E346)) -> 50 | G5: ROLLO
A6: LON-FRO-13OZ-1 | B6: =IF(PRODUCTOS!A6="","",_xlfn.XLOOKUP(PRODUCTOS!A6,INVENTARIO!A6:A347,INVENTARIO!C6:C347)) -> LONA FRONT 13 OZ | C6: =IF(PRODUCTOS!A6="","",_xlfn.XLOOKUP(PRODUCTOS!A6,INVENTARIO!A6:A347,INVENTARIO!D6:D347)) -> 1,6 | D6: =IF(PRODUCTOS!A6="","",_xlfn.XLOOKUP(PRODUCTOS!A6,INVENTARIO!A6:A347,INVENTARIO!E6:E347)) -> 50 | G6: ROLLO
A7: LON-FRO-13OZ-2 | B7: =IF(PRODUCTOS!A7="","",_xlfn.XLOOKUP(PRODUCTOS!A7,INVENTARIO!A7:A348,INVENTARIO!C7:C348)) -> LONA FRONT 13 OZ | C7: =IF(PRODUCTOS!A7="","",_xlfn.XLOOKUP(PRODUCTOS!A7,INVENTARIO!A7:A348,INVENTARIO!D7:D348)) -> 2,04 | D7: =IF(PRODUCTOS!A7="","",_xlfn.XLOOKUP(PRODUCTOS!A7,INVENTARIO!A7:A348,INVENTARIO!E7:E348)) -> 50 | G7: ROLLO
A8: LON-FRO-13OZ-3 | B8: =IF(PRODUCTOS!A8="","",_xlfn.XLOOKUP(PRODUCTOS!A8,INVENTARIO!A8:A349,INVENTARIO!C8:C349)) -> LONA FRONT 13 OZ | C8: =IF(PRODUCTOS!A8="","",_xlfn.XLOOKUP(PRODUCTOS!A8,INVENTARIO!A8:A349,INVENTARIO!D8:D349)) -> 2,04 | D8: =IF(PRODUCTOS!A8="","",_xlfn.XLOOKUP(PRODUCTOS!A8,INVENTARIO!A8:A349,INVENTARIO!E8:E349)) -> 100 | G8: ROLLO
A9: LON-FRO-13OZ-4 | B9: =IF(PRODUCTOS!A9="","",_xlfn.XLOOKUP(PRODUCTOS!A9,INVENTARIO!A9:A350,INVENTARIO!C9:C350)) -> LONA FRONT 13 OZ | C9: =IF(PRODUCTOS!A9="","",_xlfn.XLOOKUP(PRODUCTOS!A9,INVENTARIO!A9:A350,INVENTARIO!D9:D350)) -> 2,5 | D9: =IF(PRODUCTOS!A9="","",_xlfn.XLOOKUP(PRODUCTOS!A9,INVENTARIO!A9:A350,INVENTARIO!E9:E350)) -> 50 | G9: ROLLO
A10: LON-FRO-13OZ-5 | B10: =IF(PRODUCTOS!A10="","",_xlfn.XLOOKUP(PRODUCTOS!A10,INVENTARIO!A10:A351,INVENTARIO!C10:C351)) -> LONA FRONT 13 OZ | C10: =IF(PRODUCTOS!A10="","",_xlfn.XLOOKUP(PRODUCTOS!A10,INVENTARIO!A10:A351,INVENTARIO!D10:D351)) -> 2,5 | D10: =IF(PRODUCTOS!A10="","",_xlfn.XLOOKUP(PRODUCTOS!A10,INVENTARIO!A10:A351,INVENTARIO!E10:E351)) -> 100 | G10: ROLLO
A11: LON-FRO-13OZ-6 | B11: =IF(PRODUCTOS!A11="","",_xlfn.XLOOKUP(PRODUCTOS!A11,INVENTARIO!A11:A352,INVENTARIO!C11:C352)) -> LONA FRONT 13 OZ | C11: =IF(PRODUCTOS!A11="","",_xlfn.XLOOKUP(PRODUCTOS!A11,INVENTARIO!A11:A352,INVENTARIO!D11:D352)) -> 3,2 | D11: =IF(PRODUCTOS!A11="","",_xlfn.XLOOKUP(PRODUCTOS!A11,INVENTARIO!A11:A352,INVENTARIO!E11:E352)) -> 50 | G11: ROLLO
A12: LON-FRO-13OZ-7 | B12: =IF(PRODUCTOS!A12="","",_xlfn.XLOOKUP(PRODUCTOS!A12,INVENTARIO!A12:A353,INVENTARIO!C12:C353)) -> LONA FRONT 13 OZ | C12: =IF(PRODUCTOS!A12="","",_xlfn.XLOOKUP(PRODUCTOS!A12,INVENTARIO!A12:A353,INVENTARIO!D12:D353)) -> 3,2 | D12: =IF(PRODUCTOS!A12="","",_xlfn.XLOOKUP(PRODUCTOS!A12,INVENTARIO!A12:A353,INVENTARIO!E12:E353)) -> 100 | G12: ROLLO
A13: LON-ALT-RES-1 | B13: =IF(PRODUCTOS!A13="","",_xlfn.XLOOKUP(PRODUCTOS!A13,INVENTARIO!A13:A354,INVENTARIO!C13:C354)) -> LONA ALTA RESISTENCIA | C13: =IF(PRODUCTOS!A13="","",_xlfn.XLOOKUP(PRODUCTOS!A13,INVENTARIO!A13:A354,INVENTARIO!D13:D354)) -> 2,5 | D13: =IF(PRODUCTOS!A13="","",_xlfn.XLOOKUP(PRODUCTOS!A13,INVENTARIO!A13:A354,INVENTARIO!E13:E354)) -> 50 | G13: ROLLO
A14: LON-ALT-RES-2 | B14: =IF(PRODUCTOS!A14="","",_xlfn.XLOOKUP(PRODUCTOS!A14,INVENTARIO!A14:A355,INVENTARIO!C14:C355)) -> LONA ALTA RESISTENCIA | C14: =IF(PRODUCTOS!A14="","",_xlfn.XLOOKUP(PRODUCTOS!A14,INVENTARIO!A14:A355,INVENTARIO!D14:D355)) -> 3,2 | D14: =IF(PRODUCTOS!A14="","",_xlfn.XLOOKUP(PRODUCTOS!A14,INVENTARIO!A14:A355,INVENTARIO!E14:E355)) -> 50 | G14: ROLLO
A15: LON-MAT-13OZ-LAT-1 | B15: =IF(PRODUCTOS!A15="","",_xlfn.XLOOKUP(PRODUCTOS!A15,INVENTARIO!A15:A356,INVENTARIO!C15:C356)) -> LONA MATE 13 OZ LATEX | C15: =IF(PRODUCTOS!A15="","",_xlfn.XLOOKUP(PRODUCTOS!A15,INVENTARIO!A15:A356,INVENTARIO!D15:D356)) -> 1,52 | D15: =IF(PRODUCTOS!A15="","",_xlfn.XLOOKUP(PRODUCTOS!A15,INVENTARIO!A15:A356,INVENTARIO!E15:E356)) -> 50 | G15: ROLLO
... A320: FAB-350GR-1 | B320: =IF(PRODUCTOS!A320="","",_xlfn.XLOOKUP(PRODUCTOS!A320,INVENTARIO!A320:A661,INVENTARIO!C320:C661)) -> FABRIANO 350 GRS | C320: =IF(PRODUCTOS!A320="","",_xlfn.XLOOKUP(PRODUCTOS!A320,INVENTARIO!A320:A661,INVENTARIO!D320:D661)) -> 0 | D320: =IF(PRODUCTOS!A320="","",_xlfn.XLOOKUP(PRODUCTOS!A320,INVENTARIO!A320:A661,INVENTARIO!E320:E661)) -> 0 | G320: PIEZA

Sheet INVENTARIO
A1: ID MATERIAL | B1: PROVEEDOR | C1: MATERIAL | D1: MEDIDA | F1: EXISTENCIAS
D2: ANCHO | E2: LARGO | F2: ROLLO / HOJA / PIEZA / CARTUCHO | G2: M2 | H2: TOTAL | I2: STOCK MINIMO | J2: COSTO UNITARIO | K2: FECHA DE CADUCIDAD
A3: =_xlfn.TEXTJOIN("-",TRUE,Hoja2!A3:I3,1) -> LON-BAC-1 | B3: POLYVINILOS | C3: LONA BACKLITE | D3: 1,6 | E3: 50 | F3: 2 | G3: 20
A4: =_xlfn.TEXTJOIN("-",TRUE,Hoja2!A4:I4,2) -> LON-BAC-2 | B4: MEXTRAN | C4: LONA BACKLITE | D4: 2,5 | E4: 50
A5: =_xlfn.TEXTJOIN("-",TRUE,Hoja2!A5:I5,3) -> LON-BAC-3 | B5: MEXTRAN | C5: LONA BACKLITE | D5: 3,2 | E5: 50
A6: =_xlfn.TEXTJOIN("-",TRUE,Hoja2!A6:I6,1) -> LON-FRO-13OZ-1 | B6: POLYVINILOS | C6: LONA FRONT 13 OZ | D6: 1,6 | E6: 50
A7: =_xlfn.TEXTJOIN("-",TRUE,Hoja2!A7:I7,2) -> LON-FRO-13OZ-2 | B7: MEXTRAN | C7: LONA FRONT 13 OZ | D7: 2,04 | E7: 50
A8: =_xlfn.TEXTJOIN("-",TRUE,Hoja2!A8:I8,3) -> LON-FRO-13OZ-3 | B8: MEXTRAN | C8: LONA FRONT 13 OZ | D8: 2,04 | E8: 100
A9: =_xlfn.TEXTJOIN("-",TRUE,Hoja2!A9:I9,4) -> LON-FRO-13OZ-4 | B9: MEXTRAN | C9: LONA FRONT 13 OZ | D9: 2,5 | E9: 50
A10: =_xlfn.TEXTJOIN("-",TRUE,Hoja2!A10:I10,5) -> LON-FRO-13OZ-5 | B10: MEXTRAN | C10: LONA FRONT 13 OZ | D10: 2,5 | E10: 100
A11: =_xlfn.TEXTJOIN("-",TRUE,Hoja2!A11:I11,6) -> LON-FRO-13OZ-6 | B11: MEXTRAN | C11: LONA FRONT 13 OZ | D11: 3,2 | E11: 50
A12: =_xlfn.TEXTJOIN("-",TRUE,Hoja2!A12:I12,7) -> LON-FRO-13OZ-7 | B12: MEXTRAN | C12: LONA FRONT 13 OZ | D12: 3,2 | E12: 100
A13: =_xlfn.TEXTJOIN("-",TRUE,Hoja2!A13:I13,1) -> LON-ALT-RES-1 | B13: MEXTRAN | C13: LONA ALTA RESISTENCIA | D13: 2,5 | E13: 50
A14: =_xlfn.TEXTJOIN("-",TRUE,Hoja2!A14:I14,2) -> LON-ALT-RES-2 | B14: MEXTRAN | C14: LONA ALTA RESISTENCIA | D14: 3,2 | E14: 50
A15: =_xlfn.TEXTJOIN("-",TRUE,Hoja2!A15:I15,1) -> LON-MAT-13OZ-LAT-1 | B15: KRONALINE | C15: LONA MATE 13 OZ LATEX | D15: 1,52 | E15: 50
A16: =_xlfn.TEXTJOIN("-",TRUE,Hoja2!A16:I16,1) -> LON-MAT-13OZ-1 | B16: MEXTRAN | C16: LONA MATE 13 OZ | D16: 1,6 | E16: 50
A17: =_xlfn.TEXTJOIN("-",TRUE,Hoja2!A17:I17,2) -> LON-MAT-13OZ-2 | B17: MEXTRAN | C17: LONA MATE 13 OZ | D17: 2,5 | E17: 50
A18: =_xlfn.TEXTJOIN("-",TRUE,Hoja2!A18:I18,3) -> LON-MAT-13OZ-3 | B18: MEXTRAN | C18: LONA MATE 13 OZ | D18: 3,2 | E18: 50
A19: =_xlfn.TEXTJOIN("-",TRUE,Hoja2!A19:I19,4) -> LON-MAT-13OZ-4 | B19: MEXTRAN | C19: LONA MATE 13 OZ | D19: 3,2 | E19: 100
A20: =_xlfn.TEXTJOIN("-",TRUE,Hoja2!A20:I20,1) -> LON-MAT-13OZ-NEG-RES-NEG-1 | B20: MEXTRAN | C20: LONA MATE 13 OZ - RESP. NEGRO | D20: 2,5 | E20: 50
A21: =_xlfn.TEXTJOIN("-",TRUE,Hoja2!A21:I21,2) -> LON-MAT-13OZ-NEG-RES-NEG-2 | B21: MEXTRAN | C21: LONA MATE 13 OZ - RESP. NEGRO | D21: 2,5 | E21: 100
A22: =_xlfn.TEXTJOIN("-",TRUE,Hoja2!A22:I22,3) -> LON-MAT-13OZ-NEG-RES-NEG-3 | B22: MEXTRAN | C22: LONA MATE 13 OZ RESP. NEGRO | D22: 3,2 | E22: 50
A23: =_xlfn.TEXTJOIN("-",TRUE,Hoja2!A23:I23,4) -> LON-MAT-13OZ-NEG-RES-NEG-4 | B23: MEXTRAN | C23: LONA MATE 13 OZ - RESP. NEGRO | D23: 3,2 | E23: 100
A24: =_xlfn.TEXTJOIN("-",TRUE,Hoja2!A24:I24,1) -> LON-MES-1 | B24: MEXTRAN | C24: LONA MESH | D24: 1,6 | E24: 50
A25: =_xlfn.TEXTJOIN("-",TRUE,Hoja2!A25:I25,2) -> LON-MES-2 | B25: MEXTRAN | C25: LONA MESH | D25: 2.5 | E25: 50
A26: =_xlfn.TEXTJOIN("-",TRUE,Hoja2!A26:I26,3) -> LON-MES-3 | B26: MEXTRAN | C26: LONA MESH | D26: 2,5 | E26: 100
A27: =_xlfn.TEXTJOIN("-",TRUE,Hoja2!A27:I27,4) -> LON-MES-4 | B27: MEXTRAN | C27: LONA MESH | D27: 3,2 | E27: 50
A28: =_xlfn.TEXTJOIN("-",TRUE,Hoja2!A28:I28,5) -> LON-MES-5 | B28: MEXTRAN | C28: LONA MESH | D28: 3,2 | E28: 100
A29: =_xlfn.TEXTJOIN("-",TRUE,Hoja2!A29:I29,"BLU-BAC",1) -> PAP-BLU-BAC-1 | B29: MEXTRAN | C29: PAPEL BLUE BACK | D29: 1,55 | E29: 50
A30: =_xlfn.TEXTJOIN("-",TRUE,Hoja2!A30:I30,1) -> PAP-MAT-200GR-FOT-1 | B30: KRONALINE | C30: PAPEL MATE 200 GRS FOTOGRAFICO | D30: 1,52 | E30: 50
A31: =_xlfn.TEXTJOIN("-",TRUE,Hoja2!A31:I31,1) -> PAP-BRI-200GR-FOT-1 | B31: KRONALINE | C31: PAPEL BRILLANTE 200 GRS FOTOGRAFICO | D31: 1,52 | E31: 50
A32: =_xlfn.TEXTJOIN("-",TRUE,Hoja2!A32:I32,1) -> PAP-BAC-1 | B32: MEXTRAN | C32: PAPEL BACKLITE ( SEMIMATE) | D32: 1,52 | E32: 50
A33: =_xlfn.TEXTJOIN("-",TRUE,Hoja2!A33:I33,2) -> PAP-BAC-2 | B33: MEXTRAN | C33: PAPEL BACKLITE ( SEMIMATE) | D33: 1,52 | E33: 30
A34: =_xlfn.TEXTJOIN("-",TRUE,Hoja2!A34:I34,1) -> PAP-BAC-1 | B34: DT TEC | C34: PAPEL BACKLITE ( SEMIMATE) | D34: 1,52 | E34: 50
A35: =_xlfn.TEXTJOIN("-",TRUE,Hoja2!A35:I35,"SOL-KRO",1) -> PAP-SOL-KRO-1 | B35: KRONALINE | C35: PAPEL SOLVATEX KRONALINE | D35: 1,52 | E35: 50
A36: =_xlfn.TEXTJOIN("-",TRUE,Hoja2!A36:I36,1) -> PAP-CIT-1 | B36: MEXTRAN | C36: PAPEL CITYLIGHT | D36: 1,6 | E36: 50
A37: =_xlfn.TEXTJOIN("-",TRUE,Hoja2!A37:I37,2) -> PAP-CIT-2 | B37: MEXTRAN | C37: PAPEL CITYLIGHT | D37: 1,6 | E37: 100
A38: =_xlfn.TEXTJOIN("-",TRUE,Hoja2!A38:I38,1) -> TEL-SIN-DEL-1 | B38: DT TEC | C38: TELA SINTETICA DELGADA | D38: 1,52 | E38: 50
A39: =_xlfn.TEXTJOIN("-",TRUE,Hoja2!A39:I39,2) -> TEL-SIN-DEL-2 | B39: MEXTRAN | C39: TELA SINTETICA DELGADA | D39: 2,5 | E39: 50
A40: =_xlfn.TEXTJOIN("-",TRUE,Hoja2!A40:I40,3) -> TEL-SIN-DEL-3 | B40: MEXTRAN | C40: TELA SINTETICA DELGADA | D40: 3,2 | E40: 50
A41: =_xlfn.TEXTJOIN("-",TRUE,Hoja2!A41:I41,"CAN",1) -> TEL-CAN-1 | B41: DT TEC | C41: TELA CANVAS | D41: 1,52 | E41: 30
A42: =_xlfn.TEXTJOIN("-",TRUE,Hoja2!A42:I42,"TAC",1) -> VIN-CON-TAC-1 | B42: TUBELITE | C42: VINIL CONTROL TAC (IJ180) | D42: 1,52 | E42: 45,7
A43: =_xlfn.TEXTJOIN("-",TRUE,Hoja2!A43:I43,"TAC",2) -> VIN-CON-TAC-2 | B43: TUBELITE | C43: VINIL CONTROL TAC (IJ180) | D43: 1,52 | E43: 91,4
A44: =_xlfn.TEXTJOIN("-",TRUE,Hoja2!A44:I44,40,1) -> VIN-CON-40-1 | B44: TUBELITE | C44: VINIL CONTROL 40 (40-C / IJ40) | D44: 1,52 | E44: 45,7
A45: =_xlfn.TEXTJOIN("-",TRUE,Hoja2!A45:I45,40,2) -> VIN-CON-40-2 | B45: TUBELITE | C45: VINIL CONTROL 40 (40-C / IJ40) | D45: 1,52 | E45: 91,4
A46: =_xlfn.TEXTJOIN("-",TRUE,Hoja2!A46:I46,1) -> VIN-EST-BLA-LAT-1 | B46: MEXTRAN | C46: VINIL ESTATICO BLANCO LATEX | D46: 1,37 | E46: 50
A47: =_xlfn.TEXTJOIN("-",TRUE,Hoja2!A47:I47,2) -> VIN-EST-BLA-LAT-2 | B47: MEXTRAN | C47: VINIL ESTATICO BLANCO LATEX | D47: 1,52 | E47: 50
A48: =_xlfn.TEXTJOIN("-",TRUE,Hoja2!A48:I48,1) -> VIN-EST-BLA-1 | B48: MEXTRAN | C48: VINIL ESTATICO BLANCO | D48: 1,27 | E48: 50
A49: =_xlfn.TEXTJOIN("-",TRUE,Hoja2!A49:I49,2) -> VIN-EST-BLA-2 | B49: MEXTRAN | C49: VINIL ESTATICO BLANCO | D49: 1,52 | E49: 50
A50: =_xlfn.TEXTJOIN("-",TRUE,Hoja2!A50:I50,3) -> VIN-EST-BLA-3 | B50: MEXTRAN | C50: VINIL ESTATICO BLANCO | D50: 1,37 | E50: 41,7
A51: =_xlfn.TEXTJOIN("-",TRUE,Hoja2!A51:I51,1) -> VIN-EST-TRA-1 | B51: MEXTRAN | C51: VINIL ESTATICO TRANSPARENTE | D51: 1,37 | E51: 50
A52: =_xlfn.TEXTJOIN("-",TRUE,Hoja2!A52:I52,2) -> VIN-EST-TRA-2 | B52: MEXTRAN | C52: VINIL ESTATICO TRANSPARENTE | D52: 1,52 | E52: 50
A53: =_xlfn.TEXTJOIN("-",TRUE,Hoja2!A53:I53,"GRA-TEX",1) -> VIN-FLO-GRA-TEX-1 | B53: MEXTRAN | C53: VINIL FLOOR GRAPHICS C/TEXTURA | D53: 1,52 | E53: 50
A54: =_xlfn.TEXTJOIN("-",TRUE,Hoja2!A54:I54,1) -> VIN-REF-GRA-ING-BLA-1 | B54: TUBELITE | C54: VINIL REFLECTIVO GRADO INGENIERIA BLANCO | D54: 1,22 | E54: 45,7
A55: =_xlfn.TEXTJOIN("-",TRUE,Hoja2!A55:I55,1) -> VIN-REF-GRA-ING-AZU-1 | B55: TUBELITE | C55: VINIL REFLECTIVO GRADO INGENIERIA AZUL | D55: 1.22 | E55: 1
A56: =_xlfn.TEXTJOIN("-",TRUE,Hoja2!A56:I56,1) -> VIN-REF-GRA-ING-ROJ-1 | B56: TUBELITE | C56: VINIL REFLECTIVO GRADO INGENIERIA ROJO | D56: 1.22 | E56: 1
A57: =_xlfn.TEXTJOIN("-",TRUE,Hoja2!A57:I57,1) -> VIN-REF-GRA-ING-AMA-1 | B57: TUBELITE | C57: VINIL REFLECTIVO GRADO INGENIERIA AMARILLO | D57: 1.22 | E57: 1
A58: =_xlfn.TEXTJOIN("-",TRUE,Hoja2!A58:I58,1) -> VIN-REF-GRA-ING-VER-1 | B58: TUBELITE | C58: VINIL REFLECTIVO GRADO INGENIERIA VERDE | D58: 1.22 | E58: 1
A59: =_xlfn.TEXTJOIN("-",TRUE,Hoja2!A59:I59,1) -> VIN-REF-GRA-ING-NEG-1 | B59: TUBELITE | C59: VINIL REFLECTIVO GRADO INGENIERIA NEGRO | D59: 1.22 | E59: 1
A60: =_xlfn.TEXTJOIN("-",TRUE,Hoja2!A60:I60,"IMA-C30",1) -> VIN-C30-IMA-C30-1 | B60: TUBELITE | C60: VINIL IMANTADO C-30 | D60: 0,61 | E60: 30
A61: =_xlfn.TEXTJOIN("-",TRUE,Hoja2!A61:I61,"ALT-TAC",1) -> VIN-BRI-BLA-ALT-TAC-1 | B61: MEXTRAN | C61: VINIL BRILLANTE BLANCO ALTO TAC | D61: 1,55 | E61: 50
A62: =_xlfn.TEXTJOIN("-",TRUE,Hoja2!A62:I62,1) -> VIN-MAT-BLA-RES-GRI-1 | B62: MEXTRAN | C62: VINIL MATE BLANCO RESPALDO GRIS | D62: 1,55 | E62: 50
A63: =_xlfn.TEXTJOIN("-",TRUE,Hoja2!A63:I63,"GEN.FOR",1) -> VIN-MAT-BLA-RES-GRI-GEN.FOR-1 | B63: PLASTITEC | C63: VINIL MATE BLANCO RESPALDO GRIS GENERAL FORMULATION | D63: 1,37 | E63: 50
A64: =_xlfn.TEXTJOIN("-",TRUE,Hoja2!A64:I64,1) -> VIN-MAT-BLA-ARL-RES-GRI-1 | B64: TUBELITE | C64: VINIL MATE BLANCO ARLON RESPALDO GRIS | D64: 1,52 | E64: 50
A65: =_xlfn.TEXTJOIN("-",TRUE,Hoja2!A65:I65,1) -> VIN-BRI-BLA-RES-GRI-1 | B65: MEXTRAN | C65: VINIL BRILLANTE BLANCO RESPALDO GRIS | D65: 1,55 | E65: 50
A66: =_xlfn.TEXTJOIN("-",TRUE,Hoja2!A66:I66,1) -> VIN-TRA-1 | B66: MEXTRAN | C66: VINIL TRANSPARENTE | D66: 1,55 | E66: 50
A67: =_xlfn.TEXTJOIN("-",TRUE,Hoja2!A67:I67,1) -> VIN-MIC-1 | B67: MEXTRAN | C67: VINIL MICROPERFORADO | D67: 1,52 | E67: 100
A68: =_xlfn.TEXTJOIN("-",TRUE,Hoja2!A68:I68,2) -> VIN-MIC-2 | B68: MEXTRAN | C68: VINIL MICROPERFORADO | D68: 1,52 | E68: 50
A69: =_xlfn.TEXTJOIN("-",TRUE,Hoja2!A69:I69,1) -> VIN-BRI-BLA-1 | B69: MEXTRAN | C69: VINIL BRILLANTE BLANCO | D69: 1,55 | E69: 50
A70: =_xlfn.TEXTJOIN("-",TRUE,Hoja2!A70:I70,2) -> VIN-BRI-BLA-2 | B70: MEXTRAN | C70: VINIL BRILLANTE BLANCO | D70: 1,26 | E70: 50
A71: =_xlfn.TEXTJOIN("-",TRUE,Hoja2!A71:I71,3) -> VIN-BRI-BLA-3 | B71: MEXTRAN | C71: VINIL BRILLANTE BLANCO | D71: 1,05 | E71: 50
A72: =_xlfn.TEXTJOIN("-",TRUE,Hoja2!A72:I72,1) -> VIN-MAT-BLA-1 | B72: MEXTRAN | C72: VINIL MATE BLANCO | D72: 1,55 | E72: 50
A73: =_xlfn.TEXTJOIN("-",TRUE,Hoja2!A73:I73,2) -> VIN-MAT-BLA-2 | B73: MEXTRAN | C73: VINIL MATE BLANCO | D73: 1,26 | E73: 50
A74: =_xlfn.TEXTJOIN("-",TRUE,Hoja2!A74:I74,3) -> VIN-MAT-BLA-3 | B74: MEXTRAN | C74: VINIL MATE BLANCO | D74: 1,05 | E74: 50
A75: =_xlfn.TEXTJOIN("-",TRUE,Hoja2!A75:I75,4) -> VIN-MAT-BLA-4 | B75: DT TEC | C75: VINIL MATE BLANCO | D75: 1,52 | E75: 50
A76: =_xlfn.TEXTJOIN("-",TRUE,Hoja2!A76:I76,5) -> VIN-MAT-BLA-5 | B76: DT TEC | C76: VINIL MATE BLANCO | D76: 1,27 | E76: 50
A77: =_xlfn.TEXTJOIN("-",TRUE,Hoja2!A77:I77,"WAL",1) -> VIN-PAR-WAL-1 | B77: LOZANO | C77: VINIL PARA PARED - WALLGRAPHIC | D77: 1,37 | E77: 45,7
A78: =_xlfn.TEXTJOIN("-",TRUE,Hoja2!A78:I78,"PSX-VIN-TEXT-STO",1) -> VIN-PSX-VIN-TEXT-STO-1 | B78: LOZANO | C78: VINIL PSXPVTX001SM-60 VINIL TEXT STONE | D78: 1,52 | E78: 50
A79: =_xlfn.TEXTJOIN("-",TRUE,Hoja2!A79:I79,"WAL-CAN-GF",1) -> VIN-WAL-CAN-GF-1 | B79: LOZANO | C79: VINIL WALL CANVAS - GF | D79: 1,37 | E79: 50
A80: =_xlfn.TEXTJOIN("-",TRUE,Hoja2!A80:I80,"IMP",1) -> VIN-BLA-TRA-IMP-1 | B80: TUBELITE | C80: VINIL BLANCO TRANSLUCIDO PARA IMPRESIÓN | D80: 1,52 | E80: 10
A81: =_xlfn.TEXTJOIN("-",TRUE,Hoja2!A81:I81,"3M",1) -> LAM-3M-1 | B81: TUBELITE | C81: LAMINADO 3M (PROTECCION LUSTRE 8519) | D81: 1,52 | E81: 40
A82: =_xlfn.TEXTJOIN("-",TRUE,Hoja2!A82:I82,1) -> LAM-TER-BRI-TRA-1 | B82: PELICULITAS BOPP | C82: LAMINADO TERMICO - TRANSPARENTE BRILLANTE | D82: 0,6 | E82: 300
A83: =_xlfn.TEXTJOIN("-",TRUE,Hoja2!A83:I83,1) -> LAM-TER-MAT-TRA-1 | B83: PELICULITAS BOPP | C83: LAMINADO TERMICO - TRANSPARENTE MATE
A84: =_xlfn.TEXTJOIN("-",TRUE,Hoja2!A84:I84,1) -> PVC-BLA-3MM-1 | B84: PLASTITEC | C84: PVC BLANCO 3 MM | D84: 1,22 | E84: 2,44
A85: =_xlfn.TEXTJOIN("-",TRUE,Hoja2!A85:I85,2) -> PVC-BLA-3MM-2 | B85: INSUMOS FIA | C85: PVC BLANCO 3 MM | D85: 1,23 | E85: 2,45
A86: =_xlfn.TEXTJOIN("-",TRUE,Hoja2!A86:I86,1) -> PVC-BLA-3MM-GAM-BAJ-1 | B86: TUBELITE | C86: PVC BLANCO 3 MM GAMA BAJA | D86: 1,22 | E86: 2,44
A87: =_xlfn.TEXTJOIN("-",TRUE,Hoja2!A87:I87,1) -> PVC-BLA-2MM-1 | B87: SABIC POLYMERSHAPES | C87: PVC BLANCO 2 MM | D87: 1,22 | E87: 2,44
A88: =_xlfn.TEXTJOIN("-",TRUE,Hoja2!A88:I88,1) -> PVC-BLA-6MM-1 | B88: PLASTITEC | C88: PVC BLANCO 6 MM | D88: 1,22 | E88: 2,44
A89: =_xlfn.TEXTJOIN("-",TRUE,Hoja2!A89:I89,1) -> PVC-BLA-6MM-GAM-BAJ-1 | B89: MEXTRAN | C89: PVC BLANCO 6 MM GAMA BAJA | D89: 1,22 | E89: 2,44
A90: =_xlfn.TEXTJOIN("-",TRUE,Hoja2!A90:I90,2) -> PVC-BLA-6MM-GAM-BAJ-2 | B90: TUBELITE | C90: PVC BLANCO 6 MM GAMA BAJA | D90: 1,23 | E90: 2,45
A91: =_xlfn.TEXTJOIN("-",TRUE,Hoja2!A91:I91,1) -> PVC-BLA-10MM-1 | B91: VINILOS Y GRAFICOS | C91: PVC BLANCO 10 MM | D91: 1,22 | E91: 2,44
A92: =_xlfn.TEXTJOIN("-",TRUE,"FOA-1GRA",1) -> FOA-1GRA-1 | B92: HOME DEPOT | C92: FOAMULAR 1" | D92: 1,22 | E92: 2,44
A93: =_xlfn.TEXTJOIN("-",TRUE,"COR-4MM",1) -> COR-4MM-1 | B93: MEXTRAN | C93: COROPLAST 4 MM | D93: 1,22 | E93: 2,44
A94: =_xlfn.TEXTJOIN("-",TRUE,Hoja2!A94:I94,1) -> FOA-5MM-1 | B94: MEXTRAN | C94: FOAMBOARD 5 MM | D94: 1,22 | E94: 2,44
A95: =_xlfn.TEXTJOIN("-",TRUE,Hoja2!A95:I95,1) -> FOA-10MM-1 | B95: MEXTRAN | C95: FOAMBOARD 10 MM | D95: 1,22 | E95: 2,44
A96: =_xlfn.TEXTJOIN("-",TRUE,Hoja2!A96:I96,1) -> EST-C15-1 | B96: PLASTITEC | C96: ESTIRENO C-15 | D96: 1,52 | E96: 1,22
A97: =_xlfn.TEXTJOIN("-",TRUE,Hoja2!A97:I97,1) -> EST-C20-1 | B97: PLASTITEC | C97: ESTIRENO C-20 | D97: 1,52 | E97: 1,22
A98: =_xlfn.TEXTJOIN("-",TRUE,Hoja2!A98:I98,1) -> EST-C30-1 | B98: PLASTITEC | C98: ESTIRENO C-30 | D98: 1,52 | E98: 1,22
A99: =_xlfn.TEXTJOIN("-",TRUE,Hoja2!A99:I99,1) -> EST-C40-1 | B99: PLASTITEC | C99: ESTIRENO C-40 | D99: 1,52 | E99: 1,22
A100: =_xlfn.TEXTJOIN("-",TRUE,Hoja2!A100:I100,1) -> EST-C60-1 | B100: PLASTITEC | C100: ESTIRENO C-60 | D100: 1,52 | E100: 1,22
...

Sheet PROVEEDORES
B2: code | C2: legalName | D2: tradeName
B3: A | C3: ACERO SUECO PALME | D3: ACERO SUECO PALME
B4: B | C4: ACRILICOS PLASTITEC, S.A. DE C.V. | D4: PLASTITEC
B5: C | C5: AG ELECTRONICA
B6: D | C6: ALBUS LOANA JUAREZ SANTOYO | D6: ALBUS
B7: E | C7: AVANCE Y TECNOLOGIA EN PLASTICOS
B8: F | C8: BUNZL MEXICO | D8: BUNZL MEXICO
B9: G | C9: CASA SOMMER | D9: CASA SOMMER
B10: H | C10: COLED ILUMINACION | D10: COLED
B11: I | C11: DISTRIBUIDORA SAGARO DE MEXICO
B12: J | C12: DOCUPUEBLA | D12: DOCUPUEBLA
B13: K | C13: DT TEC | D13: DT TEC
B14: L | C14: EXHIVIT - SOLUCIONES EN RETAIL MAHEC | D14: EXHIVIT
B15: M | C15: FOCOS Y SISTEMAS DE ALUMBRADO S.A. DE C.V. | D15: FOCOS Y SISTEMAS
B16: N | C16: FRONTAGE COVERED DE MEXICO | D16: FRONTAGE
B17: O | C17: GRUPO OM | D17: GRUPO OM
B18: P | C18: HOME DEPOT | D18: HOME DEPOT
B19: Q | C19: HUMBERTO DILLAN ALBARRAN JACINTO | D19: DILLAN
B20: R | C20: INSUMOS FIA | D20: INSUMOS FIA
B21: S | C21: INSUMOS MAKRO | D21: INSUMOS MAKRO
B22: T | C22: KRONALINE | D22: KRONALINE
B23: U | C23: MARTEG - ELISEO CAMACHO UTRERA
B24: V | C24: MEXTRAN S.A. DE C.V. | D24: MEXTRAN
B25: W | C25: PAPELERIA LOZANO HERMANOS, S.A. DE C.V. | D25: LOZANO
B26: X | C26: PLASTI MUNDO | D26: PLASTI MUNDO
B27: Y | C27: POLYVINILOS - TIBURCIO RIVERA RAMIREZ | D27: POLYVINILOS
B28: Z | C28: QPOP - OCTAVIO ORDAZ | D28: QPOP OCTAVIO ORDAZ
B29: AA | C29: RODRIGO CARRANZA TREJO | D29: RODRIGO CARRANZA
B30: AB | C30: SALAMAN | D30: SALAMAN
B31: AC | C31: SERVIMERC - GABRIEL ISAAC ACOSTA LUNA | D31: SERVIMERC
B32: AD | C32: SPEC IMPORTACIONES | D32: SPEC
B33: AE | C33: TUBELITE DE MEXICO | D33: TUBELITE
B34: AF | C34: VINILOS Y GRAFICOS DIGITALES | D34: VINILOS Y GRAFICOS
D35: PELICULITAS BOPP
D36: SABIC POLYMERSHAPES
D37: KOLA LOKA

Sheet Hoja2
A3: =IF(ISNUMBER(SEARCH("LONA",INVENTARIO!C3)),"LON", IF(ISNUMBER(SEARCH("VINIL",INVENTARIO!C3)),"VIN", IF(ISNUMBER(SEARCH("KROMACOTE",INVENTARIO!C3)),"KRO", IF(ISNUMBER(SEARCH("STARDREAM",INVENTARIO!C3)),"STA", IF(ISNUMBER(SEARCH("DISPLAY",INVENTARIO!C3)),"DIS", IF(ISNUMBER(SEARCH("ROLL UP",INVENTARIO!C3)),"ROL-UP", IF(ISNUMBER(SEARCH("TRANSFER DE PAPEL",INVENTARIO!C3)),"TRA-PAP", IF(ISNUMBER(SEARCH("TRANSFER",INVENTARIO!C3)),"TRA",IF(ISNUMBER(SEARCH("KOLA LOKA",INVENTARIO!C3)),"KOL-LOK", IF(ISNUMBER(SEARCH("PETG",INVENTARIO!C3)),"PET", IF(ISNUMBER(SEARCH("OJILLO",INVENTARIO!C3)),"OJI", IF(ISNUMBER(SEARCH("COUCHE",INVENTARIO!C3)),"COU", IF(ISNUMBER(SEARCH("PANEL DE ALUMINIO",INVENTARIO!C3)),"PAN-ALU", IF(ISNUMBER(SEARCH("PVC",INVENTARIO!C3)),"PVC", IF(ISNUMBER(SEARCH("PAPEL",INVENTARIO!C3)),"PAP", IF(ISNUMBER(SEARCH("TELA",INVENTARIO!C3)),"TEL", IF(ISNUMBER(SEARCH("CARTULINA",INVENTARIO!C3)),"CAR", IF(OR(ISNUMBER(SEARCH("LAMINA",INVENTARIO!C3)),ISNUMBER(SEARCH("LÁMINA",INVENTARIO!C3)),ISNUMBER(SEARCH("LAMPARAS",INVENTARIO!C3))),"LAM", IF(ISNUMBER(SEARCH("ESTIRENO",INVENTARIO!C3)),"EST", IF(ISNUMBER(SEARCH("FOAMBOARD",INVENTARIO!C3)),"FOA", IF(ISNUMBER(SEARCH("SOLVENTE",INVENTARIO!C3)),"SOL", IF(ISNUMBER(SEARCH("TINTA",INVENTARIO!C3)),"TIN", IF(ISNUMBER(SEARCH("ACRILICO",INVENTARIO!C3)),"ACR", IF(ISNUMBER(SEARCH("MICROLED",INVENTARIO!C3)),"MIC", IF(ISNUMBER(SEARCH("LED",INVENTARIO!C3)),"LED", IF(ISNUMBER(SEARCH("FUENTE DE PODER",INVENTARIO!C3)),"FUE-POD", IF(ISNUMBER(SEARCH("PETG",INVENTARIO!C3)),"PET", IF(ISNUMBER(SEARCH("ALUMINIO",INVENTARIO!C3)),"ALU", IF(ISNUMBER(SEARCH("CANAL",INVENTARIO!C3)),"CAN", IF(ISNUMBER(SEARCH("ESCUADRA",INVENTARIO!C3)),"ESC", IF(ISNUMBER(SEARCH("SOPORTE",INVENTARIO!C3)),"SOP","OTR") )))))))))))))))))))))))))))))) -> LON | B3: =IF(ISNUMBER(SEARCH("CORTE",INVENTARIO!C3)),"COR", IF(ISNUMBER(SEARCH("CITYLIGHT",INVENTARIO!C3)),"CIT", IF(ISNUMBER(SEARCH("LINO",INVENTARIO!C3)),"LIN", IF(ISNUMBER(SEARCH("FABRIANO",INVENTARIO!C3)),"FAB", IF(ISNUMBER(SEARCH("SUNDANCE",INVENTARIO!C3)),"SUN", IF(ISNUMBER(SEARCH("SINTETICA",INVENTARIO!C3)),"SIN", IF(ISNUMBER(SEARCH("CONTROL",INVENTARIO!C3)),"CON", IF(ISNUMBER(SEARCH("TERMICO",INVENTARIO!C3)),"TER", IF(ISNUMBER(SEARCH("C-15",INVENTARIO!C3)),"C15", IF(ISNUMBER(SEARCH("C-20",INVENTARIO!C3)),"C20", IF(ISNUMBER(SEARCH("C-30",INVENTARIO!C3)),"C30", IF(ISNUMBER(SEARCH("C-40",INVENTARIO!C3)),"C40", IF(ISNUMBER(SEARCH("C-60",INVENTARIO!C3)),"C60", IF(ISNUMBER(SEARCH("C-80",INVENTARIO!C3)),"C80", IF(ISNUMBER(SEARCH("EQUIPO",INVENTARIO!C3)),"EQU", IF(ISNUMBER(SEARCH("FLOOR",INVENTARIO!C3)),"FLO", IF(ISNUMBER(SEARCH("CRISTAL",INVENTARIO!C3)),"CRI", IF(ISNUMBER(SEARCH(" SULFATADA",INVENTARIO!C14)),"SUL", IF(ISNUMBER(SEARCH("OPALINA",INVENTARIO!C3)),"OPA", IF(ISNUMBER(SEARCH("ADHERIBLE",INVENTARIO!C3)),"ADH", IF(ISNUMBER(SEARCH("MICRO",INVENTARIO!C3)),"MIC",""))))))))))))))))))))) | C3: =IF(ISNUMBER(SEARCH("PARED",INVENTARIO!C3)),"PAR", IF(ISNUMBER(SEARCH("FRONT",INVENTARIO!C3)),"FRO", IF(ISNUMBER(SEARCH("ALTA RESISTENCIA",INVENTARIO!C3)), "ALT-RES",IF(ISNUMBER(SEARCH("BACKLITE",INVENTARIO!C3)),"BAC", IF(ISNUMBER(SEARCH("MATE",INVENTARIO!C3)),"MAT", IF(ISNUMBER(SEARCH("MESH",INVENTARIO!C3)),"MES", IF(ISNUMBER(SEARCH("BRILLANTE",INVENTARIO!C3)),"BRI", IF(ISNUMBER(SEARCH("DELGADA",INVENTARIO!C3)),"DEL", IF(ISNUMBER(SEARCH("GRUESA",INVENTARIO!C3)),"GRU", IF(ISNUMBER(SEARCH("ESTATICO",INVENTARIO!C3)),"EST", IF(ISNUMBER(SEARCH("REFLECTIVO",INVENTARIO!C3)),"REF", IF(ISNUMBER(SEARCH("LX700",INVENTARIO!C3)),"LX7", IF(ISNUMBER(SEARCH("GRANDO",INVENTARIO!C3)),"GRA", IF(ISNUMBER(SEARCH("FB700",INVENTARIO!C3)),"FB7", IF(ISNUMBER(SEARCH("LX360",INVENTARIO!C3)),"LX3", IF(ISNUMBER(SEARCH("XEROX",INVENTARIO!C3)),"XER", IF(ISNUMBER(SEARCH("CEPILLADO",INVENTARIO!C3)),"CEP", IF(ISNUMBER(SEARCH("ESPEJO",INVENTARIO!C3)),"ESP", IF(ISNUMBER(SEARCH("10 PTS",INVENTARIO!C3)),"10PT", IF(ISNUMBER(SEARCH("12 PTS",INVENTARIO!C3)),"12PT", IF(ISNUMBER(SEARCH("14 PTS",INVENTARIO!C3)),"14PT", IF(ISNUMBER(SEARCH("CLASICO",INVENTARIO!C3)),"CLA", "")))))))))))))))))))))) -> BAC | D3: =IF(ISNUMBER(SEARCH("GRAN FORMATO",INVENTARIO!C3)),"GRA-FOR", IF(ISNUMBER(SEARCH("CAMA PLANA",INVENTARIO!C3)),"CAM-PLA", IF(ISNUMBER(SEARCH("GRADO INGENIERIA",INVENTARIO!C3)),"GRA-ING", IF(ISNUMBER(SEARCH("130 GRS",INVENTARIO!C3)),"130GR", IF(ISNUMBER(SEARCH("150 GRS",INVENTARIO!C3)),"150GR", IF(ISNUMBER(SEARCH("185 GRS",INVENTARIO!C3)),"185GR", IF(ISNUMBER(SEARCH("200 GRS",INVENTARIO!C3)),"200GR", IF(ISNUMBER(SEARCH("250 GRS",INVENTARIO!C3)),"250GR", IF(ISNUMBER(SEARCH("300 GRS",INVENTARIO!C3)),"300GR", IF(ISNUMBER(SEARCH("350 GRS",INVENTARIO!C3)),"350GR", IF(ISNUMBER(SEARCH("18 OZ",INVENTARIO!C3)),"18OZ", IF(ISNUMBER(SEARCH("15 OZ",INVENTARIO!C3)),"15OZ", IF(OR(ISNUMBER(SEARCH("13 OZ",INVENTARIO!C3)),ISNUMBER(SEARCH("13 ONZAS",INVENTARIO!C3))),"13OZ", IF(OR(ISNUMBER(SEARCH("9 OZ",INVENTARIO!C3)),ISNUMBER(SEARCH("9 ONZAS",INVENTARIO!C3))),"09OZ", IF(ISNUMBER(SEARCH("DOBLE CARA",INVENTARIO!C3)),"DOB-CAR", ""))))))))))))))) | E3: =IF(OR(ISNUMBER(SEARCH("TRANSPARENTE",INVENTARIO!C3)),ISNUMBER(SEARCH("TRANSPARENTES",INVENTARIO!C3))),"TRA", IF(OR(ISNUMBER(SEARCH("BLANCO",INVENTARIO!C3)),ISNUMBER(SEARCH("BCO",INVENTARIO!C3))),"BLA", IF(ISNUMBER(SEARCH("FOTOGRAFICO",INVENTARIO!C3)),"FOT", IF(ISNUMBER(SEARCH("MARFIL",INVENTARIO!C3)),"MAR", IF(ISNUMBER(SEARCH("VERDE",INVENTARIO!C3)),"VER", IF(ISNUMBER(SEARCH("MORADO",INVENTARIO!C3)),"MOR", IF(ISNUMBER(SEARCH("PLATA",INVENTARIO!C3)),"PLA", IF(ISNUMBER(SEARCH("ORO",INVENTARIO!C3)),"ORO", IF(ISNUMBER(SEARCH("AMARILLO",INVENTARIO!C3)),"AMA", IF(ISNUMBER(SEARCH("NARANJA",INVENTARIO!C3)),"NAR", IF(ISNUMBER(SEARCH("NEGRO",INVENTARIO!C3)),"NEG", IF(ISNUMBER(SEARCH("ROJO",INVENTARIO!C3)),"ROJ", IF(ISNUMBER(SEARCH("AZUL",INVENTARIO!C3)),"AZU",""))))))))))))) | F3: =IF(ISNUMBER(SEARCH("ARLON",INVENTARIO!C3)),"ARL", IF(ISNUMBER(SEARCH("SUNTHINKS",INVENTARIO!C3)),"SUN", IF(ISNUMBER(SEARCH("FRIO",INVENTARIO!C3)),"FRI", IF(ISNUMBER(SEARCH("CALIDO",INVENTARIO!C3)),"CAL", IF(ISNUMBER(SEARCH("CEPILLADO",INVENTARIO!C3)),"CEP", IF(ISNUMBER(SEARCH("ESPEJO",INVENTARIO!C3)),"ESP", "")))))) | G3: =IF(ISNUMBER(SEARCH("LATEX",INVENTARIO!C3)),"LAT", IF(ISNUMBER(SEARCH("RESP. NEGRO",INVENTARIO!C3)),"RES-NEG", IF(ISNUMBER(SEARCH("RESPALDO CAFE",INVENTARIO!C3)),"RES-CAF", IF(ISNUMBER(SEARCH("RESPALDO GRIS",INVENTARIO!C3)),"RES-GRI", IF(ISNUMBER(SEARCH("OPTICO",INVENTARIO!C3)),"OPT", IF(ISNUMBER(SEARCH("1,2 MM",INVENTARIO!C3)),"1MM2", IF(ISNUMBER(SEARCH("2 MM",INVENTARIO!C3)),"2MM", IF(ISNUMBER(SEARCH("3 MM",INVENTARIO!C3)),"3MM", IF(ISNUMBER(SEARCH("4 MM",INVENTARIO!C3)),"4MM", IF(ISNUMBER(SEARCH("5 MM",INVENTARIO!C3)),"5MM", IF(ISNUMBER(SEARCH("6 MM",INVENTARIO!C3)),"6MM", IF(ISNUMBER(SEARCH("9 MM",INVENTARIO!C3)),"9MM", IF(ISNUMBER(SEARCH("10 MM",INVENTARIO!C3)),"10MM",""))))))))))))) | H3: =IF(ISNUMBER(SEARCH("GAMA BAJA",INVENTARIO!C3)),"GAM-BAJ", IF(ISNUMBER(SEARCH("OPTIMIZADOR",INVENTARIO!C3)),"OPT", IF(ISNUMBER(SEARCH("OVERCOAT",INVENTARIO!C3)),"OVE", IF(ISNUMBER(SEARCH("WHITE",INVENTARIO!C3)),"WHI", IF(ISNUMBER(SEARCH("LIGHT CYAN",INVENTARIO!C3)),"LIG-CYA", IF(ISNUMBER(SEARCH("CYAN",INVENTARIO!C3)),"CYA", IF(ISNUMBER(SEARCH("LIGHT MAGENTA",INVENTARIO!C3)),"LIG-MAG", IF(ISNUMBER(SEARCH("MAGENTA",INVENTARIO!C3)),"MAG", IF(ISNUMBER(SEARCH("BLACK",INVENTARIO!C3)),"BLA", IF(ISNUMBER(SEARCH("YELLOW",INVENTARIO!C3)),"YEL", IF(ISNUMBER(SEARCH("2 DIODOS",INVENTARIO!C3)),"2DI", IF(ISNUMBER(SEARCH("3 DIODOS",INVENTARIO!C3)),"3DI", IF(OR(ISNUMBER(SEARCH("TRASLUCIDO",INVENTARIO!C3)),ISNUMBER(SEARCH("TRANSLUCIDO",INVENTARIO!C3))),"TRA", ""))))))))))))) | I3: =IF(ISNUMBER(SEARCH("SILED",INVENTARIO!C3)),"SI", IF(ISNUMBER(SEARCH("SYDEMEX",INVENTARIO!C3)),"SY", IF(ISNUMBER(SEARCH("ROHS",INVENTARIO!C3)),"RO", IF(ISNUMBER(SEARCH("RISHANG",INVENTARIO!C3)),"RS", IF(ISNUMBER(SEARCH("VYG",INVENTARIO!C3)),"VYG", IF(ISNUMBER(SEARCH("COLED",INVENTARIO!C3)),"CO",""))))))
A4: =IF(ISNUMBER(SEARCH("LONA",INVENTARIO!C4)),"LON", IF(ISNUMBER(SEARCH("VINIL",INVENTARIO!C4)),"VIN", IF(ISNUMBER(SEARCH("KROMACOTE",INVENTARIO!C4)),"KRO", IF(ISNUMBER(SEARCH("STARDREAM",INVENTARIO!C4)),"STA", IF(ISNUMBER(SEARCH("DISPLAY",INVENTARIO!C4)),"DIS", IF(ISNUMBER(SEARCH("ROLL UP",INVENTARIO!C4)),"ROL-UP", IF(ISNUMBER(SEARCH("TRANSFER DE PAPEL",INVENTARIO!C4)),"TRA-PAP", IF(ISNUMBER(SEARCH("TRANSFER",INVENTARIO!C4)),"TRA",IF(ISNUMBER(SEARCH("KOLA LOKA",INVENTARIO!C4)),"KOL-LOK", IF(ISNUMBER(SEARCH("PETG",INVENTARIO!C4)),"PET", IF(ISNUMBER(SEARCH("OJILLO",INVENTARIO!C4)),"OJI", IF(ISNUMBER(SEARCH("COUCHE",INVENTARIO!C4)),"COU", IF(ISNUMBER(SEARCH("PANEL DE ALUMINIO",INVENTARIO!C4)),"PAN-ALU", IF(ISNUMBER(SEARCH("PVC",INVENTARIO!C4)),"PVC", IF(ISNUMBER(SEARCH("PAPEL",INVENTARIO!C4)),"PAP", IF(ISNUMBER(SEARCH("TELA",INVENTARIO!C4)),"TEL", IF(ISNUMBER(SEARCH("CARTULINA",INVENTARIO!C4)),"CAR", IF(OR(ISNUMBER(SEARCH("LAMINA",INVENTARIO!C4)),ISNUMBER(SEARCH("LÁMINA",INVENTARIO!C4)),ISNUMBER(SEARCH("LAMPARAS",INVENTARIO!C4))),"LAM", IF(ISNUMBER(SEARCH("ESTIRENO",INVENTARIO!C4)),"EST", IF(ISNUMBER(SEARCH("FOAMBOARD",INVENTARIO!C4)),"FOA", IF(ISNUMBER(SEARCH("SOLVENTE",INVENTARIO!C4)),"SOL", IF(ISNUMBER(SEARCH("TINTA",INVENTARIO!C4)),"TIN", IF(ISNUMBER(SEARCH("ACRILICO",INVENTARIO!C4)),"ACR", IF(ISNUMBER(SEARCH("MICROLED",INVENTARIO!C4)),"MIC", IF(ISNUMBER(SEARCH("LED",INVENTARIO!C4)),"LED", IF(ISNUMBER(SEARCH("FUENTE DE PODER",INVENTARIO!C4)),"FUE-POD", IF(ISNUMBER(SEARCH("PETG",INVENTARIO!C4)),"PET", IF(ISNUMBER(SEARCH("ALUMINIO",INVENTARIO!C4)),"ALU", IF(ISNUMBER(SEARCH("CANAL",INVENTARIO!C4)),"CAN", IF(ISNUMBER(SEARCH("ESCUADRA",INVENTARIO!C4)),"ESC", IF(ISNUMBER(SEARCH("SOPORTE",INVENTARIO!C4)),"SOP","OTR") )))))))))))))))))))))))))))))) -> LON | B4: =IF(ISNUMBER(SEARCH("CORTE",INVENTARIO!C4)),"COR", IF(ISNUMBER(SEARCH("CITYLIGHT",INVENTARIO!C4)),"CIT", IF(ISNUMBER(SEARCH("LINO",INVENTARIO!C4)),"LIN", IF(ISNUMBER(SEARCH("FABRIANO",INVENTARIO!C4)),"FAB", IF(ISNUMBER(SEARCH("SUNDANCE",INVENTARIO!C4)),"SUN", IF(ISNUMBER(SEARCH("SINTETICA",INVENTARIO!C4)),"SIN", IF(ISNUMBER(SEARCH("CONTROL",INVENTARIO!C4)),"CON", IF(ISNUMBER(SEARCH("TERMICO",INVENTARIO!C4)),"TER", IF(ISNUMBER(SEARCH("C-15",INVENTARIO!C4)),"C15", IF(ISNUMBER(SEARCH("C-20",INVENTARIO!C4)),"C20", IF(ISNUMBER(SEARCH("C-30",INVENTARIO!C4)),"C30", IF(ISNUMBER(SEARCH("C-40",INVENTARIO!C4)),"C40", IF(ISNUMBER(SEARCH("C-60",INVENTARIO!C4)),"C60", IF(ISNUMBER(SEARCH("C-80",INVENTARIO!C4)),"C80", IF(ISNUMBER(SEARCH("EQUIPO",INVENTARIO!C4)),"EQU", IF(ISNUMBER(SEARCH("FLOOR",INVENTARIO!C4)),"FLO", IF(ISNUMBER(SEARCH("CRISTAL",INVENTARIO!C4)),"CRI", IF(ISNUMBER(SEARCH(" SULFATADA",INVENTARIO!C15)),"SUL", IF(ISNUMBER(SEARCH("OPALINA",INVENTARIO!C4)),"OPA", IF(ISNUMBER(SEARCH("ADHERIBLE",INVENTARIO!C4)),"ADH", IF(ISNUMBER(SEARCH("MICRO",INVENTARIO!C4)),"MIC",""))))))))))))))))))))) | C4: =IF(ISNUMBER(SEARCH("PARED",INVENTARIO!C4)),"PAR", IF(ISNUMBER(SEARCH("FRONT",INVENTARIO!C4)),"FRO", IF(ISNUMBER(SEARCH("ALTA RESISTENCIA",INVENTARIO!C4)), "ALT-RES",IF(ISNUMBER(SEARCH("BACKLITE",INVENTARIO!C4)),"BAC", IF(ISNUMBER(SEARCH("MATE",INVENTARIO!C4)),"MAT", IF(ISNUMBER(SEARCH("MESH",INVENTARIO!C4)),"MES", IF(ISNUMBER(SEARCH("BRILLANTE",INVENTARIO!C4)),"BRI", IF(ISNUMBER(SEARCH("DELGADA",INVENTARIO!C4)),"DEL", IF(ISNUMBER(SEARCH("GRUESA",INVENTARIO!C4)),"GRU", IF(ISNUMBER(SEARCH("ESTATICO",INVENTARIO!C4)),"EST", IF(ISNUMBER(SEARCH("REFLECTIVO",INVENTARIO!C4)),"REF", IF(ISNUMBER(SEARCH("LX700",INVENTARIO!C4)),"LX7", IF(ISNUMBER(SEARCH("GRANDO",INVENTARIO!C4)),"GRA", IF(ISNUMBER(SEARCH("FB700",INVENTARIO!C4)),"FB7", IF(ISNUMBER(SEARCH("LX360",INVENTARIO!C4)),"LX3", IF(ISNUMBER(SEARCH("XEROX",INVENTARIO!C4)),"XER", IF(ISNUMBER(SEARCH("CEPILLADO",INVENTARIO!C4)),"CEP", IF(ISNUMBER(SEARCH("ESPEJO",INVENTARIO!C4)),"ESP", IF(ISNUMBER(SEARCH("10 PTS",INVENTARIO!C4)),"10PT", IF(ISNUMBER(SEARCH("12 PTS",INVENTARIO!C4)),"12PT", IF(ISNUMBER(SEARCH("14 PTS",INVENTARIO!C4)),"14PT", IF(ISNUMBER(SEARCH("CLASICO",INVENTARIO!C4)),"CLA", "")))))))))))))))))))))) -> BAC | D4: =IF(ISNUMBER(SEARCH("GRAN FORMATO",INVENTARIO!C4)),"GRA-FOR", IF(ISNUMBER(SEARCH("CAMA PLANA",INVENTARIO!C4)),"CAM-PLA", IF(ISNUMBER(SEARCH("GRADO INGENIERIA",INVENTARIO!C4)),"GRA-ING", IF(ISNUMBER(SEARCH("130 GRS",INVENTARIO!C4)),"130GR", IF(ISNUMBER(SEARCH("150 GRS",INVENTARIO!C4)),"150GR", IF(ISNUMBER(SEARCH("185 GRS",INVENTARIO!C4)),"185GR", IF(ISNUMBER(SEARCH("200 GRS",INVENTARIO!C4)),"200GR", IF(ISNUMBER(SEARCH("250 GRS",INVENTARIO!C4)),"250GR", IF(ISNUMBER(SEARCH("300 GRS",INVENTARIO!C4)),"300GR", IF(ISNUMBER(SEARCH("350 GRS",INVENTARIO!C4)),"350GR", IF(ISNUMBER(SEARCH("18 OZ",INVENTARIO!C4)),"18OZ", IF(ISNUMBER(SEARCH("15 OZ",INVENTARIO!C4)),"15OZ", IF(OR(ISNUMBER(SEARCH("13 OZ",INVENTARIO!C4)),ISNUMBER(SEARCH("13 ONZAS",INVENTARIO!C4))),"13OZ", IF(OR(ISNUMBER(SEARCH("9 OZ",INVENTARIO!C4)),ISNUMBER(SEARCH("9 ONZAS",INVENTARIO!C4))),"09OZ", IF(ISNUMBER(SEARCH("DOBLE CARA",INVENTARIO!C4)),"DOB-CAR", ""))))))))))))))) | E4: =IF(OR(ISNUMBER(SEARCH("TRANSPARENTE",INVENTARIO!C4)),ISNUMBER(SEARCH("TRANSPARENTES",INVENTARIO!C4))),"TRA", IF(OR(ISNUMBER(SEARCH("BLANCO",INVENTARIO!C4)),ISNUMBER(SEARCH("BCO",INVENTARIO!C4))),"BLA", IF(ISNUMBER(SEARCH("FOTOGRAFICO",INVENTARIO!C4)),"FOT", IF(ISNUMBER(SEARCH("MARFIL",INVENTARIO!C4)),"MAR", IF(ISNUMBER(SEARCH("VERDE",INVENTARIO!C4)),"VER", IF(ISNUMBER(SEARCH("MORADO",INVENTARIO!C4)),"MOR", IF(ISNUMBER(SEARCH("PLATA",INVENTARIO!C4)),"PLA", IF(ISNUMBER(SEARCH("ORO",INVENTARIO!C4)),"ORO", IF(ISNUMBER(SEARCH("AMARILLO",INVENTARIO!C4)),"AMA", IF(ISNUMBER(SEARCH("NARANJA",INVENTARIO!C4)),"NAR", IF(ISNUMBER(SEARCH("NEGRO",INVENTARIO!C4)),"NEG", IF(ISNUMBER(SEARCH("ROJO",INVENTARIO!C4)),"ROJ", IF(ISNUMBER(SEARCH("AZUL",INVENTARIO!C4)),"AZU",""))))))))))))) | F4: =IF(ISNUMBER(SEARCH("ARLON",INVENTARIO!C4)),"ARL", IF(ISNUMBER(SEARCH("SUNTHINKS",INVENTARIO!C4)),"SUN", IF(ISNUMBER(SEARCH("FRIO",INVENTARIO!C4)),"FRI", IF(ISNUMBER(SEARCH("CALIDO",INVENTARIO!C4)),"CAL", IF(ISNUMBER(SEARCH("CEPILLADO",INVENTARIO!C4)),"CEP", IF(ISNUMBER(SEARCH("ESPEJO",INVENTARIO!C4)),"ESP", "")))))) | G4: =IF(ISNUMBER(SEARCH("LATEX",INVENTARIO!C4)),"LAT", IF(ISNUMBER(SEARCH("RESP. NEGRO",INVENTARIO!C4)),"RES-NEG", IF(ISNUMBER(SEARCH("RESPALDO CAFE",INVENTARIO!C4)),"RES-CAF", IF(ISNUMBER(SEARCH("RESPALDO GRIS",INVENTARIO!C4)),"RES-GRI", IF(ISNUMBER(SEARCH("OPTICO",INVENTARIO!C4)),"OPT", IF(ISNUMBER(SEARCH("1,2 MM",INVENTARIO!C4)),"1MM2", IF(ISNUMBER(SEARCH("2 MM",INVENTARIO!C4)),"2MM", IF(ISNUMBER(SEARCH("3 MM",INVENTARIO!C4)),"3MM", IF(ISNUMBER(SEARCH("4 MM",INVENTARIO!C4)),"4MM", IF(ISNUMBER(SEARCH("5 MM",INVENTARIO!C4)),"5MM", IF(ISNUMBER(SEARCH("6 MM",INVENTARIO!C4)),"6MM", IF(ISNUMBER(SEARCH("9 MM",INVENTARIO!C4)),"9MM", IF(ISNUMBER(SEARCH("10 MM",INVENTARIO!C4)),"10MM",""))))))))))))) | H4: =IF(ISNUMBER(SEARCH("GAMA BAJA",INVENTARIO!C4)),"GAM-BAJ", IF(ISNUMBER(SEARCH("OPTIMIZADOR",INVENTARIO!C4)),"OPT", IF(ISNUMBER(SEARCH("OVERCOAT",INVENTARIO!C4)),"OVE", IF(ISNUMBER(SEARCH("WHITE",INVENTARIO!C4)),"WHI", IF(ISNUMBER(SEARCH("LIGHT CYAN",INVENTARIO!C4)),"LIG-CYA", IF(ISNUMBER(SEARCH("CYAN",INVENTARIO!C4)),"CYA", IF(ISNUMBER(SEARCH("LIGHT MAGENTA",INVENTARIO!C4)),"LIG-MAG", IF(ISNUMBER(SEARCH("MAGENTA",INVENTARIO!C4)),"MAG", IF(ISNUMBER(SEARCH("BLACK",INVENTARIO!C4)),"BLA", IF(ISNUMBER(SEARCH("YELLOW",INVENTARIO!C4)),"YEL", IF(ISNUMBER(SEARCH("2 DIODOS",INVENTARIO!C4)),"2DI", IF(ISNUMBER(SEARCH("3 DIODOS",INVENTARIO!C4)),"3DI", IF(OR(ISNUMBER(SEARCH("TRASLUCIDO",INVENTARIO!C4)),ISNUMBER(SEARCH("TRANSLUCIDO",INVENTARIO!C4))),"TRA", ""))))))))))))) | I4: =IF(ISNUMBER(SEARCH("SILED",INVENTARIO!C4)),"SI", IF(ISNUMBER(SEARCH("SYDEMEX",INVENTARIO!C4)),"SY", IF(ISNUMBER(SEARCH("ROHS",INVENTARIO!C4)),"RO", IF(ISNUMBER(SEARCH("RISHANG",INVENTARIO!C4)),"RS", IF(ISNUMBER(SEARCH("VYG",INVENTARIO!C4)),"VYG", IF(ISNUMBER(SEARCH("COLED",INVENTARIO!C4)),"CO",""))))))
A5: =IF(ISNUMBER(SEARCH("LONA",INVENTARIO!C5)),"LON", IF(ISNUMBER(SEARCH("VINIL",INVENTARIO!C5)),"VIN", IF(ISNUMBER(SEARCH("KROMACOTE",INVENTARIO!C5)),"KRO", IF(ISNUMBER(SEARCH("STARDREAM",INVENTARIO!C5)),"STA", IF(ISNUMBER(SEARCH("DISPLAY",INVENTARIO!C5)),"DIS", IF(ISNUMBER(SEARCH("ROLL UP",INVENTARIO!C5)),"ROL-UP", IF(ISNUMBER(SEARCH("TRANSFER DE PAPEL",INVENTARIO!C5)),"TRA-PAP", IF(ISNUMBER(SEARCH("TRANSFER",INVENTARIO!C5)),"TRA",IF(ISNUMBER(SEARCH("KOLA LOKA",INVENTARIO!C5)),"KOL-LOK", IF(ISNUMBER(SEARCH("PETG",INVENTARIO!C5)),"PET", IF(ISNUMBER(SEARCH("OJILLO",INVENTARIO!C5)),"OJI", IF(ISNUMBER(SEARCH("COUCHE",INVENTARIO!C5)),"COU", IF(ISNUMBER(SEARCH("PANEL DE ALUMINIO",INVENTARIO!C5)),"PAN-ALU", IF(ISNUMBER(SEARCH("PVC",INVENTARIO!C5)),"PVC", IF(ISNUMBER(SEARCH("PAPEL",INVENTARIO!C5)),"PAP", IF(ISNUMBER(SEARCH("TELA",INVENTARIO!C5)),"TEL", IF(ISNUMBER(SEARCH("CARTULINA",INVENTARIO!C5)),"CAR", IF(OR(ISNUMBER(SEARCH("LAMINA",INVENTARIO!C5)),ISNUMBER(SEARCH("LÁMINA",INVENTARIO!C5)),ISNUMBER(SEARCH("LAMPARAS",INVENTARIO!C5))),"LAM", IF(ISNUMBER(SEARCH("ESTIRENO",INVENTARIO!C5)),"EST", IF(ISNUMBER(SEARCH("FOAMBOARD",INVENTARIO!C5)),"FOA", IF(ISNUMBER(SEARCH("SOLVENTE",INVENTARIO!C5)),"SOL", IF(ISNUMBER(SEARCH("TINTA",INVENTARIO!C5)),"TIN", IF(ISNUMBER(SEARCH("ACRILICO",INVENTARIO!C5)),"ACR", IF(ISNUMBER(SEARCH("MICROLED",INVENTARIO!C5)),"MIC", IF(ISNUMBER(SEARCH("LED",INVENTARIO!C5)),"LED", IF(ISNUMBER(SEARCH("FUENTE DE PODER",INVENTARIO!C5)),"FUE-POD", IF(ISNUMBER(SEARCH("PETG",INVENTARIO!C5)),"PET", IF(ISNUMBER(SEARCH("ALUMINIO",INVENTARIO!C5)),"ALU", IF(ISNUMBER(SEARCH("CANAL",INVENTARIO!C5)),"CAN", IF(ISNUMBER(SEARCH("ESCUADRA",INVENTARIO!C5)),"ESC", IF(ISNUMBER(SEARCH("SOPORTE",INVENTARIO!C5)),"SOP","OTR") )))))))))))))))))))))))))))))) -> LON | B5: =IF(ISNUMBER(SEARCH("CORTE",INVENTARIO!C5)),"COR", IF(ISNUMBER(SEARCH("CITYLIGHT",INVENTARIO!C5)),"CIT", IF(ISNUMBER(SEARCH("LINO",INVENTARIO!C5)),"LIN", IF(ISNUMBER(SEARCH("FABRIANO",INVENTARIO!C5)),"FAB", IF(ISNUMBER(SEARCH("SUNDANCE",INVENTARIO!C5)),"SUN", IF(ISNUMBER(SEARCH("SINTETICA",INVENTARIO!C5)),"SIN", IF(ISNUMBER(SEARCH("CONTROL",INVENTARIO!C5)),"CON", IF(ISNUMBER(SEARCH("TERMICO",INVENTARIO!C5)),"TER", IF(ISNUMBER(SEARCH("C-15",INVENTARIO!C5)),"C15", IF(ISNUMBER(SEARCH("C-20",INVENTARIO!C5)),"C20", IF(ISNUMBER(SEARCH("C-30",INVENTARIO!C5)),"C30", IF(ISNUMBER(SEARCH("C-40",INVENTARIO!C5)),"C40", IF(ISNUMBER(SEARCH("C-60",INVENTARIO!C5)),"C60", IF(ISNUMBER(SEARCH("C-80",INVENTARIO!C5)),"C80", IF(ISNUMBER(SEARCH("EQUIPO",INVENTARIO!C5)),"EQU", IF(ISNUMBER(SEARCH("FLOOR",INVENTARIO!C5)),"FLO", IF(ISNUMBER(SEARCH("CRISTAL",INVENTARIO!C5)),"CRI", IF(ISNUMBER(SEARCH(" SULFATADA",INVENTARIO!C16)),"SUL", IF(ISNUMBER(SEARCH("OPALINA",INVENTARIO!C5)),"OPA", IF(ISNUMBER(SEARCH("ADHERIBLE",INVENTARIO!C5)),"ADH", IF(ISNUMBER(SEARCH("MICRO",INVENTARIO!C5)),"MIC",""))))))))))))))))))))) | C5: =IF(ISNUMBER(SEARCH("PARED",INVENTARIO!C5)),"PAR", IF(ISNUMBER(SEARCH("FRONT",INVENTARIO!C5)),"FRO", IF(ISNUMBER(SEARCH("ALTA RESISTENCIA",INVENTARIO!C5)), "ALT-RES",IF(ISNUMBER(SEARCH("BACKLITE",INVENTARIO!C5)),"BAC", IF(ISNUMBER(SEARCH("MATE",INVENTARIO!C5)),"MAT", IF(ISNUMBER(SEARCH("MESH",INVENTARIO!C5)),"MES", IF(ISNUMBER(SEARCH("BRILLANTE",INVENTARIO!C5)),"BRI", IF(ISNUMBER(SEARCH("DELGADA",INVENTARIO!C5)),"DEL", IF(ISNUMBER(SEARCH("GRUESA",INVENTARIO!C5)),"GRU", IF(ISNUMBER(SEARCH("ESTATICO",INVENTARIO!C5)),"EST", IF(ISNUMBER(SEARCH("REFLECTIVO",INVENTARIO!C5)),"REF", IF(ISNUMBER(SEARCH("LX700",INVENTARIO!C5)),"LX7", IF(ISNUMBER(SEARCH("GRANDO",INVENTARIO!C5)),"GRA", IF(ISNUMBER(SEARCH("FB700",INVENTARIO!C5)),"FB7", IF(ISNUMBER(SEARCH("LX360",INVENTARIO!C5)),"LX3", IF(ISNUMBER(SEARCH("XEROX",INVENTARIO!C5)),"XER", IF(ISNUMBER(SEARCH("CEPILLADO",INVENTARIO!C5)),"CEP", IF(ISNUMBER(SEARCH("ESPEJO",INVENTARIO!C5)),"ESP", IF(ISNUMBER(SEARCH("10 PTS",INVENTARIO!C5)),"10PT", IF(ISNUMBER(SEARCH("12 PTS",INVENTARIO!C5)),"12PT", IF(ISNUMBER(SEARCH("14 PTS",INVENTARIO!C5)),"14PT", IF(ISNUMBER(SEARCH("CLASICO",INVENTARIO!C5)),"CLA", "")))))))))))))))))))))) -> BAC | D5: =IF(ISNUMBER(SEARCH("GRAN FORMATO",INVENTARIO!C5)),"GRA-FOR", IF(ISNUMBER(SEARCH("CAMA PLANA",INVENTARIO!C5)),"CAM-PLA", IF(ISNUMBER(SEARCH("GRADO INGENIERIA",INVENTARIO!C5)),"GRA-ING", IF(ISNUMBER(SEARCH("130 GRS",INVENTARIO!C5)),"130GR", IF(ISNUMBER(SEARCH("150 GRS",INVENTARIO!C5)),"150GR", IF(ISNUMBER(SEARCH("185 GRS",INVENTARIO!C5)),"185GR", IF(ISNUMBER(SEARCH("200 GRS",INVENTARIO!C5)),"200GR", IF(ISNUMBER(SEARCH("250 GRS",INVENTARIO!C5)),"250GR", IF(ISNUMBER(SEARCH("300 GRS",INVENTARIO!C5)),"300GR", IF(ISNUMBER(SEARCH("350 GRS",INVENTARIO!C5)),"350GR", IF(ISNUMBER(SEARCH("18 OZ",INVENTARIO!C5)),"18OZ", IF(ISNUMBER(SEARCH("15 OZ",INVENTARIO!C5)),"15OZ", IF(OR(ISNUMBER(SEARCH("13 OZ",INVENTARIO!C5)),ISNUMBER(SEARCH("13 ONZAS",INVENTARIO!C5))),"13OZ", IF(OR(ISNUMBER(SEARCH("9 OZ",INVENTARIO!C5)),ISNUMBER(SEARCH("9 ONZAS",INVENTARIO!C5))),"09OZ", IF(ISNUMBER(SEARCH("DOBLE CARA",INVENTARIO!C5)),"DOB-CAR", ""))))))))))))))) | E5: =IF(OR(ISNUMBER(SEARCH("TRANSPARENTE",INVENTARIO!C5)),ISNUMBER(SEARCH("TRANSPARENTES",INVENTARIO!C5))),"TRA", IF(OR(ISNUMBER(SEARCH("BLANCO",INVENTARIO!C5)),ISNUMBER(SEARCH("BCO",INVENTARIO!C5))),"BLA", IF(ISNUMBER(SEARCH("FOTOGRAFICO",INVENTARIO!C5)),"FOT", IF(ISNUMBER(SEARCH("MARFIL",INVENTARIO!C5)),"MAR", IF(ISNUMBER(SEARCH("VERDE",INVENTARIO!C5)),"VER", IF(ISNUMBER(SEARCH("MORADO",INVENTARIO!C5)),"MOR", IF(ISNUMBER(SEARCH("PLATA",INVENTARIO!C5)),"PLA", IF(ISNUMBER(SEARCH("ORO",INVENTARIO!C5)),"ORO", IF(ISNUMBER(SEARCH("AMARILLO",INVENTARIO!C5)),"AMA", IF(ISNUMBER(SEARCH("NARANJA",INVENTARIO!C5)),"NAR", IF(ISNUMBER(SEARCH("NEGRO",INVENTARIO!C5)),"NEG", IF(ISNUMBER(SEARCH("ROJO",INVENTARIO!C5)),"ROJ", IF(ISNUMBER(SEARCH("AZUL",INVENTARIO!C5)),"AZU",""))))))))))))) | F5: =IF(ISNUMBER(SEARCH("ARLON",INVENTARIO!C5)),"ARL", IF(ISNUMBER(SEARCH("SUNTHINKS",INVENTARIO!C5)),"SUN", IF(ISNUMBER(SEARCH("FRIO",INVENTARIO!C5)),"FRI", IF(ISNUMBER(SEARCH("CALIDO",INVENTARIO!C5)),"CAL", IF(ISNUMBER(SEARCH("CEPILLADO",INVENTARIO!C5)),"CEP", IF(ISNUMBER(SEARCH("ESPEJO",INVENTARIO!C5)),"ESP", "")))))) | G5: =IF(ISNUMBER(SEARCH("LATEX",INVENTARIO!C5)),"LAT", IF(ISNUMBER(SEARCH("RESP. NEGRO",INVENTARIO!C5)),"RES-NEG", IF(ISNUMBER(SEARCH("RESPALDO CAFE",INVENTARIO!C5)),"RES-CAF", IF(ISNUMBER(SEARCH("RESPALDO GRIS",INVENTARIO!C5)),"RES-GRI", IF(ISNUMBER(SEARCH("OPTICO",INVENTARIO!C5)),"OPT", IF(ISNUMBER(SEARCH("1,2 MM",INVENTARIO!C5)),"1MM2", IF(ISNUMBER(SEARCH("2 MM",INVENTARIO!C5)),"2MM", IF(ISNUMBER(SEARCH("3 MM",INVENTARIO!C5)),"3MM", IF(ISNUMBER(SEARCH("4 MM",INVENTARIO!C5)),"4MM", IF(ISNUMBER(SEARCH("5 MM",INVENTARIO!C5)),"5MM", IF(ISNUMBER(SEARCH("6 MM",INVENTARIO!C5)),"6MM", IF(ISNUMBER(SEARCH("9 MM",INVENTARIO!C5)),"9MM", IF(ISNUMBER(SEARCH("10 MM",INVENTARIO!C5)),"10MM",""))))))))))))) | H5: =IF(ISNUMBER(SEARCH("GAMA BAJA",INVENTARIO!C5)),"GAM-BAJ", IF(ISNUMBER(SEARCH("OPTIMIZADOR",INVENTARIO!C5)),"OPT", IF(ISNUMBER(SEARCH("OVERCOAT",INVENTARIO!C5)),"OVE", IF(ISNUMBER(SEARCH("WHITE",INVENTARIO!C5)),"WHI", IF(ISNUMBER(SEARCH("LIGHT CYAN",INVENTARIO!C5)),"LIG-CYA", IF(ISNUMBER(SEARCH("CYAN",INVENTARIO!C5)),"CYA", IF(ISNUMBER(SEARCH("LIGHT MAGENTA",INVENTARIO!C5)),"LIG-MAG", IF(ISNUMBER(SEARCH("MAGENTA",INVENTARIO!C5)),"MAG", IF(ISNUMBER(SEARCH("BLACK",INVENTARIO!C5)),"BLA", IF(ISNUMBER(SEARCH("YELLOW",INVENTARIO!C5)),"YEL", IF(ISNUMBER(SEARCH("2 DIODOS",INVENTARIO!C5)),"2DI", IF(ISNUMBER(SEARCH("3 DIODOS",INVENTARIO!C5)),"3DI", IF(OR(ISNUMBER(SEARCH("TRASLUCIDO",INVENTARIO!C5)),ISNUMBER(SEARCH("TRANSLUCIDO",INVENTARIO!C5))),"TRA", ""))))))))))))) | I5: =IF(ISNUMBER(SEARCH("SILED",INVENTARIO!C5)),"SI", IF(ISNUMBER(SEARCH("SYDEMEX",INVENTARIO!C5)),"SY", IF(ISNUMBER(SEARCH("ROHS",INVENTARIO!C5)),"RO", IF(ISNUMBER(SEARCH("RISHANG",INVENTARIO!C5)),"RS", IF(ISNUMBER(SEARCH("VYG",INVENTARIO!C5)),"VYG", IF(ISNUMBER(SEARCH("COLED",INVENTARIO!C5)),"CO",""))))))
A6: =IF(ISNUMBER(SEARCH("LONA",INVENTARIO!C6)),"LON", IF(ISNUMBER(SEARCH("VINIL",INVENTARIO!C6)),"VIN", IF(ISNUMBER(SEARCH("KROMACOTE",INVENTARIO!C6)),"KRO", IF(ISNUMBER(SEARCH("STARDREAM",INVENTARIO!C6)),"STA", IF(ISNUMBER(SEARCH("DISPLAY",INVENTARIO!C6)),"DIS", IF(ISNUMBER(SEARCH("ROLL UP",INVENTARIO!C6)),"ROL-UP", IF(ISNUMBER(SEARCH("TRANSFER DE PAPEL",INVENTARIO!C6)),"TRA-PAP", IF(ISNUMBER(SEARCH("TRANSFER",INVENTARIO!C6)),"TRA",IF(ISNUMBER(SEARCH("KOLA LOKA",INVENTARIO!C6)),"KOL-LOK", IF(ISNUMBER(SEARCH("PETG",INVENTARIO!C6)),"PET", IF(ISNUMBER(SEARCH("OJILLO",INVENTARIO!C6)),"OJI", IF(ISNUMBER(SEARCH("COUCHE",INVENTARIO!C6)),"COU", IF(ISNUMBER(SEARCH("PANEL DE ALUMINIO",INVENTARIO!C6)),"PAN-ALU", IF(ISNUMBER(SEARCH("PVC",INVENTARIO!C6)),"PVC", IF(ISNUMBER(SEARCH("PAPEL",INVENTARIO!C6)),"PAP", IF(ISNUMBER(SEARCH("TELA",INVENTARIO!C6)),"TEL", IF(ISNUMBER(SEARCH("CARTULINA",INVENTARIO!C6)),"CAR", IF(OR(ISNUMBER(SEARCH("LAMINA",INVENTARIO!C6)),ISNUMBER(SEARCH("LÁMINA",INVENTARIO!C6)),ISNUMBER(SEARCH("LAMPARAS",INVENTARIO!C6))),"LAM", IF(ISNUMBER(SEARCH("ESTIRENO",INVENTARIO!C6)),"EST", IF(ISNUMBER(SEARCH("FOAMBOARD",INVENTARIO!C6)),"FOA", IF(ISNUMBER(SEARCH("SOLVENTE",INVENTARIO!C6)),"SOL", IF(ISNUMBER(SEARCH("TINTA",INVENTARIO!C6)),"TIN", IF(ISNUMBER(SEARCH("ACRILICO",INVENTARIO!C6)),"ACR", IF(ISNUMBER(SEARCH("MICROLED",INVENTARIO!C6)),"MIC", IF(ISNUMBER(SEARCH("LED",INVENTARIO!C6)),"LED", IF(ISNUMBER(SEARCH("FUENTE DE PODER",INVENTARIO!C6)),"FUE-POD", IF(ISNUMBER(SEARCH("PETG",INVENTARIO!C6)),"PET", IF(ISNUMBER(SEARCH("ALUMINIO",INVENTARIO!C6)),"ALU", IF(ISNUMBER(SEARCH("CANAL",INVENTARIO!C6)),"CAN", IF(ISNUMBER(SEARCH("ESCUADRA",INVENTARIO!C6)),"ESC", IF(ISNUMBER(SEARCH("SOPORTE",INVENTARIO!C6)),"SOP","OTR") )))))))))))))))))))))))))))))) -> LON | B6: =IF(ISNUMBER(SEARCH("CORTE",INVENTARIO!C6)),"COR", IF(ISNUMBER(SEARCH("CITYLIGHT",INVENTARIO!C6)),"CIT", IF(ISNUMBER(SEARCH("LINO",INVENTARIO!C6)),"LIN", IF(ISNUMBER(SEARCH("FABRIANO",INVENTARIO!C6)),"FAB", IF(ISNUMBER(SEARCH("SUNDANCE",INVENTARIO!C6)),"SUN", IF(ISNUMBER(SEARCH("SINTETICA",INVENTARIO!C6)),"SIN", IF(ISNUMBER(SEARCH("CONTROL",INVENTARIO!C6)),"CON", IF(ISNUMBER(SEARCH("TERMICO",INVENTARIO!C6)),"TER", IF(ISNUMBER(SEARCH("C-15",INVENTARIO!C6)),"C15", IF(ISNUMBER(SEARCH("C-20",INVENTARIO!C6)),"C20", IF(ISNUMBER(SEARCH("C-30",INVENTARIO!C6)),"C30", IF(ISNUMBER(SEARCH("C-40",INVENTARIO!C6)),"C40", IF(ISNUMBER(SEARCH("C-60",INVENTARIO!C6)),"C60", IF(ISNUMBER(SEARCH("C-80",INVENTARIO!C6)),"C80", IF(ISNUMBER(SEARCH("EQUIPO",INVENTARIO!C6)),"EQU", IF(ISNUMBER(SEARCH("FLOOR",INVENTARIO!C6)),"FLO", IF(ISNUMBER(SEARCH("CRISTAL",INVENTARIO!C6)),"CRI", IF(ISNUMBER(SEARCH(" SULFATADA",INVENTARIO!C17)),"SUL", IF(ISNUMBER(SEARCH("OPALINA",INVENTARIO!C6)),"OPA", IF(ISNUMBER(SEARCH("ADHERIBLE",INVENTARIO!C6)),"ADH", IF(ISNUMBER(SEARCH("MICRO",INVENTARIO!C6)),"MIC",""))))))))))))))))))))) | C6: =IF(ISNUMBER(SEARCH("PARED",INVENTARIO!C6)),"PAR", IF(ISNUMBER(SEARCH("FRONT",INVENTARIO!C6)),"FRO", IF(ISNUMBER(SEARCH("ALTA RESISTENCIA",INVENTARIO!C6)), "ALT-RES",IF(ISNUMBER(SEARCH("BACKLITE",INVENTARIO!C6)),"BAC", IF(ISNUMBER(SEARCH("MATE",INVENTARIO!C6)),"MAT", IF(ISNUMBER(SEARCH("MESH",INVENTARIO!C6)),"MES", IF(ISNUMBER(SEARCH("BRILLANTE",INVENTARIO!C6)),"BRI", IF(ISNUMBER(SEARCH("DELGADA",INVENTARIO!C6)),"DEL", IF(ISNUMBER(SEARCH("GRUESA",INVENTARIO!C6)),"GRU", IF(ISNUMBER(SEARCH("ESTATICO",INVENTARIO!C6)),"EST", IF(ISNUMBER(SEARCH("REFLECTIVO",INVENTARIO!C6)),"REF", IF(ISNUMBER(SEARCH("LX700",INVENTARIO!C6)),"LX7", IF(ISNUMBER(SEARCH("GRANDO",INVENTARIO!C6)),"GRA", IF(ISNUMBER(SEARCH("FB700",INVENTARIO!C6)),"FB7", IF(ISNUMBER(SEARCH("LX360",INVENTARIO!C6)),"LX3", IF(ISNUMBER(SEARCH("XEROX",INVENTARIO!C6)),"XER", IF(ISNUMBER(SEARCH("CEPILLADO",INVENTARIO!C6)),"CEP", IF(ISNUMBER(SEARCH("ESPEJO",INVENTARIO!C6)),"ESP", IF(ISNUMBER(SEARCH("10 PTS",INVENTARIO!C6)),"10PT", IF(ISNUMBER(SEARCH("12 PTS",INVENTARIO!C6)),"12PT", IF(ISNUMBER(SEARCH("14 PTS",INVENTARIO!C6)),"14PT", IF(ISNUMBER(SEARCH("CLASICO",INVENTARIO!C6)),"CLA", "")))))))))))))))))))))) -> FRO | D6: =IF(ISNUMBER(SEARCH("GRAN FORMATO",INVENTARIO!C6)),"GRA-FOR", IF(ISNUMBER(SEARCH("CAMA PLANA",INVENTARIO!C6)),"CAM-PLA", IF(ISNUMBER(SEARCH("GRADO INGENIERIA",INVENTARIO!C6)),"GRA-ING", IF(ISNUMBER(SEARCH("130 GRS",INVENTARIO!C6)),"130GR", IF(ISNUMBER(SEARCH("150 GRS",INVENTARIO!C6)),"150GR", IF(ISNUMBER(SEARCH("185 GRS",INVENTARIO!C6)),"185GR", IF(ISNUMBER(SEARCH("200 GRS",INVENTARIO!C6)),"200GR", IF(ISNUMBER(SEARCH("250 GRS",INVENTARIO!C6)),"250GR", IF(ISNUMBER(SEARCH("300 GRS",INVENTARIO!C6)),"300GR", IF(ISNUMBER(SEARCH("350 GRS",INVENTARIO!C6)),"350GR", IF(ISNUMBER(SEARCH("18 OZ",INVENTARIO!C6)),"18OZ", IF(ISNUMBER(SEARCH("15 OZ",INVENTARIO!C6)),"15OZ", IF(OR(ISNUMBER(SEARCH("13 OZ",INVENTARIO!C6)),ISNUMBER(SEARCH("13 ONZAS",INVENTARIO!C6))),"13OZ", IF(OR(ISNUMBER(SEARCH("9 OZ",INVENTARIO!C6)),ISNUMBER(SEARCH("9 ONZAS",INVENTARIO!C6))),"09OZ", IF(ISNUMBER(SEARCH("DOBLE CARA",INVENTARIO!C6)),"DOB-CAR", ""))))))))))))))) -> 13OZ | E6: =IF(OR(ISNUMBER(SEARCH("TRANSPARENTE",INVENTARIO!C6)),ISNUMBER(SEARCH("TRANSPARENTES",INVENTARIO!C6))),"TRA", IF(OR(ISNUMBER(SEARCH("BLANCO",INVENTARIO!C6)),ISNUMBER(SEARCH("BCO",INVENTARIO!C6))),"BLA", IF(ISNUMBER(SEARCH("FOTOGRAFICO",INVENTARIO!C6)),"FOT", IF(ISNUMBER(SEARCH("MARFIL",INVENTARIO!C6)),"MAR", IF(ISNUMBER(SEARCH("VERDE",INVENTARIO!C6)),"VER", IF(ISNUMBER(SEARCH("MORADO",INVENTARIO!C6)),"MOR", IF(ISNUMBER(SEARCH("PLATA",INVENTARIO!C6)),"PLA", IF(ISNUMBER(SEARCH("ORO",INVENTARIO!C6)),"ORO", IF(ISNUMBER(SEARCH("AMARILLO",INVENTARIO!C6)),"AMA", IF(ISNUMBER(SEARCH("NARANJA",INVENTARIO!C6)),"NAR", IF(ISNUMBER(SEARCH("NEGRO",INVENTARIO!C6)),"NEG", IF(ISNUMBER(SEARCH("ROJO",INVENTARIO!C6)),"ROJ", IF(ISNUMBER(SEARCH("AZUL",INVENTARIO!C6)),"AZU",""))))))))))))) | F6: =IF(ISNUMBER(SEARCH("ARLON",INVENTARIO!C6)),"ARL", IF(ISNUMBER(SEARCH("SUNTHINKS",INVENTARIO!C6)),"SUN", IF(ISNUMBER(SEARCH("FRIO",INVENTARIO!C6)),"FRI", IF(ISNUMBER(SEARCH("CALIDO",INVENTARIO!C6)),"CAL", IF(ISNUMBER(SEARCH("CEPILLADO",INVENTARIO!C6)),"CEP", IF(ISNUMBER(SEARCH("ESPEJO",INVENTARIO!C6)),"ESP", "")))))) | G6: =IF(ISNUMBER(SEARCH("LATEX",INVENTARIO!C6)),"LAT", IF(ISNUMBER(SEARCH("RESP. NEGRO",INVENTARIO!C6)),"RES-NEG", IF(ISNUMBER(SEARCH("RESPALDO CAFE",INVENTARIO!C6)),"RES-CAF", IF(ISNUMBER(SEARCH("RESPALDO GRIS",INVENTARIO!C6)),"RES-GRI", IF(ISNUMBER(SEARCH("OPTICO",INVENTARIO!C6)),"OPT", IF(ISNUMBER(SEARCH("1,2 MM",INVENTARIO!C6)),"1MM2", IF(ISNUMBER(SEARCH("2 MM",INVENTARIO!C6)),"2MM", IF(ISNUMBER(SEARCH("3 MM",INVENTARIO!C6)),"3MM", IF(ISNUMBER(SEARCH("4 MM",INVENTARIO!C6)),"4MM", IF(ISNUMBER(SEARCH("5 MM",INVENTARIO!C6)),"5MM", IF(ISNUMBER(SEARCH("6 MM",INVENTARIO!C6)),"6MM", IF(ISNUMBER(SEARCH("9 MM",INVENTARIO!C6)),"9MM", IF(ISNUMBER(SEARCH("10 MM",INVENTARIO!C6)),"10MM",""))))))))))))) | H6: =IF(ISNUMBER(SEARCH("GAMA BAJA",INVENTARIO!C6)),"GAM-BAJ", IF(ISNUMBER(SEARCH("OPTIMIZADOR",INVENTARIO!C6)),"OPT", IF(ISNUMBER(SEARCH("OVERCOAT",INVENTARIO!C6)),"OVE", IF(ISNUMBER(SEARCH("WHITE",INVENTARIO!C6)),"WHI", IF(ISNUMBER(SEARCH("LIGHT CYAN",INVENTARIO!C6)),"LIG-CYA", IF(ISNUMBER(SEARCH("CYAN",INVENTARIO!C6)),"CYA", IF(ISNUMBER(SEARCH("LIGHT MAGENTA",INVENTARIO!C6)),"LIG-MAG", IF(ISNUMBER(SEARCH("MAGENTA",INVENTARIO!C6)),"MAG", IF(ISNUMBER(SEARCH("BLACK",INVENTARIO!C6)),"BLA", IF(ISNUMBER(SEARCH("YELLOW",INVENTARIO!C6)),"YEL", IF(ISNUMBER(SEARCH("2 DIODOS",INVENTARIO!C6)),"2DI", IF(ISNUMBER(SEARCH("3 DIODOS",INVENTARIO!C6)),"3DI", IF(OR(ISNUMBER(SEARCH("TRASLUCIDO",INVENTARIO!C6)),ISNUMBER(SEARCH("TRANSLUCIDO",INVENTARIO!C6))),"TRA", ""))))))))))))) | I6: =IF(ISNUMBER(SEARCH("SILED",INVENTARIO!C6)),"SI", IF(ISNUMBER(SEARCH("SYDEMEX",INVENTARIO!C6)),"SY", IF(ISNUMBER(SEARCH("ROHS",INVENTARIO!C6)),"RO", IF(ISNUMBER(SEARCH("RISHANG",INVENTARIO!C6)),"RS", IF(ISNUMBER(SEARCH("VYG",INVENTARIO!C6)),"VYG", IF(ISNUMBER(SEARCH("COLED",INVENTARIO!C6)),"CO",""))))))
A7: =IF(ISNUMBER(SEARCH("LONA",INVENTARIO!C7)),"LON", IF(ISNUMBER(SEARCH("VINIL",INVENTARIO!C7)),"VIN", IF(ISNUMBER(SEARCH("KROMACOTE",INVENTARIO!C7)),"KRO", IF(ISNUMBER(SEARCH("STARDREAM",INVENTARIO!C7)),"STA", IF(ISNUMBER(SEARCH("DISPLAY",INVENTARIO!C7)),"DIS", IF(ISNUMBER(SEARCH("ROLL UP",INVENTARIO!C7)),"ROL-UP", IF(ISNUMBER(SEARCH("TRANSFER DE PAPEL",INVENTARIO!C7)),"TRA-PAP", IF(ISNUMBER(SEARCH("TRANSFER",INVENTARIO!C7)),"TRA",IF(ISNUMBER(SEARCH("KOLA LOKA",INVENTARIO!C7)),"KOL-LOK", IF(ISNUMBER(SEARCH("PETG",INVENTARIO!C7)),"PET", IF(ISNUMBER(SEARCH("OJILLO",INVENTARIO!C7)),"OJI", IF(ISNUMBER(SEARCH("COUCHE",INVENTARIO!C7)),"COU", IF(ISNUMBER(SEARCH("PANEL DE ALUMINIO",INVENTARIO!C7)),"PAN-ALU", IF(ISNUMBER(SEARCH("PVC",INVENTARIO!C7)),"PVC", IF(ISNUMBER(SEARCH("PAPEL",INVENTARIO!C7)),"PAP", IF(ISNUMBER(SEARCH("TELA",INVENTARIO!C7)),"TEL", IF(ISNUMBER(SEARCH("CARTULINA",INVENTARIO!C7)),"CAR", IF(OR(ISNUMBER(SEARCH("LAMINA",INVENTARIO!C7)),ISNUMBER(SEARCH("LÁMINA",INVENTARIO!C7)),ISNUMBER(SEARCH("LAMPARAS",INVENTARIO!C7))),"LAM", IF(ISNUMBER(SEARCH("ESTIRENO",INVENTARIO!C7)),"EST", IF(ISNUMBER(SEARCH("FOAMBOARD",INVENTARIO!C7)),"FOA", IF(ISNUMBER(SEARCH("SOLVENTE",INVENTARIO!C7)),"SOL", IF(ISNUMBER(SEARCH("TINTA",INVENTARIO!C7)),"TIN", IF(ISNUMBER(SEARCH("ACRILICO",INVENTARIO!C7)),"ACR", IF(ISNUMBER(SEARCH("MICROLED",INVENTARIO!C7)),"MIC", IF(ISNUMBER(SEARCH("LED",INVENTARIO!C7)),"LED", IF(ISNUMBER(SEARCH("FUENTE DE PODER",INVENTARIO!C7)),"FUE-POD", IF(ISNUMBER(SEARCH("PETG",INVENTARIO!C7)),"PET", IF(ISNUMBER(SEARCH("ALUMINIO",INVENTARIO!C7)),"ALU", IF(ISNUMBER(SEARCH("CANAL",INVENTARIO!C7)),"CAN", IF(ISNUMBER(SEARCH("ESCUADRA",INVENTARIO!C7)),"ESC", IF(ISNUMBER(SEARCH("SOPORTE",INVENTARIO!C7)),"SOP","OTR") )))))))))))))))))))))))))))))) -> LON | B7: =IF(ISNUMBER(SEARCH("CORTE",INVENTARIO!C7)),"COR", IF(ISNUMBER(SEARCH("CITYLIGHT",INVENTARIO!C7)),"CIT", IF(ISNUMBER(SEARCH("LINO",INVENTARIO!C7)),"LIN", IF(ISNUMBER(SEARCH("FABRIANO",INVENTARIO!C7)),"FAB", IF(ISNUMBER(SEARCH("SUNDANCE",INVENTARIO!C7)),"SUN", IF(ISNUMBER(SEARCH("SINTETICA",INVENTARIO!C7)),"SIN", IF(ISNUMBER(SEARCH("CONTROL",INVENTARIO!C7)),"CON", IF(ISNUMBER(SEARCH("TERMICO",INVENTARIO!C7)),"TER", IF(ISNUMBER(SEARCH("C-15",INVENTARIO!C7)),"C15", IF(ISNUMBER(SEARCH("C-20",INVENTARIO!C7)),"C20", IF(ISNUMBER(SEARCH("C-30",INVENTARIO!C7)),"C30", IF(ISNUMBER(SEARCH("C-40",INVENTARIO!C7)),"C40", IF(ISNUMBER(SEARCH("C-60",INVENTARIO!C7)),"C60", IF(ISNUMBER(SEARCH("C-80",INVENTARIO!C7)),"C80", IF(ISNUMBER(SEARCH("EQUIPO",INVENTARIO!C7)),"EQU", IF(ISNUMBER(SEARCH("FLOOR",INVENTARIO!C7)),"FLO", IF(ISNUMBER(SEARCH("CRISTAL",INVENTARIO!C7)),"CRI", IF(ISNUMBER(SEARCH(" SULFATADA",INVENTARIO!C18)),"SUL", IF(ISNUMBER(SEARCH("OPALINA",INVENTARIO!C7)),"OPA", IF(ISNUMBER(SEARCH("ADHERIBLE",INVENTARIO!C7)),"ADH", IF(ISNUMBER(SEARCH("MICRO",INVENTARIO!C7)),"MIC",""))))))))))))))))))))) | C7: =IF(ISNUMBER(SEARCH("PARED",INVENTARIO!C7)),"PAR", IF(ISNUMBER(SEARCH("FRONT",INVENTARIO!C7)),"FRO", IF(ISNUMBER(SEARCH("ALTA RESISTENCIA",INVENTARIO!C7)), "ALT-RES",IF(ISNUMBER(SEARCH("BACKLITE",INVENTARIO!C7)),"BAC", IF(ISNUMBER(SEARCH("MATE",INVENTARIO!C7)),"MAT", IF(ISNUMBER(SEARCH("MESH",INVENTARIO!C7)),"MES", IF(ISNUMBER(SEARCH("BRILLANTE",INVENTARIO!C7)),"BRI", IF(ISNUMBER(SEARCH("DELGADA",INVENTARIO!C7)),"DEL", IF(ISNUMBER(SEARCH("GRUESA",INVENTARIO!C7)),"GRU", IF(ISNUMBER(SEARCH("ESTATICO",INVENTARIO!C7)),"EST", IF(ISNUMBER(SEARCH("REFLECTIVO",INVENTARIO!C7)),"REF", IF(ISNUMBER(SEARCH("LX700",INVENTARIO!C7)),"LX7", IF(ISNUMBER(SEARCH("GRANDO",INVENTARIO!C7)),"GRA", IF(ISNUMBER(SEARCH("FB700",INVENTARIO!C7)),"FB7", IF(ISNUMBER(SEARCH("LX360",INVENTARIO!C7)),"LX3", IF(ISNUMBER(SEARCH("XEROX",INVENTARIO!C7)),"XER", IF(ISNUMBER(SEARCH("CEPILLADO",INVENTARIO!C7)),"CEP", IF(ISNUMBER(SEARCH("ESPEJO",INVENTARIO!C7)),"ESP", IF(ISNUMBER(SEARCH("10 PTS",INVENTARIO!C7)),"10PT", IF(ISNUMBER(SEARCH("12 PTS",INVENTARIO!C7)),"12PT", IF(ISNUMBER(SEARCH("14 PTS",INVENTARIO!C7)),"14PT", IF(ISNUMBER(SEARCH("CLASICO",INVENTARIO!C7)),"CLA", "")))))))))))))))))))))) -> FRO | D7: =IF(ISNUMBER(SEARCH("GRAN FORMATO",INVENTARIO!C7)),"GRA-FOR", IF(ISNUMBER(SEARCH("CAMA PLANA",INVENTARIO!C7)),"CAM-PLA", IF(ISNUMBER(SEARCH("GRADO INGENIERIA",INVENTARIO!C7)),"GRA-ING", IF(ISNUMBER(SEARCH("130 GRS",INVENTARIO!C7)),"130GR", IF(ISNUMBER(SEARCH("150 GRS",INVENTARIO!C7)),"150GR", IF(ISNUMBER(SEARCH("185 GRS",INVENTARIO!C7)),"185GR", IF(ISNUMBER(SEARCH("200 GRS",INVENTARIO!C7)),"200GR", IF(ISNUMBER(SEARCH("250 GRS",INVENTARIO!C7)),"250GR", IF(ISNUMBER(SEARCH("300 GRS",INVENTARIO!C7)),"300GR", IF(ISNUMBER(SEARCH("350 GRS",INVENTARIO!C7)),"350GR", IF(ISNUMBER(SEARCH("18 OZ",INVENTARIO!C7)),"18OZ", IF(ISNUMBER(SEARCH("15 OZ",INVENTARIO!C7)),"15OZ", IF(OR(ISNUMBER(SEARCH("13 OZ",INVENTARIO!C7)),ISNUMBER(SEARCH("13 ONZAS",INVENTARIO!C7))),"13OZ", IF(OR(ISNUMBER(SEARCH("9 OZ",INVENTARIO!C7)),ISNUMBER(SEARCH("9 ONZAS",INVENTARIO!C7))),"09OZ", IF(ISNUMBER(SEARCH("DOBLE CARA",INVENTARIO!C7)),"DOB-CAR", ""))))))))))))))) -> 13OZ | E7: =IF(OR(ISNUMBER(SEARCH("TRANSPARENTE",INVENTARIO!C7)),ISNUMBER(SEARCH("TRANSPARENTES",INVENTARIO!C7))),"TRA", IF(OR(ISNUMBER(SEARCH("BLANCO",INVENTARIO!C7)),ISNUMBER(SEARCH("BCO",INVENTARIO!C7))),"BLA", IF(ISNUMBER(SEARCH("FOTOGRAFICO",INVENTARIO!C7)),"FOT", IF(ISNUMBER(SEARCH("MARFIL",INVENTARIO!C7)),"MAR", IF(ISNUMBER(SEARCH("VERDE",INVENTARIO!C7)),"VER", IF(ISNUMBER(SEARCH("MORADO",INVENTARIO!C7)),"MOR", IF(ISNUMBER(SEARCH("PLATA",INVENTARIO!C7)),"PLA", IF(ISNUMBER(SEARCH("ORO",INVENTARIO!C7)),"ORO", IF(ISNUMBER(SEARCH("AMARILLO",INVENTARIO!C7)),"AMA", IF(ISNUMBER(SEARCH("NARANJA",INVENTARIO!C7)),"NAR", IF(ISNUMBER(SEARCH("NEGRO",INVENTARIO!C7)),"NEG", IF(ISNUMBER(SEARCH("ROJO",INVENTARIO!C7)),"ROJ", IF(ISNUMBER(SEARCH("AZUL",INVENTARIO!C7)),"AZU",""))))))))))))) | F7: =IF(ISNUMBER(SEARCH("ARLON",INVENTARIO!C7)),"ARL", IF(ISNUMBER(SEARCH("SUNTHINKS",INVENTARIO!C7)),"SUN", IF(ISNUMBER(SEARCH("FRIO",INVENTARIO!C7)),"FRI", IF(ISNUMBER(SEARCH("CALIDO",INVENTARIO!C7)),"CAL", IF(ISNUMBER(SEARCH("CEPILLADO",INVENTARIO!C7)),"CEP", IF(ISNUMBER(SEARCH("ESPEJO",INVENTARIO!C7)),"ESP", "")))))) | G7: =IF(ISNUMBER(SEARCH("LATEX",INVENTARIO!C7)),"LAT", IF(ISNUMBER(SEARCH("RESP. NEGRO",INVENTARIO!C7)),"RES-NEG", IF(ISNUMBER(SEARCH("RESPALDO CAFE",INVENTARIO!C7)),"RES-CAF", IF(ISNUMBER(SEARCH("RESPALDO GRIS",INVENTARIO!C7)),"RES-GRI", IF(ISNUMBER(SEARCH("OPTICO",INVENTARIO!C7)),"OPT", IF(ISNUMBER(SEARCH("1,2 MM",INVENTARIO!C7)),"1MM2", IF(ISNUMBER(SEARCH("2 MM",INVENTARIO!C7)),"2MM", IF(ISNUMBER(SEARCH("3 MM",INVENTARIO!C7)),"3MM", IF(ISNUMBER(SEARCH("4 MM",INVENTARIO!C7)),"4MM", IF(ISNUMBER(SEARCH("5 MM",INVENTARIO!C7)),"5MM", IF(ISNUMBER(SEARCH("6 MM",INVENTARIO!C7)),"6MM", IF(ISNUMBER(SEARCH("9 MM",INVENTARIO!C7)),"9MM", IF(ISNUMBER(SEARCH("10 MM",INVENTARIO!C7)),"10MM",""))))))))))))) | H7: =IF(ISNUMBER(SEARCH("GAMA BAJA",INVENTARIO!C7)),"GAM-BAJ", IF(ISNUMBER(SEARCH("OPTIMIZADOR",INVENTARIO!C7)),"OPT", IF(ISNUMBER(SEARCH("OVERCOAT",INVENTARIO!C7)),"OVE", IF(ISNUMBER(SEARCH("WHITE",INVENTARIO!C7)),"WHI", IF(ISNUMBER(SEARCH("LIGHT CYAN",INVENTARIO!C7)),"LIG-CYA", IF(ISNUMBER(SEARCH("CYAN",INVENTARIO!C7)),"CYA", IF(ISNUMBER(SEARCH("LIGHT MAGENTA",INVENTARIO!C7)),"LIG-MAG", IF(ISNUMBER(SEARCH("MAGENTA",INVENTARIO!C7)),"MAG", IF(ISNUMBER(SEARCH("BLACK",INVENTARIO!C7)),"BLA", IF(ISNUMBER(SEARCH("YELLOW",INVENTARIO!C7)),"YEL", IF(ISNUMBER(SEARCH("2 DIODOS",INVENTARIO!C7)),"2DI", IF(ISNUMBER(SEARCH("3 DIODOS",INVENTARIO!C7)),"3DI", IF(OR(ISNUMBER(SEARCH("TRASLUCIDO",INVENTARIO!C7)),ISNUMBER(SEARCH("TRANSLUCIDO",INVENTARIO!C7))),"TRA", ""))))))))))))) | I7: =IF(ISNUMBER(SEARCH("SILED",INVENTARIO!C7)),"SI", IF(ISNUMBER(SEARCH("SYDEMEX",INVENTARIO!C7)),"SY", IF(ISNUMBER(SEARCH("ROHS",INVENTARIO!C7)),"RO", IF(ISNUMBER(SEARCH("RISHANG",INVENTARIO!C7)),"RS", IF(ISNUMBER(SEARCH("VYG",INVENTARIO!C7)),"VYG", IF(ISNUMBER(SEARCH("COLED",INVENTARIO!C7)),"CO",""))))))
A8: =IF(ISNUMBER(SEARCH("LONA",INVENTARIO!C8)),"LON", IF(ISNUMBER(SEARCH("VINIL",INVENTARIO!C8)),"VIN", IF(ISNUMBER(SEARCH("KROMACOTE",INVENTARIO!C8)),"KRO", IF(ISNUMBER(SEARCH("STARDREAM",INVENTARIO!C8)),"STA", IF(ISNUMBER(SEARCH("DISPLAY",INVENTARIO!C8)),"DIS", IF(ISNUMBER(SEARCH("ROLL UP",INVENTARIO!C8)),"ROL-UP", IF(ISNUMBER(SEARCH("TRANSFER DE PAPEL",INVENTARIO!C8)),"TRA-PAP", IF(ISNUMBER(SEARCH("TRANSFER",INVENTARIO!C8)),"TRA",IF(ISNUMBER(SEARCH("KOLA LOKA",INVENTARIO!C8)),"KOL-LOK", IF(ISNUMBER(SEARCH("PETG",INVENTARIO!C8)),"PET", IF(ISNUMBER(SEARCH("OJILLO",INVENTARIO!C8)),"OJI", IF(ISNUMBER(SEARCH("COUCHE",INVENTARIO!C8)),"COU", IF(ISNUMBER(SEARCH("PANEL DE ALUMINIO",INVENTARIO!C8)),"PAN-ALU", IF(ISNUMBER(SEARCH("PVC",INVENTARIO!C8)),"PVC", IF(ISNUMBER(SEARCH("PAPEL",INVENTARIO!C8)),"PAP", IF(ISNUMBER(SEARCH("TELA",INVENTARIO!C8)),"TEL", IF(ISNUMBER(SEARCH("CARTULINA",INVENTARIO!C8)),"CAR", IF(OR(ISNUMBER(SEARCH("LAMINA",INVENTARIO!C8)),ISNUMBER(SEARCH("LÁMINA",INVENTARIO!C8)),ISNUMBER(SEARCH("LAMPARAS",INVENTARIO!C8))),"LAM", IF(ISNUMBER(SEARCH("ESTIRENO",INVENTARIO!C8)),"EST", IF(ISNUMBER(SEARCH("FOAMBOARD",INVENTARIO!C8)),"FOA", IF(ISNUMBER(SEARCH("SOLVENTE",INVENTARIO!C8)),"SOL", IF(ISNUMBER(SEARCH("TINTA",INVENTARIO!C8)),"TIN", IF(ISNUMBER(SEARCH("ACRILICO",INVENTARIO!C8)),"ACR", IF(ISNUMBER(SEARCH("MICROLED",INVENTARIO!C8)),"MIC", IF(ISNUMBER(SEARCH("LED",INVENTARIO!C8)),"LED", IF(ISNUMBER(SEARCH("FUENTE DE PODER",INVENTARIO!C8)),"FUE-POD", IF(ISNUMBER(SEARCH("PETG",INVENTARIO!C8)),"PET", IF(ISNUMBER(SEARCH("ALUMINIO",INVENTARIO!C8)),"ALU", IF(ISNUMBER(SEARCH("CANAL",INVENTARIO!C8)),"CAN", IF(ISNUMBER(SEARCH("ESCUADRA",INVENTARIO!C8)),"ESC", IF(ISNUMBER(SEARCH("SOPORTE",INVENTARIO!C8)),"SOP","OTR") )))))))))))))))))))))))))))))) -> LON | B8: =IF(ISNUMBER(SEARCH("CORTE",INVENTARIO!C8)),"COR", IF(ISNUMBER(SEARCH("CITYLIGHT",INVENTARIO!C8)),"CIT", IF(ISNUMBER(SEARCH("LINO",INVENTARIO!C8)),"LIN", IF(ISNUMBER(SEARCH("FABRIANO",INVENTARIO!C8)),"FAB", IF(ISNUMBER(SEARCH("SUNDANCE",INVENTARIO!C8)),"SUN", IF(ISNUMBER(SEARCH("SINTETICA",INVENTARIO!C8)),"SIN", IF(ISNUMBER(SEARCH("CONTROL",INVENTARIO!C8)),"CON", IF(ISNUMBER(SEARCH("TERMICO",INVENTARIO!C8)),"TER", IF(ISNUMBER(SEARCH("C-15",INVENTARIO!C8)),"C15", IF(ISNUMBER(SEARCH("C-20",INVENTARIO!C8)),"C20", IF(ISNUMBER(SEARCH("C-30",INVENTARIO!C8)),"C30", IF(ISNUMBER(SEARCH("C-40",INVENTARIO!C8)),"C40", IF(ISNUMBER(SEARCH("C-60",INVENTARIO!C8)),"C60", IF(ISNUMBER(SEARCH("C-80",INVENTARIO!C8)),"C80", IF(ISNUMBER(SEARCH("EQUIPO",INVENTARIO!C8)),"EQU", IF(ISNUMBER(SEARCH("FLOOR",INVENTARIO!C8)),"FLO", IF(ISNUMBER(SEARCH("CRISTAL",INVENTARIO!C8)),"CRI", IF(ISNUMBER(SEARCH(" SULFATADA",INVENTARIO!C19)),"SUL", IF(ISNUMBER(SEARCH("OPALINA",INVENTARIO!C8)),"OPA", IF(ISNUMBER(SEARCH("ADHERIBLE",INVENTARIO!C8)),"ADH", IF(ISNUMBER(SEARCH("MICRO",INVENTARIO!C8)),"MIC",""))))))))))))))))))))) | C8: =IF(ISNUMBER(SEARCH("PARED",INVENTARIO!C8)),"PAR", IF(ISNUMBER(SEARCH("FRONT",INVENTARIO!C8)),"FRO", IF(ISNUMBER(SEARCH("ALTA RESISTENCIA",INVENTARIO!C8)), "ALT-RES",IF(ISNUMBER(SEARCH("BACKLITE",INVENTARIO!C8)),"BAC", IF(ISNUMBER(SEARCH("MATE",INVENTARIO!C8)),"MAT", IF(ISNUMBER(SEARCH("MESH",INVENTARIO!C8)),"MES", IF(ISNUMBER(SEARCH("BRILLANTE",INVENTARIO!C8)),"BRI", IF(ISNUMBER(SEARCH("DELGADA",INVENTARIO!C8)),"DEL", IF(ISNUMBER(SEARCH("GRUESA",INVENTARIO!C8)),"GRU", IF(ISNUMBER(SEARCH("ESTATICO",INVENTARIO!C8)),"EST", IF(ISNUMBER(SEARCH("REFLECTIVO",INVENTARIO!C8)),"REF", IF(ISNUMBER(SEARCH("LX700",INVENTARIO!C8)),"LX7", IF(ISNUMBER(SEARCH("GRANDO",INVENTARIO!C8)),"GRA", IF(ISNUMBER(SEARCH("FB700",INVENTARIO!C8)),"FB7", IF(ISNUMBER(SEARCH("LX360",INVENTARIO!C8)),"LX3", IF(ISNUMBER(SEARCH("XEROX",INVENTARIO!C8)),"XER", IF(ISNUMBER(SEARCH("CEPILLADO",INVENTARIO!C8)),"CEP", IF(ISNUMBER(SEARCH("ESPEJO",INVENTARIO!C8)),"ESP", IF(ISNUMBER(SEARCH("10 PTS",INVENTARIO!C8)),"10PT", IF(ISNUMBER(SEARCH("12 PTS",INVENTARIO!C8)),"12PT", IF(ISNUMBER(SEARCH("14 PTS",INVENTARIO!C8)),"14PT", IF(ISNUMBER(SEARCH("CLASICO",INVENTARIO!C8)),"CLA", "")))))))))))))))))))))) -> FRO | D8: =IF(ISNUMBER(SEARCH("GRAN FORMATO",INVENTARIO!C8)),"GRA-FOR", IF(ISNUMBER(SEARCH("CAMA PLANA",INVENTARIO!C8)),"CAM-PLA", IF(ISNUMBER(SEARCH("GRADO INGENIERIA",INVENTARIO!C8)),"GRA-ING", IF(ISNUMBER(SEARCH("130 GRS",INVENTARIO!C8)),"130GR", IF(ISNUMBER(SEARCH("150 GRS",INVENTARIO!C8)),"150GR", IF(ISNUMBER(SEARCH("185 GRS",INVENTARIO!C8)),"185GR", IF(ISNUMBER(SEARCH("200 GRS",INVENTARIO!C8)),"200GR", IF(ISNUMBER(SEARCH("250 GRS",INVENTARIO!C8)),"250GR", IF(ISNUMBER(SEARCH("300 GRS",INVENTARIO!C8)),"300GR", IF(ISNUMBER(SEARCH("350 GRS",INVENTARIO!C8)),"350GR", IF(ISNUMBER(SEARCH("18 OZ",INVENTARIO!C8)),"18OZ", IF(ISNUMBER(SEARCH("15 OZ",INVENTARIO!C8)),"15OZ", IF(OR(ISNUMBER(SEARCH("13 OZ",INVENTARIO!C8)),ISNUMBER(SEARCH("13 ONZAS",INVENTARIO!C8))),"13OZ", IF(OR(ISNUMBER(SEARCH("9 OZ",INVENTARIO!C8)),ISNUMBER(SEARCH("9 ONZAS",INVENTARIO!C8))),"09OZ", IF(ISNUMBER(SEARCH("DOBLE CARA",INVENTARIO!C8)),"DOB-CAR", ""))))))))))))))) -> 13OZ | E8: =IF(OR(ISNUMBER(SEARCH("TRANSPARENTE",INVENTARIO!C8)),ISNUMBER(SEARCH("TRANSPARENTES",INVENTARIO!C8))),"TRA", IF(OR(ISNUMBER(SEARCH("BLANCO",INVENTARIO!C8)),ISNUMBER(SEARCH("BCO",INVENTARIO!C8))),"BLA", IF(ISNUMBER(SEARCH("FOTOGRAFICO",INVENTARIO!C8)),"FOT", IF(ISNUMBER(SEARCH("MARFIL",INVENTARIO!C8)),"MAR", IF(ISNUMBER(SEARCH("VERDE",INVENTARIO!C8)),"VER", IF(ISNUMBER(SEARCH("MORADO",INVENTARIO!C8)),"MOR", IF(ISNUMBER(SEARCH("PLATA",INVENTARIO!C8)),"PLA", IF(ISNUMBER(SEARCH("ORO",INVENTARIO!C8)),"ORO", IF(ISNUMBER(SEARCH("AMARILLO",INVENTARIO!C8)),"AMA", IF(ISNUMBER(SEARCH("NARANJA",INVENTARIO!C8)),"NAR", IF(ISNUMBER(SEARCH("NEGRO",INVENTARIO!C8)),"NEG", IF(ISNUMBER(SEARCH("ROJO",INVENTARIO!C8)),"ROJ", IF(ISNUMBER(SEARCH("AZUL",INVENTARIO!C8)),"AZU",""))))))))))))) | F8: =IF(ISNUMBER(SEARCH("ARLON",INVENTARIO!C8)),"ARL", IF(ISNUMBER(SEARCH("SUNTHINKS",INVENTARIO!C8)),"SUN", IF(ISNUMBER(SEARCH("FRIO",INVENTARIO!C8)),"FRI", IF(ISNUMBER(SEARCH("CALIDO",INVENTARIO!C8)),"CAL", IF(ISNUMBER(SEARCH("CEPILLADO",INVENTARIO!C8)),"CEP", IF(ISNUMBER(SEARCH("ESPEJO",INVENTARIO!C8)),"ESP", "")))))) | G8: =IF(ISNUMBER(SEARCH("LATEX",INVENTARIO!C8)),"LAT", IF(ISNUMBER(SEARCH("RESP. NEGRO",INVENTARIO!C8)),"RES-NEG", IF(ISNUMBER(SEARCH("RESPALDO CAFE",INVENTARIO!C8)),"RES-CAF", IF(ISNUMBER(SEARCH("RESPALDO GRIS",INVENTARIO!C8)),"RES-GRI", IF(ISNUMBER(SEARCH("OPTICO",INVENTARIO!C8)),"OPT", IF(ISNUMBER(SEARCH("1,2 MM",INVENTARIO!C8)),"1MM2", IF(ISNUMBER(SEARCH("2 MM",INVENTARIO!C8)),"2MM", IF(ISNUMBER(SEARCH("3 MM",INVENTARIO!C8)),"3MM", IF(ISNUMBER(SEARCH("4 MM",INVENTARIO!C8)),"4MM", IF(ISNUMBER(SEARCH("5 MM",INVENTARIO!C8)),"5MM", IF(ISNUMBER(SEARCH("6 MM",INVENTARIO!C8)),"6MM", IF(ISNUMBER(SEARCH("9 MM",INVENTARIO!C8)),"9MM", IF(ISNUMBER(SEARCH("10 MM",INVENTARIO!C8)),"10MM",""))))))))))))) | H8: =IF(ISNUMBER(SEARCH("GAMA BAJA",INVENTARIO!C8)),"GAM-BAJ", IF(ISNUMBER(SEARCH("OPTIMIZADOR",INVENTARIO!C8)),"OPT", IF(ISNUMBER(SEARCH("OVERCOAT",INVENTARIO!C8)),"OVE", IF(ISNUMBER(SEARCH("WHITE",INVENTARIO!C8)),"WHI", IF(ISNUMBER(SEARCH("LIGHT CYAN",INVENTARIO!C8)),"LIG-CYA", IF(ISNUMBER(SEARCH("CYAN",INVENTARIO!C8)),"CYA", IF(ISNUMBER(SEARCH("LIGHT MAGENTA",INVENTARIO!C8)),"LIG-MAG", IF(ISNUMBER(SEARCH("MAGENTA",INVENTARIO!C8)),"MAG", IF(ISNUMBER(SEARCH("BLACK",INVENTARIO!C8)),"BLA", IF(ISNUMBER(SEARCH("YELLOW",INVENTARIO!C8)),"YEL", IF(ISNUMBER(SEARCH("2 DIODOS",INVENTARIO!C8)),"2DI", IF(ISNUMBER(SEARCH("3 DIODOS",INVENTARIO!C8)),"3DI", IF(OR(ISNUMBER(SEARCH("TRASLUCIDO",INVENTARIO!C8)),ISNUMBER(SEARCH("TRANSLUCIDO",INVENTARIO!C8))),"TRA", ""))))))))))))) | I8: =IF(ISNUMBER(SEARCH("SILED",INVENTARIO!#REF!)),"SI", IF(ISNUMBER(SEARCH("SYDEMEX",INVENTARIO!#REF!)),"SY", IF(ISNUMBER(SEARCH("ROHS",INVENTARIO!#REF!)),"RO", IF(ISNUMBER(SEARCH("RISHANG",INVENTARIO!#REF!)),"RS", IF(ISNUMBER(SEARCH("VYG",INVENTARIO!#REF!)),"VYG", IF(ISNUMBER(SEARCH("COLED",INVENTARIO!#REF!)),"CO",""))))))
A9: =IF(ISNUMBER(SEARCH("LONA",INVENTARIO!C9)),"LON", IF(ISNUMBER(SEARCH("VINIL",INVENTARIO!C9)),"VIN", IF(ISNUMBER(SEARCH("KROMACOTE",INVENTARIO!C9)),"KRO", IF(ISNUMBER(SEARCH("STARDREAM",INVENTARIO!C9)),"STA", IF(ISNUMBER(SEARCH("DISPLAY",INVENTARIO!C9)),"DIS", IF(ISNUMBER(SEARCH("ROLL UP",INVENTARIO!C9)),"ROL-UP", IF(ISNUMBER(SEARCH("TRANSFER DE PAPEL",INVENTARIO!C9)),"TRA-PAP", IF(ISNUMBER(SEARCH("TRANSFER",INVENTARIO!C9)),"TRA",IF(ISNUMBER(SEARCH("KOLA LOKA",INVENTARIO!C9)),"KOL-LOK", IF(ISNUMBER(SEARCH("PETG",INVENTARIO!C9)),"PET", IF(ISNUMBER(SEARCH("OJILLO",INVENTARIO!C9)),"OJI", IF(ISNUMBER(SEARCH("COUCHE",INVENTARIO!C9)),"COU", IF(ISNUMBER(SEARCH("PANEL DE ALUMINIO",INVENTARIO!C9)),"PAN-ALU", IF(ISNUMBER(SEARCH("PVC",INVENTARIO!C9)),"PVC", IF(ISNUMBER(SEARCH("PAPEL",INVENTARIO!C9)),"PAP", IF(ISNUMBER(SEARCH("TELA",INVENTARIO!C9)),"TEL", IF(ISNUMBER(SEARCH("CARTULINA",INVENTARIO!C9)),"CAR", IF(OR(ISNUMBER(SEARCH("LAMINA",INVENTARIO!C9)),ISNUMBER(SEARCH("LÁMINA",INVENTARIO!C9)),ISNUMBER(SEARCH("LAMPARAS",INVENTARIO!C9))),"LAM", IF(ISNUMBER(SEARCH("ESTIRENO",INVENTARIO!C9)),"EST", IF(ISNUMBER(SEARCH("FOAMBOARD",INVENTARIO!C9)),"FOA", IF(ISNUMBER(SEARCH("SOLVENTE",INVENTARIO!C9)),"SOL", IF(ISNUMBER(SEARCH("TINTA",INVENTARIO!C9)),"TIN", IF(ISNUMBER(SEARCH("ACRILICO",INVENTARIO!C9)),"ACR", IF(ISNUMBER(SEARCH("MICROLED",INVENTARIO!C9)),"MIC", IF(ISNUMBER(SEARCH("LED",INVENTARIO!C9)),"LED", IF(ISNUMBER(SEARCH("FUENTE DE PODER",INVENTARIO!C9)),"FUE-POD", IF(ISNUMBER(SEARCH("PETG",INVENTARIO!C9)),"PET", IF(ISNUMBER(SEARCH("ALUMINIO",INVENTARIO!C9)),"ALU", IF(ISNUMBER(SEARCH("CANAL",INVENTARIO!C9)),"CAN", IF(ISNUMBER(SEARCH("ESCUADRA",INVENTARIO!C9)),"ESC", IF(ISNUMBER(SEARCH("SOPORTE",INVENTARIO!C9)),"SOP","OTR") )))))))))))))))))))))))))))))) -> LON | B9: =IF(ISNUMBER(SEARCH("CORTE",INVENTARIO!C9)),"COR", IF(ISNUMBER(SEARCH("CITYLIGHT",INVENTARIO!C9)),"CIT", IF(ISNUMBER(SEARCH("LINO",INVENTARIO!C9)),"LIN", IF(ISNUMBER(SEARCH("FABRIANO",INVENTARIO!C9)),"FAB", IF(ISNUMBER(SEARCH("SUNDANCE",INVENTARIO!C9)),"SUN", IF(ISNUMBER(SEARCH("SINTETICA",INVENTARIO!C9)),"SIN", IF(ISNUMBER(SEARCH("CONTROL",INVENTARIO!C9)),"CON", IF(ISNUMBER(SEARCH("TERMICO",INVENTARIO!C9)),"TER", IF(ISNUMBER(SEARCH("C-15",INVENTARIO!C9)),"C15", IF(ISNUMBER(SEARCH("C-20",INVENTARIO!C9)),"C20", IF(ISNUMBER(SEARCH("C-30",INVENTARIO!C9)),"C30", IF(ISNUMBER(SEARCH("C-40",INVENTARIO!C9)),"C40", IF(ISNUMBER(SEARCH("C-60",INVENTARIO!C9)),"C60", IF(ISNUMBER(SEARCH("C-80",INVENTARIO!C9)),"C80", IF(ISNUMBER(SEARCH("EQUIPO",INVENTARIO!C9)),"EQU", IF(ISNUMBER(SEARCH("FLOOR",INVENTARIO!C9)),"FLO", IF(ISNUMBER(SEARCH("CRISTAL",INVENTARIO!C9)),"CRI", IF(ISNUMBER(SEARCH(" SULFATADA",INVENTARIO!C20)),"SUL", IF(ISNUMBER(SEARCH("OPALINA",INVENTARIO!C9)),"OPA", IF(ISNUMBER(SEARCH("ADHERIBLE",INVENTARIO!C9)),"ADH", IF(ISNUMBER(SEARCH("MICRO",INVENTARIO!C9)),"MIC",""))))))))))))))))))))) | C9: =IF(ISNUMBER(SEARCH("PARED",INVENTARIO!C9)),"PAR", IF(ISNUMBER(SEARCH("FRONT",INVENTARIO!C9)),"FRO", IF(ISNUMBER(SEARCH("ALTA RESISTENCIA",INVENTARIO!C9)), "ALT-RES",IF(ISNUMBER(SEARCH("BACKLITE",INVENTARIO!C9)),"BAC", IF(ISNUMBER(SEARCH("MATE",INVENTARIO!C9)),"MAT", IF(ISNUMBER(SEARCH("MESH",INVENTARIO!C9)),"MES", IF(ISNUMBER(SEARCH("BRILLANTE",INVENTARIO!C9)),"BRI", IF(ISNUMBER(SEARCH("DELGADA",INVENTARIO!C9)),"DEL", IF(ISNUMBER(SEARCH("GRUESA",INVENTARIO!C9)),"GRU", IF(ISNUMBER(SEARCH("ESTATICO",INVENTARIO!C9)),"EST", IF(ISNUMBER(SEARCH("REFLECTIVO",INVENTARIO!C9)),"REF", IF(ISNUMBER(SEARCH("LX700",INVENTARIO!C9)),"LX7", IF(ISNUMBER(SEARCH("GRANDO",INVENTARIO!C9)),"GRA", IF(ISNUMBER(SEARCH("FB700",INVENTARIO!C9)),"FB7", IF(ISNUMBER(SEARCH("LX360",INVENTARIO!C9)),"LX3", IF(ISNUMBER(SEARCH("XEROX",INVENTARIO!C9)),"XER", IF(ISNUMBER(SEARCH("CEPILLADO",INVENTARIO!C9)),"CEP", IF(ISNUMBER(SEARCH("ESPEJO",INVENTARIO!C9)),"ESP", IF(ISNUMBER(SEARCH("10 PTS",INVENTARIO!C9)),"10PT", IF(ISNUMBER(SEARCH("12 PTS",INVENTARIO!C9)),"12PT", IF(ISNUMBER(SEARCH("14 PTS",INVENTARIO!C9)),"14PT", IF(ISNUMBER(SEARCH("CLASICO",INVENTARIO!C9)),"CLA", "")))))))))))))))))))))) -> FRO | D9: =IF(ISNUMBER(SEARCH("GRAN FORMATO",INVENTARIO!C9)),"GRA-FOR", IF(ISNUMBER(SEARCH("CAMA PLANA",INVENTARIO!C9)),"CAM-PLA", IF(ISNUMBER(SEARCH("GRADO INGENIERIA",INVENTARIO!C9)),"GRA-ING", IF(ISNUMBER(SEARCH("130 GRS",INVENTARIO!C9)),"130GR", IF(ISNUMBER(SEARCH("150 GRS",INVENTARIO!C9)),"150GR", IF(ISNUMBER(SEARCH("185 GRS",INVENTARIO!C9)),"185GR", IF(ISNUMBER(SEARCH("200 GRS",INVENTARIO!C9)),"200GR", IF(ISNUMBER(SEARCH("250 GRS",INVENTARIO!C9)),"250GR", IF(ISNUMBER(SEARCH("300 GRS",INVENTARIO!C9)),"300GR", IF(ISNUMBER(SEARCH("350 GRS",INVENTARIO!C9)),"350GR", IF(ISNUMBER(SEARCH("18 OZ",INVENTARIO!C9)),"18OZ", IF(ISNUMBER(SEARCH("15 OZ",INVENTARIO!C9)),"15OZ", IF(OR(ISNUMBER(SEARCH("13 OZ",INVENTARIO!C9)),ISNUMBER(SEARCH("13 ONZAS",INVENTARIO!C9))),"13OZ", IF(OR(ISNUMBER(SEARCH("9 OZ",INVENTARIO!C9)),ISNUMBER(SEARCH("9 ONZAS",INVENTARIO!C9))),"09OZ", IF(ISNUMBER(SEARCH("DOBLE CARA",INVENTARIO!C9)),"DOB-CAR", ""))))))))))))))) -> 13OZ | E9: =IF(OR(ISNUMBER(SEARCH("TRANSPARENTE",INVENTARIO!C9)),ISNUMBER(SEARCH("TRANSPARENTES",INVENTARIO!C9))),"TRA", IF(OR(ISNUMBER(SEARCH("BLANCO",INVENTARIO!C9)),ISNUMBER(SEARCH("BCO",INVENTARIO!C9))),"BLA", IF(ISNUMBER(SEARCH("FOTOGRAFICO",INVENTARIO!C9)),"FOT", IF(ISNUMBER(SEARCH("MARFIL",INVENTARIO!C9)),"MAR", IF(ISNUMBER(SEARCH("VERDE",INVENTARIO!C9)),"VER", IF(ISNUMBER(SEARCH("MORADO",INVENTARIO!C9)),"MOR", IF(ISNUMBER(SEARCH("PLATA",INVENTARIO!C9)),"PLA", IF(ISNUMBER(SEARCH("ORO",INVENTARIO!C9)),"ORO", IF(ISNUMBER(SEARCH("AMARILLO",INVENTARIO!C9)),"AMA", IF(ISNUMBER(SEARCH("NARANJA",INVENTARIO!C9)),"NAR", IF(ISNUMBER(SEARCH("NEGRO",INVENTARIO!C9)),"NEG", IF(ISNUMBER(SEARCH("ROJO",INVENTARIO!C9)),"ROJ", IF(ISNUMBER(SEARCH("AZUL",INVENTARIO!C9)),"AZU",""))))))))))))) | F9: =IF(ISNUMBER(SEARCH("ARLON",INVENTARIO!C9)),"ARL", IF(ISNUMBER(SEARCH("SUNTHINKS",INVENTARIO!C9)),"SUN", IF(ISNUMBER(SEARCH("FRIO",INVENTARIO!C9)),"FRI", IF(ISNUMBER(SEARCH("CALIDO",INVENTARIO!C9)),"CAL", IF(ISNUMBER(SEARCH("CEPILLADO",INVENTARIO!C9)),"CEP", IF(ISNUMBER(SEARCH("ESPEJO",INVENTARIO!C9)),"ESP", "")))))) | G9: =IF(ISNUMBER(SEARCH("LATEX",INVENTARIO!C9)),"LAT", IF(ISNUMBER(SEARCH("RESP. NEGRO",INVENTARIO!C9)),"RES-NEG", IF(ISNUMBER(SEARCH("RESPALDO CAFE",INVENTARIO!C9)),"RES-CAF", IF(ISNUMBER(SEARCH("RESPALDO GRIS",INVENTARIO!C9)),"RES-GRI", IF(ISNUMBER(SEARCH("OPTICO",INVENTARIO!C9)),"OPT", IF(ISNUMBER(SEARCH("1,2 MM",INVENTARIO!C9)),"1MM2", IF(ISNUMBER(SEARCH("2 MM",INVENTARIO!C9)),"2MM", IF(ISNUMBER(SEARCH("3 MM",INVENTARIO!C9)),"3MM", IF(ISNUMBER(SEARCH("4 MM",INVENTARIO!C9)),"4MM", IF(ISNUMBER(SEARCH("5 MM",INVENTARIO!C9)),"5MM", IF(ISNUMBER(SEARCH("6 MM",INVENTARIO!C9)),"6MM", IF(ISNUMBER(SEARCH("9 MM",INVENTARIO!C9)),"9MM", IF(ISNUMBER(SEARCH("10 MM",INVENTARIO!C9)),"10MM",""))))))))))))) | H9: =IF(ISNUMBER(SEARCH("GAMA BAJA",INVENTARIO!C9)),"GAM-BAJ", IF(ISNUMBER(SEARCH("OPTIMIZADOR",INVENTARIO!C9)),"OPT", IF(ISNUMBER(SEARCH("OVERCOAT",INVENTARIO!C9)),"OVE", IF(ISNUMBER(SEARCH("WHITE",INVENTARIO!C9)),"WHI", IF(ISNUMBER(SEARCH("LIGHT CYAN",INVENTARIO!C9)),"LIG-CYA", IF(ISNUMBER(SEARCH("CYAN",INVENTARIO!C9)),"CYA", IF(ISNUMBER(SEARCH("LIGHT MAGENTA",INVENTARIO!C9)),"LIG-MAG", IF(ISNUMBER(SEARCH("MAGENTA",INVENTARIO!C9)),"MAG", IF(ISNUMBER(SEARCH("BLACK",INVENTARIO!C9)),"BLA", IF(ISNUMBER(SEARCH("YELLOW",INVENTARIO!C9)),"YEL", IF(ISNUMBER(SEARCH("2 DIODOS",INVENTARIO!C9)),"2DI", IF(ISNUMBER(SEARCH("3 DIODOS",INVENTARIO!C9)),"3DI", IF(OR(ISNUMBER(SEARCH("TRASLUCIDO",INVENTARIO!C9)),ISNUMBER(SEARCH("TRANSLUCIDO",INVENTARIO!C9))),"TRA", ""))))))))))))) | I9: =IF(ISNUMBER(SEARCH("SILED",INVENTARIO!#REF!)),"SI", IF(ISNUMBER(SEARCH("SYDEMEX",INVENTARIO!#REF!)),"SY", IF(ISNUMBER(SEARCH("ROHS",INVENTARIO!#REF!)),"RO", IF(ISNUMBER(SEARCH("RISHANG",INVENTARIO!#REF!)),"RS", IF(ISNUMBER(SEARCH("VYG",INVENTARIO!#REF!)),"VYG", IF(ISNUMBER(SEARCH("COLED",INVENTARIO!#REF!)),"CO",""))))))
A10: =IF(ISNUMBER(SEARCH("LONA",INVENTARIO!C10)),"LON", IF(ISNUMBER(SEARCH("VINIL",INVENTARIO!C10)),"VIN", IF(ISNUMBER(SEARCH("KROMACOTE",INVENTARIO!C10)),"KRO", IF(ISNUMBER(SEARCH("STARDREAM",INVENTARIO!C10)),"STA", IF(ISNUMBER(SEARCH("DISPLAY",INVENTARIO!C10)),"DIS", IF(ISNUMBER(SEARCH("ROLL UP",INVENTARIO!C10)),"ROL-UP", IF(ISNUMBER(SEARCH("TRANSFER DE PAPEL",INVENTARIO!C10)),"TRA-PAP", IF(ISNUMBER(SEARCH("TRANSFER",INVENTARIO!C10)),"TRA",IF(ISNUMBER(SEARCH("KOLA LOKA",INVENTARIO!C10)),"KOL-LOK", IF(ISNUMBER(SEARCH("PETG",INVENTARIO!C10)),"PET", IF(ISNUMBER(SEARCH("OJILLO",INVENTARIO!C10)),"OJI", IF(ISNUMBER(SEARCH("COUCHE",INVENTARIO!C10)),"COU", IF(ISNUMBER(SEARCH("PANEL DE ALUMINIO",INVENTARIO!C10)),"PAN-ALU", IF(ISNUMBER(SEARCH("PVC",INVENTARIO!C10)),"PVC", IF(ISNUMBER(SEARCH("PAPEL",INVENTARIO!C10)),"PAP", IF(ISNUMBER(SEARCH("TELA",INVENTARIO!C10)),"TEL", IF(ISNUMBER(SEARCH("CARTULINA",INVENTARIO!C10)),"CAR", IF(OR(ISNUMBER(SEARCH("LAMINA",INVENTARIO!C10)),ISNUMBER(SEARCH("LÁMINA",INVENTARIO!C10)),ISNUMBER(SEARCH("LAMPARAS",INVENTARIO!C10))),"LAM", IF(ISNUMBER(SEARCH("ESTIRENO",INVENTARIO!C10)),"EST", IF(ISNUMBER(SEARCH("FOAMBOARD",INVENTARIO!C10)),"FOA", IF(ISNUMBER(SEARCH("SOLVENTE",INVENTARIO!C10)),"SOL", IF(ISNUMBER(SEARCH("TINTA",INVENTARIO!C10)),"TIN", IF(ISNUMBER(SEARCH("ACRILICO",INVENTARIO!C10)),"ACR", IF(ISNUMBER(SEARCH("MICROLED",INVENTARIO!C10)),"MIC", IF(ISNUMBER(SEARCH("LED",INVENTARIO!C10)),"LED", IF(ISNUMBER(SEARCH("FUENTE DE PODER",INVENTARIO!C10)),"FUE-POD", IF(ISNUMBER(SEARCH("PETG",INVENTARIO!C10)),"PET", IF(ISNUMBER(SEARCH("ALUMINIO",INVENTARIO!C10)),"ALU", IF(ISNUMBER(SEARCH("CANAL",INVENTARIO!C10)),"CAN", IF(ISNUMBER(SEARCH("ESCUADRA",INVENTARIO!C10)),"ESC", IF(ISNUMBER(SEARCH("SOPORTE",INVENTARIO!C10)),"SOP","OTR") )))))))))))))))))))))))))))))) -> LON | B10: =IF(ISNUMBER(SEARCH("CORTE",INVENTARIO!C10)),"COR", IF(ISNUMBER(SEARCH("CITYLIGHT",INVENTARIO!C10)),"CIT", IF(ISNUMBER(SEARCH("LINO",INVENTARIO!C10)),"LIN", IF(ISNUMBER(SEARCH("FABRIANO",INVENTARIO!C10)),"FAB", IF(ISNUMBER(SEARCH("SUNDANCE",INVENTARIO!C10)),"SUN", IF(ISNUMBER(SEARCH("SINTETICA",INVENTARIO!C10)),"SIN", IF(ISNUMBER(SEARCH("CONTROL",INVENTARIO!C10)),"CON", IF(ISNUMBER(SEARCH("TERMICO",INVENTARIO!C10)),"TER", IF(ISNUMBER(SEARCH("C-15",INVENTARIO!C10)),"C15", IF(ISNUMBER(SEARCH("C-20",INVENTARIO!C10)),"C20", IF(ISNUMBER(SEARCH("C-30",INVENTARIO!C10)),"C30", IF(ISNUMBER(SEARCH("C-40",INVENTARIO!C10)),"C40", IF(ISNUMBER(SEARCH("C-60",INVENTARIO!C10)),"C60", IF(ISNUMBER(SEARCH("C-80",INVENTARIO!C10)),"C80", IF(ISNUMBER(SEARCH("EQUIPO",INVENTARIO!C10)),"EQU", IF(ISNUMBER(SEARCH("FLOOR",INVENTARIO!C10)),"FLO", IF(ISNUMBER(SEARCH("CRISTAL",INVENTARIO!C10)),"CRI", IF(ISNUMBER(SEARCH(" SULFATADA",INVENTARIO!C21)),"SUL", IF(ISNUMBER(SEARCH("OPALINA",INVENTARIO!C10)),"OPA", IF(ISNUMBER(SEARCH("ADHERIBLE",INVENTARIO!C10)),"ADH", IF(ISNUMBER(SEARCH("MICRO",INVENTARIO!C10)),"MIC",""))))))))))))))))))))) | C10: =IF(ISNUMBER(SEARCH("PARED",INVENTARIO!C10)),"PAR", IF(ISNUMBER(SEARCH("FRONT",INVENTARIO!C10)),"FRO", IF(ISNUMBER(SEARCH("ALTA RESISTENCIA",INVENTARIO!C10)), "ALT-RES",IF(ISNUMBER(SEARCH("BACKLITE",INVENTARIO!C10)),"BAC", IF(ISNUMBER(SEARCH("MATE",INVENTARIO!C10)),"MAT", IF(ISNUMBER(SEARCH("MESH",INVENTARIO!C10)),"MES", IF(ISNUMBER(SEARCH("BRILLANTE",INVENTARIO!C10)),"BRI", IF(ISNUMBER(SEARCH("DELGADA",INVENTARIO!C10)),"DEL", IF(ISNUMBER(SEARCH("GRUESA",INVENTARIO!C10)),"GRU", IF(ISNUMBER(SEARCH("ESTATICO",INVENTARIO!C10)),"EST", IF(ISNUMBER(SEARCH("REFLECTIVO",INVENTARIO!C10)),"REF", IF(ISNUMBER(SEARCH("LX700",INVENTARIO!C10)),"LX7", IF(ISNUMBER(SEARCH("GRANDO",INVENTARIO!C10)),"GRA", IF(ISNUMBER(SEARCH("FB700",INVENTARIO!C10)),"FB7", IF(ISNUMBER(SEARCH("LX360",INVENTARIO!C10)),"LX3", IF(ISNUMBER(SEARCH("XEROX",INVENTARIO!C10)),"XER", IF(ISNUMBER(SEARCH("CEPILLADO",INVENTARIO!C10)),"CEP", IF(ISNUMBER(SEARCH("ESPEJO",INVENTARIO!C10)),"ESP", IF(ISNUMBER(SEARCH("10 PTS",INVENTARIO!C10)),"10PT", IF(ISNUMBER(SEARCH("12 PTS",INVENTARIO!C10)),"12PT", IF(ISNUMBER(SEARCH("14 PTS",INVENTARIO!C10)),"14PT", IF(ISNUMBER(SEARCH("CLASICO",INVENTARIO!C10)),"CLA", "")))))))))))))))))))))) -> FRO | D10: =IF(ISNUMBER(SEARCH("GRAN FORMATO",INVENTARIO!C10)),"GRA-FOR", IF(ISNUMBER(SEARCH("CAMA PLANA",INVENTARIO!C10)),"CAM-PLA", IF(ISNUMBER(SEARCH("GRADO INGENIERIA",INVENTARIO!C10)),"GRA-ING", IF(ISNUMBER(SEARCH("130 GRS",INVENTARIO!C10)),"130GR", IF(ISNUMBER(SEARCH("150 GRS",INVENTARIO!C10)),"150GR", IF(ISNUMBER(SEARCH("185 GRS",INVENTARIO!C10)),"185GR", IF(ISNUMBER(SEARCH("200 GRS",INVENTARIO!C10)),"200GR", IF(ISNUMBER(SEARCH("250 GRS",INVENTARIO!C10)),"250GR", IF(ISNUMBER(SEARCH("300 GRS",INVENTARIO!C10)),"300GR", IF(ISNUMBER(SEARCH("350 GRS",INVENTARIO!C10)),"350GR", IF(ISNUMBER(SEARCH("18 OZ",INVENTARIO!C10)),"18OZ", IF(ISNUMBER(SEARCH("15 OZ",INVENTARIO!C10)),"15OZ", IF(OR(ISNUMBER(SEARCH("13 OZ",INVENTARIO!C10)),ISNUMBER(SEARCH("13 ONZAS",INVENTARIO!C10))),"13OZ", IF(OR(ISNUMBER(SEARCH("9 OZ",INVENTARIO!C10)),ISNUMBER(SEARCH("9 ONZAS",INVENTARIO!C10))),"09OZ", IF(ISNUMBER(SEARCH("DOBLE CARA",INVENTARIO!C10)),"DOB-CAR", ""))))))))))))))) -> 13OZ | E10: =IF(OR(ISNUMBER(SEARCH("TRANSPARENTE",INVENTARIO!C10)),ISNUMBER(SEARCH("TRANSPARENTES",INVENTARIO!C10))),"TRA", IF(OR(ISNUMBER(SEARCH("BLANCO",INVENTARIO!C10)),ISNUMBER(SEARCH("BCO",INVENTARIO!C10))),"BLA", IF(ISNUMBER(SEARCH("FOTOGRAFICO",INVENTARIO!C10)),"FOT", IF(ISNUMBER(SEARCH("MARFIL",INVENTARIO!C10)),"MAR", IF(ISNUMBER(SEARCH("VERDE",INVENTARIO!C10)),"VER", IF(ISNUMBER(SEARCH("MORADO",INVENTARIO!C10)),"MOR", IF(ISNUMBER(SEARCH("PLATA",INVENTARIO!C10)),"PLA", IF(ISNUMBER(SEARCH("ORO",INVENTARIO!C10)),"ORO", IF(ISNUMBER(SEARCH("AMARILLO",INVENTARIO!C10)),"AMA", IF(ISNUMBER(SEARCH("NARANJA",INVENTARIO!C10)),"NAR", IF(ISNUMBER(SEARCH("NEGRO",INVENTARIO!C10)),"NEG", IF(ISNUMBER(SEARCH("ROJO",INVENTARIO!C10)),"ROJ", IF(ISNUMBER(SEARCH("AZUL",INVENTARIO!C10)),"AZU",""))))))))))))) | F10: =IF(ISNUMBER(SEARCH("ARLON",INVENTARIO!C10)),"ARL", IF(ISNUMBER(SEARCH("SUNTHINKS",INVENTARIO!C10)),"SUN", IF(ISNUMBER(SEARCH("FRIO",INVENTARIO!C10)),"FRI", IF(ISNUMBER(SEARCH("CALIDO",INVENTARIO!C10)),"CAL", IF(ISNUMBER(SEARCH("CEPILLADO",INVENTARIO!C10)),"CEP", IF(ISNUMBER(SEARCH("ESPEJO",INVENTARIO!C10)),"ESP", "")))))) | G10: =IF(ISNUMBER(SEARCH("LATEX",INVENTARIO!C10)),"LAT", IF(ISNUMBER(SEARCH("RESP. NEGRO",INVENTARIO!C10)),"RES-NEG", IF(ISNUMBER(SEARCH("RESPALDO CAFE",INVENTARIO!C10)),"RES-CAF", IF(ISNUMBER(SEARCH("RESPALDO GRIS",INVENTARIO!C10)),"RES-GRI", IF(ISNUMBER(SEARCH("OPTICO",INVENTARIO!C10)),"OPT", IF(ISNUMBER(SEARCH("1,2 MM",INVENTARIO!C10)),"1MM2", IF(ISNUMBER(SEARCH("2 MM",INVENTARIO!C10)),"2MM", IF(ISNUMBER(SEARCH("3 MM",INVENTARIO!C10)),"3MM", IF(ISNUMBER(SEARCH("4 MM",INVENTARIO!C10)),"4MM", IF(ISNUMBER(SEARCH("5 MM",INVENTARIO!C10)),"5MM", IF(ISNUMBER(SEARCH("6 MM",INVENTARIO!C10)),"6MM", IF(ISNUMBER(SEARCH("9 MM",INVENTARIO!C10)),"9MM", IF(ISNUMBER(SEARCH("10 MM",INVENTARIO!C10)),"10MM",""))))))))))))) | H10: =IF(ISNUMBER(SEARCH("GAMA BAJA",INVENTARIO!C10)),"GAM-BAJ", IF(ISNUMBER(SEARCH("OPTIMIZADOR",INVENTARIO!C10)),"OPT", IF(ISNUMBER(SEARCH("OVERCOAT",INVENTARIO!C10)),"OVE", IF(ISNUMBER(SEARCH("WHITE",INVENTARIO!C10)),"WHI", IF(ISNUMBER(SEARCH("LIGHT CYAN",INVENTARIO!C10)),"LIG-CYA", IF(ISNUMBER(SEARCH("CYAN",INVENTARIO!C10)),"CYA", IF(ISNUMBER(SEARCH("LIGHT MAGENTA",INVENTARIO!C10)),"LIG-MAG", IF(ISNUMBER(SEARCH("MAGENTA",INVENTARIO!C10)),"MAG", IF(ISNUMBER(SEARCH("BLACK",INVENTARIO!C10)),"BLA", IF(ISNUMBER(SEARCH("YELLOW",INVENTARIO!C10)),"YEL", IF(ISNUMBER(SEARCH("2 DIODOS",INVENTARIO!C10)),"2DI", IF(ISNUMBER(SEARCH("3 DIODOS",INVENTARIO!C10)),"3DI", IF(OR(ISNUMBER(SEARCH("TRASLUCIDO",INVENTARIO!C10)),ISNUMBER(SEARCH("TRANSLUCIDO",INVENTARIO!C10))),"TRA", ""))))))))))))) | I10: =IF(ISNUMBER(SEARCH("SILED",INVENTARIO!#REF!)),"SI", IF(ISNUMBER(SEARCH("SYDEMEX",INVENTARIO!#REF!)),"SY", IF(ISNUMBER(SEARCH("ROHS",INVENTARIO!#REF!)),"RO", IF(ISNUMBER(SEARCH("RISHANG",INVENTARIO!#REF!)),"RS", IF(ISNUMBER(SEARCH("VYG",INVENTARIO!#REF!)),"VYG", IF(ISNUMBER(SEARCH("COLED",INVENTARIO!#REF!)),"CO",""))))))
A11: =IF(ISNUMBER(SEARCH("LONA",INVENTARIO!C11)),"LON", IF(ISNUMBER(SEARCH("VINIL",INVENTARIO!C11)),"VIN", IF(ISNUMBER(SEARCH("KROMACOTE",INVENTARIO!C11)),"KRO", IF(ISNUMBER(SEARCH("STARDREAM",INVENTARIO!C11)),"STA", IF(ISNUMBER(SEARCH("DISPLAY",INVENTARIO!C11)),"DIS", IF(ISNUMBER(SEARCH("ROLL UP",INVENTARIO!C11)),"ROL-UP", IF(ISNUMBER(SEARCH("TRANSFER DE PAPEL",INVENTARIO!C11)),"TRA-PAP", IF(ISNUMBER(SEARCH("TRANSFER",INVENTARIO!C11)),"TRA",IF(ISNUMBER(SEARCH("KOLA LOKA",INVENTARIO!C11)),"KOL-LOK", IF(ISNUMBER(SEARCH("PETG",INVENTARIO!C11)),"PET", IF(ISNUMBER(SEARCH("OJILLO",INVENTARIO!C11)),"OJI", IF(ISNUMBER(SEARCH("COUCHE",INVENTARIO!C11)),"COU", IF(ISNUMBER(SEARCH("PANEL DE ALUMINIO",INVENTARIO!C11)),"PAN-ALU", IF(ISNUMBER(SEARCH("PVC",INVENTARIO!C11)),"PVC", IF(ISNUMBER(SEARCH("PAPEL",INVENTARIO!C11)),"PAP", IF(ISNUMBER(SEARCH("TELA",INVENTARIO!C11)),"TEL", IF(ISNUMBER(SEARCH("CARTULINA",INVENTARIO!C11)),"CAR", IF(OR(ISNUMBER(SEARCH("LAMINA",INVENTARIO!C11)),ISNUMBER(SEARCH("LÁMINA",INVENTARIO!C11)),ISNUMBER(SEARCH("LAMPARAS",INVENTARIO!C11))),"LAM", IF(ISNUMBER(SEARCH("ESTIRENO",INVENTARIO!C11)),"EST", IF(ISNUMBER(SEARCH("FOAMBOARD",INVENTARIO!C11)),"FOA", IF(ISNUMBER(SEARCH("SOLVENTE",INVENTARIO!C11)),"SOL", IF(ISNUMBER(SEARCH("TINTA",INVENTARIO!C11)),"TIN", IF(ISNUMBER(SEARCH("ACRILICO",INVENTARIO!C11)),"ACR", IF(ISNUMBER(SEARCH("MICROLED",INVENTARIO!C11)),"MIC", IF(ISNUMBER(SEARCH("LED",INVENTARIO!C11)),"LED", IF(ISNUMBER(SEARCH("FUENTE DE PODER",INVENTARIO!C11)),"FUE-POD", IF(ISNUMBER(SEARCH("PETG",INVENTARIO!C11)),"PET", IF(ISNUMBER(SEARCH("ALUMINIO",INVENTARIO!C11)),"ALU", IF(ISNUMBER(SEARCH("CANAL",INVENTARIO!C11)),"CAN", IF(ISNUMBER(SEARCH("ESCUADRA",INVENTARIO!C11)),"ESC", IF(ISNUMBER(SEARCH("SOPORTE",INVENTARIO!C11)),"SOP","OTR") )))))))))))))))))))))))))))))) -> LON | B11: =IF(ISNUMBER(SEARCH("CORTE",INVENTARIO!C11)),"COR", IF(ISNUMBER(SEARCH("CITYLIGHT",INVENTARIO!C11)),"CIT", IF(ISNUMBER(SEARCH("LINO",INVENTARIO!C11)),"LIN", IF(ISNUMBER(SEARCH("FABRIANO",INVENTARIO!C11)),"FAB", IF(ISNUMBER(SEARCH("SUNDANCE",INVENTARIO!C11)),"SUN", IF(ISNUMBER(SEARCH("SINTETICA",INVENTARIO!C11)),"SIN", IF(ISNUMBER(SEARCH("CONTROL",INVENTARIO!C11)),"CON", IF(ISNUMBER(SEARCH("TERMICO",INVENTARIO!C11)),"TER", IF(ISNUMBER(SEARCH("C-15",INVENTARIO!C11)),"C15", IF(ISNUMBER(SEARCH("C-20",INVENTARIO!C11)),"C20", IF(ISNUMBER(SEARCH("C-30",INVENTARIO!C11)),"C30", IF(ISNUMBER(SEARCH("C-40",INVENTARIO!C11)),"C40", IF(ISNUMBER(SEARCH("C-60",INVENTARIO!C11)),"C60", IF(ISNUMBER(SEARCH("C-80",INVENTARIO!C11)),"C80", IF(ISNUMBER(SEARCH("EQUIPO",INVENTARIO!C11)),"EQU", IF(ISNUMBER(SEARCH("FLOOR",INVENTARIO!C11)),"FLO", IF(ISNUMBER(SEARCH("CRISTAL",INVENTARIO!C11)),"CRI", IF(ISNUMBER(SEARCH(" SULFATADA",INVENTARIO!C22)),"SUL", IF(ISNUMBER(SEARCH("OPALINA",INVENTARIO!C11)),"OPA", IF(ISNUMBER(SEARCH("ADHERIBLE",INVENTARIO!C11)),"ADH", IF(ISNUMBER(SEARCH("MICRO",INVENTARIO!C11)),"MIC",""))))))))))))))))))))) | C11: =IF(ISNUMBER(SEARCH("PARED",INVENTARIO!C11)),"PAR", IF(ISNUMBER(SEARCH("FRONT",INVENTARIO!C11)),"FRO", IF(ISNUMBER(SEARCH("ALTA RESISTENCIA",INVENTARIO!C11)), "ALT-RES",IF(ISNUMBER(SEARCH("BACKLITE",INVENTARIO!C11)),"BAC", IF(ISNUMBER(SEARCH("MATE",INVENTARIO!C11)),"MAT", IF(ISNUMBER(SEARCH("MESH",INVENTARIO!C11)),"MES", IF(ISNUMBER(SEARCH("BRILLANTE",INVENTARIO!C11)),"BRI", IF(ISNUMBER(SEARCH("DELGADA",INVENTARIO!C11)),"DEL", IF(ISNUMBER(SEARCH("GRUESA",INVENTARIO!C11)),"GRU", IF(ISNUMBER(SEARCH("ESTATICO",INVENTARIO!C11)),"EST", IF(ISNUMBER(SEARCH("REFLECTIVO",INVENTARIO!C11)),"REF", IF(ISNUMBER(SEARCH("LX700",INVENTARIO!C11)),"LX7", IF(ISNUMBER(SEARCH("GRANDO",INVENTARIO!C11)),"GRA", IF(ISNUMBER(SEARCH("FB700",INVENTARIO!C11)),"FB7", IF(ISNUMBER(SEARCH("LX360",INVENTARIO!C11)),"LX3", IF(ISNUMBER(SEARCH("XEROX",INVENTARIO!C11)),"XER", IF(ISNUMBER(SEARCH("CEPILLADO",INVENTARIO!C11)),"CEP", IF(ISNUMBER(SEARCH("ESPEJO",INVENTARIO!C11)),"ESP", IF(ISNUMBER(SEARCH("10 PTS",INVENTARIO!C11)),"10PT", IF(ISNUMBER(SEARCH("12 PTS",INVENTARIO!C11)),"12PT", IF(ISNUMBER(SEARCH("14 PTS",INVENTARIO!C11)),"14PT", IF(ISNUMBER(SEARCH("CLASICO",INVENTARIO!C11)),"CLA", "")))))))))))))))))))))) -> FRO | D11: =IF(ISNUMBER(SEARCH("GRAN FORMATO",INVENTARIO!C11)),"GRA-FOR", IF(ISNUMBER(SEARCH("CAMA PLANA",INVENTARIO!C11)),"CAM-PLA", IF(ISNUMBER(SEARCH("GRADO INGENIERIA",INVENTARIO!C11)),"GRA-ING", IF(ISNUMBER(SEARCH("130 GRS",INVENTARIO!C11)),"130GR", IF(ISNUMBER(SEARCH("150 GRS",INVENTARIO!C11)),"150GR", IF(ISNUMBER(SEARCH("185 GRS",INVENTARIO!C11)),"185GR", IF(ISNUMBER(SEARCH("200 GRS",INVENTARIO!C11)),"200GR", IF(ISNUMBER(SEARCH("250 GRS",INVENTARIO!C11)),"250GR", IF(ISNUMBER(SEARCH("300 GRS",INVENTARIO!C11)),"300GR", IF(ISNUMBER(SEARCH("350 GRS",INVENTARIO!C11)),"350GR", IF(ISNUMBER(SEARCH("18 OZ",INVENTARIO!C11)),"18OZ", IF(ISNUMBER(SEARCH("15 OZ",INVENTARIO!C11)),"15OZ", IF(OR(ISNUMBER(SEARCH("13 OZ",INVENTARIO!C11)),ISNUMBER(SEARCH("13 ONZAS",INVENTARIO!C11))),"13OZ", IF(OR(ISNUMBER(SEARCH("9 OZ",INVENTARIO!C11)),ISNUMBER(SEARCH("9 ONZAS",INVENTARIO!C11))),"09OZ", IF(ISNUMBER(SEARCH("DOBLE CARA",INVENTARIO!C11)),"DOB-CAR", ""))))))))))))))) -> 13OZ | E11: =IF(OR(ISNUMBER(SEARCH("TRANSPARENTE",INVENTARIO!C11)),ISNUMBER(SEARCH("TRANSPARENTES",INVENTARIO!C11))),"TRA", IF(OR(ISNUMBER(SEARCH("BLANCO",INVENTARIO!C11)),ISNUMBER(SEARCH("BCO",INVENTARIO!C11))),"BLA", IF(ISNUMBER(SEARCH("FOTOGRAFICO",INVENTARIO!C11)),"FOT", IF(ISNUMBER(SEARCH("MARFIL",INVENTARIO!C11)),"MAR", IF(ISNUMBER(SEARCH("VERDE",INVENTARIO!C11)),"VER", IF(ISNUMBER(SEARCH("MORADO",INVENTARIO!C11)),"MOR", IF(ISNUMBER(SEARCH("PLATA",INVENTARIO!C11)),"PLA", IF(ISNUMBER(SEARCH("ORO",INVENTARIO!C11)),"ORO", IF(ISNUMBER(SEARCH("AMARILLO",INVENTARIO!C11)),"AMA", IF(ISNUMBER(SEARCH("NARANJA",INVENTARIO!C11)),"NAR", IF(ISNUMBER(SEARCH("NEGRO",INVENTARIO!C11)),"NEG", IF(ISNUMBER(SEARCH("ROJO",INVENTARIO!C11)),"ROJ", IF(ISNUMBER(SEARCH("AZUL",INVENTARIO!C11)),"AZU",""))))))))))))) | F11: =IF(ISNUMBER(SEARCH("ARLON",INVENTARIO!C11)),"ARL", IF(ISNUMBER(SEARCH("SUNTHINKS",INVENTARIO!C11)),"SUN", IF(ISNUMBER(SEARCH("FRIO",INVENTARIO!C11)),"FRI", IF(ISNUMBER(SEARCH("CALIDO",INVENTARIO!C11)),"CAL", IF(ISNUMBER(SEARCH("CEPILLADO",INVENTARIO!C11)),"CEP", IF(ISNUMBER(SEARCH("ESPEJO",INVENTARIO!C11)),"ESP", "")))))) | G11: =IF(ISNUMBER(SEARCH("LATEX",INVENTARIO!C11)),"LAT", IF(ISNUMBER(SEARCH("RESP. NEGRO",INVENTARIO!C11)),"RES-NEG", IF(ISNUMBER(SEARCH("RESPALDO CAFE",INVENTARIO!C11)),"RES-CAF", IF(ISNUMBER(SEARCH("RESPALDO GRIS",INVENTARIO!C11)),"RES-GRI", IF(ISNUMBER(SEARCH("OPTICO",INVENTARIO!C11)),"OPT", IF(ISNUMBER(SEARCH("1,2 MM",INVENTARIO!C11)),"1MM2", IF(ISNUMBER(SEARCH("2 MM",INVENTARIO!C11)),"2MM", IF(ISNUMBER(SEARCH("3 MM",INVENTARIO!C11)),"3MM", IF(ISNUMBER(SEARCH("4 MM",INVENTARIO!C11)),"4MM", IF(ISNUMBER(SEARCH("5 MM",INVENTARIO!C11)),"5MM", IF(ISNUMBER(SEARCH("6 MM",INVENTARIO!C11)),"6MM", IF(ISNUMBER(SEARCH("9 MM",INVENTARIO!C11)),"9MM", IF(ISNUMBER(SEARCH("10 MM",INVENTARIO!C11)),"10MM",""))))))))))))) | H11: =IF(ISNUMBER(SEARCH("GAMA BAJA",INVENTARIO!C11)),"GAM-BAJ", IF(ISNUMBER(SEARCH("OPTIMIZADOR",INVENTARIO!C11)),"OPT", IF(ISNUMBER(SEARCH("OVERCOAT",INVENTARIO!C11)),"OVE", IF(ISNUMBER(SEARCH("WHITE",INVENTARIO!C11)),"WHI", IF(ISNUMBER(SEARCH("LIGHT CYAN",INVENTARIO!C11)),"LIG-CYA", IF(ISNUMBER(SEARCH("CYAN",INVENTARIO!C11)),"CYA", IF(ISNUMBER(SEARCH("LIGHT MAGENTA",INVENTARIO!C11)),"LIG-MAG", IF(ISNUMBER(SEARCH("MAGENTA",INVENTARIO!C11)),"MAG", IF(ISNUMBER(SEARCH("BLACK",INVENTARIO!C11)),"BLA", IF(ISNUMBER(SEARCH("YELLOW",INVENTARIO!C11)),"YEL", IF(ISNUMBER(SEARCH("2 DIODOS",INVENTARIO!C11)),"2DI", IF(ISNUMBER(SEARCH("3 DIODOS",INVENTARIO!C11)),"3DI", IF(OR(ISNUMBER(SEARCH("TRASLUCIDO",INVENTARIO!C11)),ISNUMBER(SEARCH("TRANSLUCIDO",INVENTARIO!C11))),"TRA", ""))))))))))))) | I11: =IF(ISNUMBER(SEARCH("SILED",INVENTARIO!C8)),"SI", IF(ISNUMBER(SEARCH("SYDEMEX",INVENTARIO!C8)),"SY", IF(ISNUMBER(SEARCH("ROHS",INVENTARIO!C8)),"RO", IF(ISNUMBER(SEARCH("RISHANG",INVENTARIO!C8)),"RS", IF(ISNUMBER(SEARCH("VYG",INVENTARIO!C8)),"VYG", IF(ISNUMBER(SEARCH("COLED",INVENTARIO!C8)),"CO",""))))))
A12: =IF(ISNUMBER(SEARCH("LONA",INVENTARIO!C12)),"LON", IF(ISNUMBER(SEARCH("VINIL",INVENTARIO!C12)),"VIN", IF(ISNUMBER(SEARCH("KROMACOTE",INVENTARIO!C12)),"KRO", IF(ISNUMBER(SEARCH("STARDREAM",INVENTARIO!C12)),"STA", IF(ISNUMBER(SEARCH("DISPLAY",INVENTARIO!C12)),"DIS", IF(ISNUMBER(SEARCH("ROLL UP",INVENTARIO!C12)),"ROL-UP", IF(ISNUMBER(SEARCH("TRANSFER DE PAPEL",INVENTARIO!C12)),"TRA-PAP", IF(ISNUMBER(SEARCH("TRANSFER",INVENTARIO!C12)),"TRA",IF(ISNUMBER(SEARCH("KOLA LOKA",INVENTARIO!C12)),"KOL-LOK", IF(ISNUMBER(SEARCH("PETG",INVENTARIO!C12)),"PET", IF(ISNUMBER(SEARCH("OJILLO",INVENTARIO!C12)),"OJI", IF(ISNUMBER(SEARCH("COUCHE",INVENTARIO!C12)),"COU", IF(ISNUMBER(SEARCH("PANEL DE ALUMINIO",INVENTARIO!C12)),"PAN-ALU", IF(ISNUMBER(SEARCH("PVC",INVENTARIO!C12)),"PVC", IF(ISNUMBER(SEARCH("PAPEL",INVENTARIO!C12)),"PAP", IF(ISNUMBER(SEARCH("TELA",INVENTARIO!C12)),"TEL", IF(ISNUMBER(SEARCH("CARTULINA",INVENTARIO!C12)),"CAR", IF(OR(ISNUMBER(SEARCH("LAMINA",INVENTARIO!C12)),ISNUMBER(SEARCH("LÁMINA",INVENTARIO!C12)),ISNUMBER(SEARCH("LAMPARAS",INVENTARIO!C12))),"LAM", IF(ISNUMBER(SEARCH("ESTIRENO",INVENTARIO!C12)),"EST", IF(ISNUMBER(SEARCH("FOAMBOARD",INVENTARIO!C12)),"FOA", IF(ISNUMBER(SEARCH("SOLVENTE",INVENTARIO!C12)),"SOL", IF(ISNUMBER(SEARCH("TINTA",INVENTARIO!C12)),"TIN", IF(ISNUMBER(SEARCH("ACRILICO",INVENTARIO!C12)),"ACR", IF(ISNUMBER(SEARCH("MICROLED",INVENTARIO!C12)),"MIC", IF(ISNUMBER(SEARCH("LED",INVENTARIO!C12)),"LED", IF(ISNUMBER(SEARCH("FUENTE DE PODER",INVENTARIO!C12)),"FUE-POD", IF(ISNUMBER(SEARCH("PETG",INVENTARIO!C12)),"PET", IF(ISNUMBER(SEARCH("ALUMINIO",INVENTARIO!C12)),"ALU", IF(ISNUMBER(SEARCH("CANAL",INVENTARIO!C12)),"CAN", IF(ISNUMBER(SEARCH("ESCUADRA",INVENTARIO!C12)),"ESC", IF(ISNUMBER(SEARCH("SOPORTE",INVENTARIO!C12)),"SOP","OTR") )))))))))))))))))))))))))))))) -> LON | B12: =IF(ISNUMBER(SEARCH("CORTE",INVENTARIO!C12)),"COR", IF(ISNUMBER(SEARCH("CITYLIGHT",INVENTARIO!C12)),"CIT", IF(ISNUMBER(SEARCH("LINO",INVENTARIO!C12)),"LIN", IF(ISNUMBER(SEARCH("FABRIANO",INVENTARIO!C12)),"FAB", IF(ISNUMBER(SEARCH("SUNDANCE",INVENTARIO!C12)),"SUN", IF(ISNUMBER(SEARCH("SINTETICA",INVENTARIO!C12)),"SIN", IF(ISNUMBER(SEARCH("CONTROL",INVENTARIO!C12)),"CON", IF(ISNUMBER(SEARCH("TERMICO",INVENTARIO!C12)),"TER", IF(ISNUMBER(SEARCH("C-15",INVENTARIO!C12)),"C15", IF(ISNUMBER(SEARCH("C-20",INVENTARIO!C12)),"C20", IF(ISNUMBER(SEARCH("C-30",INVENTARIO!C12)),"C30", IF(ISNUMBER(SEARCH("C-40",INVENTARIO!C12)),"C40", IF(ISNUMBER(SEARCH("C-60",INVENTARIO!C12)),"C60", IF(ISNUMBER(SEARCH("C-80",INVENTARIO!C12)),"C80", IF(ISNUMBER(SEARCH("EQUIPO",INVENTARIO!C12)),"EQU", IF(ISNUMBER(SEARCH("FLOOR",INVENTARIO!C12)),"FLO", IF(ISNUMBER(SEARCH("CRISTAL",INVENTARIO!C12)),"CRI", IF(ISNUMBER(SEARCH(" SULFATADA",INVENTARIO!C23)),"SUL", IF(ISNUMBER(SEARCH("OPALINA",INVENTARIO!C12)),"OPA", IF(ISNUMBER(SEARCH("ADHERIBLE",INVENTARIO!C12)),"ADH", IF(ISNUMBER(SEARCH("MICRO",INVENTARIO!C12)),"MIC",""))))))))))))))))))))) | C12: =IF(ISNUMBER(SEARCH("PARED",INVENTARIO!C12)),"PAR", IF(ISNUMBER(SEARCH("FRONT",INVENTARIO!C12)),"FRO", IF(ISNUMBER(SEARCH("ALTA RESISTENCIA",INVENTARIO!C12)), "ALT-RES",IF(ISNUMBER(SEARCH("BACKLITE",INVENTARIO!C12)),"BAC", IF(ISNUMBER(SEARCH("MATE",INVENTARIO!C12)),"MAT", IF(ISNUMBER(SEARCH("MESH",INVENTARIO!C12)),"MES", IF(ISNUMBER(SEARCH("BRILLANTE",INVENTARIO!C12)),"BRI", IF(ISNUMBER(SEARCH("DELGADA",INVENTARIO!C12)),"DEL", IF(ISNUMBER(SEARCH("GRUESA",INVENTARIO!C12)),"GRU", IF(ISNUMBER(SEARCH("ESTATICO",INVENTARIO!C12)),"EST", IF(ISNUMBER(SEARCH("REFLECTIVO",INVENTARIO!C12)),"REF", IF(ISNUMBER(SEARCH("LX700",INVENTARIO!C12)),"LX7", IF(ISNUMBER(SEARCH("GRANDO",INVENTARIO!C12)),"GRA", IF(ISNUMBER(SEARCH("FB700",INVENTARIO!C12)),"FB7", IF(ISNUMBER(SEARCH("LX360",INVENTARIO!C12)),"LX3", IF(ISNUMBER(SEARCH("XEROX",INVENTARIO!C12)),"XER", IF(ISNUMBER(SEARCH("CEPILLADO",INVENTARIO!C12)),"CEP", IF(ISNUMBER(SEARCH("ESPEJO",INVENTARIO!C12)),"ESP", IF(ISNUMBER(SEARCH("10 PTS",INVENTARIO!C12)),"10PT", IF(ISNUMBER(SEARCH("12 PTS",INVENTARIO!C12)),"12PT", IF(ISNUMBER(SEARCH("14 PTS",INVENTARIO!C12)),"14PT", IF(ISNUMBER(SEARCH("CLASICO",INVENTARIO!C12)),"CLA", "")))))))))))))))))))))) -> FRO | D12: =IF(ISNUMBER(SEARCH("GRAN FORMATO",INVENTARIO!C12)),"GRA-FOR", IF(ISNUMBER(SEARCH("CAMA PLANA",INVENTARIO!C12)),"CAM-PLA", IF(ISNUMBER(SEARCH("GRADO INGENIERIA",INVENTARIO!C12)),"GRA-ING", IF(ISNUMBER(SEARCH("130 GRS",INVENTARIO!C12)),"130GR", IF(ISNUMBER(SEARCH("150 GRS",INVENTARIO!C12)),"150GR", IF(ISNUMBER(SEARCH("185 GRS",INVENTARIO!C12)),"185GR", IF(ISNUMBER(SEARCH("200 GRS",INVENTARIO!C12)),"200GR", IF(ISNUMBER(SEARCH("250 GRS",INVENTARIO!C12)),"250GR", IF(ISNUMBER(SEARCH("300 GRS",INVENTARIO!C12)),"300GR", IF(ISNUMBER(SEARCH("350 GRS",INVENTARIO!C12)),"350GR", IF(ISNUMBER(SEARCH("18 OZ",INVENTARIO!C12)),"18OZ", IF(ISNUMBER(SEARCH("15 OZ",INVENTARIO!C12)),"15OZ", IF(OR(ISNUMBER(SEARCH("13 OZ",INVENTARIO!C12)),ISNUMBER(SEARCH("13 ONZAS",INVENTARIO!C12))),"13OZ", IF(OR(ISNUMBER(SEARCH("9 OZ",INVENTARIO!C12)),ISNUMBER(SEARCH("9 ONZAS",INVENTARIO!C12))),"09OZ", IF(ISNUMBER(SEARCH("DOBLE CARA",INVENTARIO!C12)),"DOB-CAR", ""))))))))))))))) -> 13OZ | E12: =IF(OR(ISNUMBER(SEARCH("TRANSPARENTE",INVENTARIO!C12)),ISNUMBER(SEARCH("TRANSPARENTES",INVENTARIO!C12))),"TRA", IF(OR(ISNUMBER(SEARCH("BLANCO",INVENTARIO!C12)),ISNUMBER(SEARCH("BCO",INVENTARIO!C12))),"BLA", IF(ISNUMBER(SEARCH("FOTOGRAFICO",INVENTARIO!C12)),"FOT", IF(ISNUMBER(SEARCH("MARFIL",INVENTARIO!C12)),"MAR", IF(ISNUMBER(SEARCH("VERDE",INVENTARIO!C12)),"VER", IF(ISNUMBER(SEARCH("MORADO",INVENTARIO!C12)),"MOR", IF(ISNUMBER(SEARCH("PLATA",INVENTARIO!C12)),"PLA", IF(ISNUMBER(SEARCH("ORO",INVENTARIO!C12)),"ORO", IF(ISNUMBER(SEARCH("AMARILLO",INVENTARIO!C12)),"AMA", IF(ISNUMBER(SEARCH("NARANJA",INVENTARIO!C12)),"NAR", IF(ISNUMBER(SEARCH("NEGRO",INVENTARIO!C12)),"NEG", IF(ISNUMBER(SEARCH("ROJO",INVENTARIO!C12)),"ROJ", IF(ISNUMBER(SEARCH("AZUL",INVENTARIO!C12)),"AZU",""))))))))))))) | F12: =IF(ISNUMBER(SEARCH("ARLON",INVENTARIO!C12)),"ARL", IF(ISNUMBER(SEARCH("SUNTHINKS",INVENTARIO!C12)),"SUN", IF(ISNUMBER(SEARCH("FRIO",INVENTARIO!C12)),"FRI", IF(ISNUMBER(SEARCH("CALIDO",INVENTARIO!C12)),"CAL", IF(ISNUMBER(SEARCH("CEPILLADO",INVENTARIO!C12)),"CEP", IF(ISNUMBER(SEARCH("ESPEJO",INVENTARIO!C12)),"ESP", "")))))) | G12: =IF(ISNUMBER(SEARCH("LATEX",INVENTARIO!C12)),"LAT", IF(ISNUMBER(SEARCH("RESP. NEGRO",INVENTARIO!C12)),"RES-NEG", IF(ISNUMBER(SEARCH("RESPALDO CAFE",INVENTARIO!C12)),"RES-CAF", IF(ISNUMBER(SEARCH("RESPALDO GRIS",INVENTARIO!C12)),"RES-GRI", IF(ISNUMBER(SEARCH("OPTICO",INVENTARIO!C12)),"OPT", IF(ISNUMBER(SEARCH("1,2 MM",INVENTARIO!C12)),"1MM2", IF(ISNUMBER(SEARCH("2 MM",INVENTARIO!C12)),"2MM", IF(ISNUMBER(SEARCH("3 MM",INVENTARIO!C12)),"3MM", IF(ISNUMBER(SEARCH("4 MM",INVENTARIO!C12)),"4MM", IF(ISNUMBER(SEARCH("5 MM",INVENTARIO!C12)),"5MM", IF(ISNUMBER(SEARCH("6 MM",INVENTARIO!C12)),"6MM", IF(ISNUMBER(SEARCH("9 MM",INVENTARIO!C12)),"9MM", IF(ISNUMBER(SEARCH("10 MM",INVENTARIO!C12)),"10MM",""))))))))))))) | H12: =IF(ISNUMBER(SEARCH("GAMA BAJA",INVENTARIO!C12)),"GAM-BAJ", IF(ISNUMBER(SEARCH("OPTIMIZADOR",INVENTARIO!C12)),"OPT", IF(ISNUMBER(SEARCH("OVERCOAT",INVENTARIO!C12)),"OVE", IF(ISNUMBER(SEARCH("WHITE",INVENTARIO!C12)),"WHI", IF(ISNUMBER(SEARCH("LIGHT CYAN",INVENTARIO!C12)),"LIG-CYA", IF(ISNUMBER(SEARCH("CYAN",INVENTARIO!C12)),"CYA", IF(ISNUMBER(SEARCH("LIGHT MAGENTA",INVENTARIO!C12)),"LIG-MAG", IF(ISNUMBER(SEARCH("MAGENTA",INVENTARIO!C12)),"MAG", IF(ISNUMBER(SEARCH("BLACK",INVENTARIO!C12)),"BLA", IF(ISNUMBER(SEARCH("YELLOW",INVENTARIO!C12)),"YEL", IF(ISNUMBER(SEARCH("2 DIODOS",INVENTARIO!C12)),"2DI", IF(ISNUMBER(SEARCH("3 DIODOS",INVENTARIO!C12)),"3DI", IF(OR(ISNUMBER(SEARCH("TRASLUCIDO",INVENTARIO!C12)),ISNUMBER(SEARCH("TRANSLUCIDO",INVENTARIO!C12))),"TRA", ""))))))))))))) | I12: =IF(ISNUMBER(SEARCH("SILED",INVENTARIO!#REF!)),"SI", IF(ISNUMBER(SEARCH("SYDEMEX",INVENTARIO!#REF!)),"SY", IF(ISNUMBER(SEARCH("ROHS",INVENTARIO!#REF!)),"RO", IF(ISNUMBER(SEARCH("RISHANG",INVENTARIO!#REF!)),"RS", IF(ISNUMBER(SEARCH("VYG",INVENTARIO!#REF!)),"VYG", IF(ISNUMBER(SEARCH("COLED",INVENTARIO!#REF!)),"CO",""))))))
A13: =IF(ISNUMBER(SEARCH("LONA",INVENTARIO!C13)),"LON", IF(ISNUMBER(SEARCH("VINIL",INVENTARIO!C13)),"VIN", IF(ISNUMBER(SEARCH("KROMACOTE",INVENTARIO!C13)),"KRO", IF(ISNUMBER(SEARCH("STARDREAM",INVENTARIO!C13)),"STA", IF(ISNUMBER(SEARCH("DISPLAY",INVENTARIO!C13)),"DIS", IF(ISNUMBER(SEARCH("ROLL UP",INVENTARIO!C13)),"ROL-UP", IF(ISNUMBER(SEARCH("TRANSFER DE PAPEL",INVENTARIO!C13)),"TRA-PAP", IF(ISNUMBER(SEARCH("TRANSFER",INVENTARIO!C13)),"TRA",IF(ISNUMBER(SEARCH("KOLA LOKA",INVENTARIO!C13)),"KOL-LOK", IF(ISNUMBER(SEARCH("PETG",INVENTARIO!C13)),"PET", IF(ISNUMBER(SEARCH("OJILLO",INVENTARIO!C13)),"OJI", IF(ISNUMBER(SEARCH("COUCHE",INVENTARIO!C13)),"COU", IF(ISNUMBER(SEARCH("PANEL DE ALUMINIO",INVENTARIO!C13)),"PAN-ALU", IF(ISNUMBER(SEARCH("PVC",INVENTARIO!C13)),"PVC", IF(ISNUMBER(SEARCH("PAPEL",INVENTARIO!C13)),"PAP", IF(ISNUMBER(SEARCH("TELA",INVENTARIO!C13)),"TEL", IF(ISNUMBER(SEARCH("CARTULINA",INVENTARIO!C13)),"CAR", IF(OR(ISNUMBER(SEARCH("LAMINA",INVENTARIO!C13)),ISNUMBER(SEARCH("LÁMINA",INVENTARIO!C13)),ISNUMBER(SEARCH("LAMPARAS",INVENTARIO!C13))),"LAM", IF(ISNUMBER(SEARCH("ESTIRENO",INVENTARIO!C13)),"EST", IF(ISNUMBER(SEARCH("FOAMBOARD",INVENTARIO!C13)),"FOA", IF(ISNUMBER(SEARCH("SOLVENTE",INVENTARIO!C13)),"SOL", IF(ISNUMBER(SEARCH("TINTA",INVENTARIO!C13)),"TIN", IF(ISNUMBER(SEARCH("ACRILICO",INVENTARIO!C13)),"ACR", IF(ISNUMBER(SEARCH("MICROLED",INVENTARIO!C13)),"MIC", IF(ISNUMBER(SEARCH("LED",INVENTARIO!C13)),"LED", IF(ISNUMBER(SEARCH("FUENTE DE PODER",INVENTARIO!C13)),"FUE-POD", IF(ISNUMBER(SEARCH("PETG",INVENTARIO!C13)),"PET", IF(ISNUMBER(SEARCH("ALUMINIO",INVENTARIO!C13)),"ALU", IF(ISNUMBER(SEARCH("CANAL",INVENTARIO!C13)),"CAN", IF(ISNUMBER(SEARCH("ESCUADRA",INVENTARIO!C13)),"ESC", IF(ISNUMBER(SEARCH("SOPORTE",INVENTARIO!C13)),"SOP","OTR") )))))))))))))))))))))))))))))) -> LON | B13: =IF(ISNUMBER(SEARCH("CORTE",INVENTARIO!C13)),"COR", IF(ISNUMBER(SEARCH("CITYLIGHT",INVENTARIO!C13)),"CIT", IF(ISNUMBER(SEARCH("LINO",INVENTARIO!C13)),"LIN", IF(ISNUMBER(SEARCH("FABRIANO",INVENTARIO!C13)),"FAB", IF(ISNUMBER(SEARCH("SUNDANCE",INVENTARIO!C13)),"SUN", IF(ISNUMBER(SEARCH("SINTETICA",INVENTARIO!C13)),"SIN", IF(ISNUMBER(SEARCH("CONTROL",INVENTARIO!C13)),"CON", IF(ISNUMBER(SEARCH("TERMICO",INVENTARIO!C13)),"TER", IF(ISNUMBER(SEARCH("C-15",INVENTARIO!C13)),"C15", IF(ISNUMBER(SEARCH("C-20",INVENTARIO!C13)),"C20", IF(ISNUMBER(SEARCH("C-30",INVENTARIO!C13)),"C30", IF(ISNUMBER(SEARCH("C-40",INVENTARIO!C13)),"C40", IF(ISNUMBER(SEARCH("C-60",INVENTARIO!C13)),"C60", IF(ISNUMBER(SEARCH("C-80",INVENTARIO!C13)),"C80", IF(ISNUMBER(SEARCH("EQUIPO",INVENTARIO!C13)),"EQU", IF(ISNUMBER(SEARCH("FLOOR",INVENTARIO!C13)),"FLO", IF(ISNUMBER(SEARCH("CRISTAL",INVENTARIO!C13)),"CRI", IF(ISNUMBER(SEARCH(" SULFATADA",INVENTARIO!C24)),"SUL", IF(ISNUMBER(SEARCH("OPALINA",INVENTARIO!C13)),"OPA", IF(ISNUMBER(SEARCH("ADHERIBLE",INVENTARIO!C13)),"ADH", IF(ISNUMBER(SEARCH("MICRO",INVENTARIO!C13)),"MIC",""))))))))))))))))))))) | C13: =IF(ISNUMBER(SEARCH("PARED",INVENTARIO!C13)),"PAR", IF(ISNUMBER(SEARCH("FRONT",INVENTARIO!C13)),"FRO", IF(ISNUMBER(SEARCH("ALTA RESISTENCIA",INVENTARIO!C13)), "ALT-RES",IF(ISNUMBER(SEARCH("BACKLITE",INVENTARIO!C13)),"BAC", IF(ISNUMBER(SEARCH("MATE",INVENTARIO!C13)),"MAT", IF(ISNUMBER(SEARCH("MESH",INVENTARIO!C13)),"MES", IF(ISNUMBER(SEARCH("BRILLANTE",INVENTARIO!C13)),"BRI", IF(ISNUMBER(SEARCH("DELGADA",INVENTARIO!C13)),"DEL", IF(ISNUMBER(SEARCH("GRUESA",INVENTARIO!C13)),"GRU", IF(ISNUMBER(SEARCH("ESTATICO",INVENTARIO!C13)),"EST", IF(ISNUMBER(SEARCH("REFLECTIVO",INVENTARIO!C13)),"REF", IF(ISNUMBER(SEARCH("LX700",INVENTARIO!C13)),"LX7", IF(ISNUMBER(SEARCH("GRANDO",INVENTARIO!C13)),"GRA", IF(ISNUMBER(SEARCH("FB700",INVENTARIO!C13)),"FB7", IF(ISNUMBER(SEARCH("LX360",INVENTARIO!C13)),"LX3", IF(ISNUMBER(SEARCH("XEROX",INVENTARIO!C13)),"XER", IF(ISNUMBER(SEARCH("CEPILLADO",INVENTARIO!C13)),"CEP", IF(ISNUMBER(SEARCH("ESPEJO",INVENTARIO!C13)),"ESP", IF(ISNUMBER(SEARCH("10 PTS",INVENTARIO!C13)),"10PT", IF(ISNUMBER(SEARCH("12 PTS",INVENTARIO!C13)),"12PT", IF(ISNUMBER(SEARCH("14 PTS",INVENTARIO!C13)),"14PT", IF(ISNUMBER(SEARCH("CLASICO",INVENTARIO!C13)),"CLA", "")))))))))))))))))))))) -> ALT-RES | D13: =IF(ISNUMBER(SEARCH("GRAN FORMATO",INVENTARIO!C13)),"GRA-FOR", IF(ISNUMBER(SEARCH("CAMA PLANA",INVENTARIO!C13)),"CAM-PLA", IF(ISNUMBER(SEARCH("GRADO INGENIERIA",INVENTARIO!C13)),"GRA-ING", IF(ISNUMBER(SEARCH("130 GRS",INVENTARIO!C13)),"130GR", IF(ISNUMBER(SEARCH("150 GRS",INVENTARIO!C13)),"150GR", IF(ISNUMBER(SEARCH("185 GRS",INVENTARIO!C13)),"185GR", IF(ISNUMBER(SEARCH("200 GRS",INVENTARIO!C13)),"200GR", IF(ISNUMBER(SEARCH("250 GRS",INVENTARIO!C13)),"250GR", IF(ISNUMBER(SEARCH("300 GRS",INVENTARIO!C13)),"300GR", IF(ISNUMBER(SEARCH("350 GRS",INVENTARIO!C13)),"350GR", IF(ISNUMBER(SEARCH("18 OZ",INVENTARIO!C13)),"18OZ", IF(ISNUMBER(SEARCH("15 OZ",INVENTARIO!C13)),"15OZ", IF(OR(ISNUMBER(SEARCH("13 OZ",INVENTARIO!C13)),ISNUMBER(SEARCH("13 ONZAS",INVENTARIO!C13))),"13OZ", IF(OR(ISNUMBER(SEARCH("9 OZ",INVENTARIO!C13)),ISNUMBER(SEARCH("9 ONZAS",INVENTARIO!C13))),"09OZ", IF(ISNUMBER(SEARCH("DOBLE CARA",INVENTARIO!C13)),"DOB-CAR", ""))))))))))))))) | E13: =IF(OR(ISNUMBER(SEARCH("TRANSPARENTE",INVENTARIO!C13)),ISNUMBER(SEARCH("TRANSPARENTES",INVENTARIO!C13))),"TRA", IF(OR(ISNUMBER(SEARCH("BLANCO",INVENTARIO!C13)),ISNUMBER(SEARCH("BCO",INVENTARIO!C13))),"BLA", IF(ISNUMBER(SEARCH("FOTOGRAFICO",INVENTARIO!C13)),"FOT", IF(ISNUMBER(SEARCH("MARFIL",INVENTARIO!C13)),"MAR", IF(ISNUMBER(SEARCH("VERDE",INVENTARIO!C13)),"VER", IF(ISNUMBER(SEARCH("MORADO",INVENTARIO!C13)),"MOR", IF(ISNUMBER(SEARCH("PLATA",INVENTARIO!C13)),"PLA", IF(ISNUMBER(SEARCH("ORO",INVENTARIO!C13)),"ORO", IF(ISNUMBER(SEARCH("AMARILLO",INVENTARIO!C13)),"AMA", IF(ISNUMBER(SEARCH("NARANJA",INVENTARIO!C13)),"NAR", IF(ISNUMBER(SEARCH("NEGRO",INVENTARIO!C13)),"NEG", IF(ISNUMBER(SEARCH("ROJO",INVENTARIO!C13)),"ROJ", IF(ISNUMBER(SEARCH("AZUL",INVENTARIO!C13)),"AZU",""))))))))))))) | F13: =IF(ISNUMBER(SEARCH("ARLON",INVENTARIO!C13)),"ARL", IF(ISNUMBER(SEARCH("SUNTHINKS",INVENTARIO!C13)),"SUN", IF(ISNUMBER(SEARCH("FRIO",INVENTARIO!C13)),"FRI", IF(ISNUMBER(SEARCH("CALIDO",INVENTARIO!C13)),"CAL", IF(ISNUMBER(SEARCH("CEPILLADO",INVENTARIO!C13)),"CEP", IF(ISNUMBER(SEARCH("ESPEJO",INVENTARIO!C13)),"ESP", "")))))) | G13: =IF(ISNUMBER(SEARCH("LATEX",INVENTARIO!C13)),"LAT", IF(ISNUMBER(SEARCH("RESP. NEGRO",INVENTARIO!C13)),"RES-NEG", IF(ISNUMBER(SEARCH("RESPALDO CAFE",INVENTARIO!C13)),"RES-CAF", IF(ISNUMBER(SEARCH("RESPALDO GRIS",INVENTARIO!C13)),"RES-GRI", IF(ISNUMBER(SEARCH("OPTICO",INVENTARIO!C13)),"OPT", IF(ISNUMBER(SEARCH("1,2 MM",INVENTARIO!C13)),"1MM2", IF(ISNUMBER(SEARCH("2 MM",INVENTARIO!C13)),"2MM", IF(ISNUMBER(SEARCH("3 MM",INVENTARIO!C13)),"3MM", IF(ISNUMBER(SEARCH("4 MM",INVENTARIO!C13)),"4MM", IF(ISNUMBER(SEARCH("5 MM",INVENTARIO!C13)),"5MM", IF(ISNUMBER(SEARCH("6 MM",INVENTARIO!C13)),"6MM", IF(ISNUMBER(SEARCH("9 MM",INVENTARIO!C13)),"9MM", IF(ISNUMBER(SEARCH("10 MM",INVENTARIO!C13)),"10MM",""))))))))))))) | H13: =IF(ISNUMBER(SEARCH("GAMA BAJA",INVENTARIO!C13)),"GAM-BAJ", IF(ISNUMBER(SEARCH("OPTIMIZADOR",INVENTARIO!C13)),"OPT", IF(ISNUMBER(SEARCH("OVERCOAT",INVENTARIO!C13)),"OVE", IF(ISNUMBER(SEARCH("WHITE",INVENTARIO!C13)),"WHI", IF(ISNUMBER(SEARCH("LIGHT CYAN",INVENTARIO!C13)),"LIG-CYA", IF(ISNUMBER(SEARCH("CYAN",INVENTARIO!C13)),"CYA", IF(ISNUMBER(SEARCH("LIGHT MAGENTA",INVENTARIO!C13)),"LIG-MAG", IF(ISNUMBER(SEARCH("MAGENTA",INVENTARIO!C13)),"MAG", IF(ISNUMBER(SEARCH("BLACK",INVENTARIO!C13)),"BLA", IF(ISNUMBER(SEARCH("YELLOW",INVENTARIO!C13)),"YEL", IF(ISNUMBER(SEARCH("2 DIODOS",INVENTARIO!C13)),"2DI", IF(ISNUMBER(SEARCH("3 DIODOS",INVENTARIO!C13)),"3DI", IF(OR(ISNUMBER(SEARCH("TRASLUCIDO",INVENTARIO!C13)),ISNUMBER(SEARCH("TRANSLUCIDO",INVENTARIO!C13))),"TRA", ""))))))))))))) | I13: =IF(ISNUMBER(SEARCH("SILED",INVENTARIO!C9)),"SI", IF(ISNUMBER(SEARCH("SYDEMEX",INVENTARIO!C9)),"SY", IF(ISNUMBER(SEARCH("ROHS",INVENTARIO!C9)),"RO", IF(ISNUMBER(SEARCH("RISHANG",INVENTARIO!C9)),"RS", IF(ISNUMBER(SEARCH("VYG",INVENTARIO!C9)),"VYG", IF(ISNUMBER(SEARCH("COLED",INVENTARIO!C9)),"CO",""))))))
A14: =IF(ISNUMBER(SEARCH("LONA",INVENTARIO!C14)),"LON", IF(ISNUMBER(SEARCH("VINIL",INVENTARIO!C14)),"VIN", IF(ISNUMBER(SEARCH("KROMACOTE",INVENTARIO!C14)),"KRO", IF(ISNUMBER(SEARCH("STARDREAM",INVENTARIO!C14)),"STA", IF(ISNUMBER(SEARCH("DISPLAY",INVENTARIO!C14)),"DIS", IF(ISNUMBER(SEARCH("ROLL UP",INVENTARIO!C14)),"ROL-UP", IF(ISNUMBER(SEARCH("TRANSFER DE PAPEL",INVENTARIO!C14)),"TRA-PAP", IF(ISNUMBER(SEARCH("TRANSFER",INVENTARIO!C14)),"TRA",IF(ISNUMBER(SEARCH("KOLA LOKA",INVENTARIO!C14)),"KOL-LOK", IF(ISNUMBER(SEARCH("PETG",INVENTARIO!C14)),"PET", IF(ISNUMBER(SEARCH("OJILLO",INVENTARIO!C14)),"OJI", IF(ISNUMBER(SEARCH("COUCHE",INVENTARIO!C14)),"COU", IF(ISNUMBER(SEARCH("PANEL DE ALUMINIO",INVENTARIO!C14)),"PAN-ALU", IF(ISNUMBER(SEARCH("PVC",INVENTARIO!C14)),"PVC", IF(ISNUMBER(SEARCH("PAPEL",INVENTARIO!C14)),"PAP", IF(ISNUMBER(SEARCH("TELA",INVENTARIO!C14)),"TEL", IF(ISNUMBER(SEARCH("CARTULINA",INVENTARIO!C14)),"CAR", IF(OR(ISNUMBER(SEARCH("LAMINA",INVENTARIO!C14)),ISNUMBER(SEARCH("LÁMINA",INVENTARIO!C14)),ISNUMBER(SEARCH("LAMPARAS",INVENTARIO!C14))),"LAM", IF(ISNUMBER(SEARCH("ESTIRENO",INVENTARIO!C14)),"EST", IF(ISNUMBER(SEARCH("FOAMBOARD",INVENTARIO!C14)),"FOA", IF(ISNUMBER(SEARCH("SOLVENTE",INVENTARIO!C14)),"SOL", IF(ISNUMBER(SEARCH("TINTA",INVENTARIO!C14)),"TIN", IF(ISNUMBER(SEARCH("ACRILICO",INVENTARIO!C14)),"ACR", IF(ISNUMBER(SEARCH("MICROLED",INVENTARIO!C14)),"MIC", IF(ISNUMBER(SEARCH("LED",INVENTARIO!C14)),"LED", IF(ISNUMBER(SEARCH("FUENTE DE PODER",INVENTARIO!C14)),"FUE-POD", IF(ISNUMBER(SEARCH("PETG",INVENTARIO!C14)),"PET", IF(ISNUMBER(SEARCH("ALUMINIO",INVENTARIO!C14)),"ALU", IF(ISNUMBER(SEARCH("CANAL",INVENTARIO!C14)),"CAN", IF(ISNUMBER(SEARCH("ESCUADRA",INVENTARIO!C14)),"ESC", IF(ISNUMBER(SEARCH("SOPORTE",INVENTARIO!C14)),"SOP","OTR") )))))))))))))))))))))))))))))) -> LON | B14: =IF(ISNUMBER(SEARCH("CORTE",INVENTARIO!C14)),"COR", IF(ISNUMBER(SEARCH("CITYLIGHT",INVENTARIO!C14)),"CIT", IF(ISNUMBER(SEARCH("LINO",INVENTARIO!C14)),"LIN", IF(ISNUMBER(SEARCH("FABRIANO",INVENTARIO!C14)),"FAB", IF(ISNUMBER(SEARCH("SUNDANCE",INVENTARIO!C14)),"SUN", IF(ISNUMBER(SEARCH("SINTETICA",INVENTARIO!C14)),"SIN", IF(ISNUMBER(SEARCH("CONTROL",INVENTARIO!C14)),"CON", IF(ISNUMBER(SEARCH("TERMICO",INVENTARIO!C14)),"TER", IF(ISNUMBER(SEARCH("C-15",INVENTARIO!C14)),"C15", IF(ISNUMBER(SEARCH("C-20",INVENTARIO!C14)),"C20", IF(ISNUMBER(SEARCH("C-30",INVENTARIO!C14)),"C30", IF(ISNUMBER(SEARCH("C-40",INVENTARIO!C14)),"C40", IF(ISNUMBER(SEARCH("C-60",INVENTARIO!C14)),"C60", IF(ISNUMBER(SEARCH("C-80",INVENTARIO!C14)),"C80", IF(ISNUMBER(SEARCH("EQUIPO",INVENTARIO!C14)),"EQU", IF(ISNUMBER(SEARCH("FLOOR",INVENTARIO!C14)),"FLO", IF(ISNUMBER(SEARCH("CRISTAL",INVENTARIO!C14)),"CRI", IF(ISNUMBER(SEARCH(" SULFATADA",INVENTARIO!C25)),"SUL", IF(ISNUMBER(SEARCH("OPALINA",INVENTARIO!C14)),"OPA", IF(ISNUMBER(SEARCH("ADHERIBLE",INVENTARIO!C14)),"ADH", IF(ISNUMBER(SEARCH("MICRO",INVENTARIO!C14)),"MIC",""))))))))))))))))))))) | C14: =IF(ISNUMBER(SEARCH("PARED",INVENTARIO!C14)),"PAR", IF(ISNUMBER(SEARCH("FRONT",INVENTARIO!C14)),"FRO", IF(ISNUMBER(SEARCH("ALTA RESISTENCIA",INVENTARIO!C14)), "ALT-RES",IF(ISNUMBER(SEARCH("BACKLITE",INVENTARIO!C14)),"BAC", IF(ISNUMBER(SEARCH("MATE",INVENTARIO!C14)),"MAT", IF(ISNUMBER(SEARCH("MESH",INVENTARIO!C14)),"MES", IF(ISNUMBER(SEARCH("BRILLANTE",INVENTARIO!C14)),"BRI", IF(ISNUMBER(SEARCH("DELGADA",INVENTARIO!C14)),"DEL", IF(ISNUMBER(SEARCH("GRUESA",INVENTARIO!C14)),"GRU", IF(ISNUMBER(SEARCH("ESTATICO",INVENTARIO!C14)),"EST", IF(ISNUMBER(SEARCH("REFLECTIVO",INVENTARIO!C14)),"REF", IF(ISNUMBER(SEARCH("LX700",INVENTARIO!C14)),"LX7", IF(ISNUMBER(SEARCH("GRANDO",INVENTARIO!C14)),"GRA", IF(ISNUMBER(SEARCH("FB700",INVENTARIO!C14)),"FB7", IF(ISNUMBER(SEARCH("LX360",INVENTARIO!C14)),"LX3", IF(ISNUMBER(SEARCH("XEROX",INVENTARIO!C14)),"XER", IF(ISNUMBER(SEARCH("CEPILLADO",INVENTARIO!C14)),"CEP", IF(ISNUMBER(SEARCH("ESPEJO",INVENTARIO!C14)),"ESP", IF(ISNUMBER(SEARCH("10 PTS",INVENTARIO!C14)),"10PT", IF(ISNUMBER(SEARCH("12 PTS",INVENTARIO!C14)),"12PT", IF(ISNUMBER(SEARCH("14 PTS",INVENTARIO!C14)),"14PT", IF(ISNUMBER(SEARCH("CLASICO",INVENTARIO!C14)),"CLA", "")))))))))))))))))))))) -> ALT-RES | D14: =IF(ISNUMBER(SEARCH("GRAN FORMATO",INVENTARIO!C14)),"GRA-FOR", IF(ISNUMBER(SEARCH("CAMA PLANA",INVENTARIO!C14)),"CAM-PLA", IF(ISNUMBER(SEARCH("GRADO INGENIERIA",INVENTARIO!C14)),"GRA-ING", IF(ISNUMBER(SEARCH("130 GRS",INVENTARIO!C14)),"130GR", IF(ISNUMBER(SEARCH("150 GRS",INVENTARIO!C14)),"150GR", IF(ISNUMBER(SEARCH("185 GRS",INVENTARIO!C14)),"185GR", IF(ISNUMBER(SEARCH("200 GRS",INVENTARIO!C14)),"200GR", IF(ISNUMBER(SEARCH("250 GRS",INVENTARIO!C14)),"250GR", IF(ISNUMBER(SEARCH("300 GRS",INVENTARIO!C14)),"300GR", IF(ISNUMBER(SEARCH("350 GRS",INVENTARIO!C14)),"350GR", IF(ISNUMBER(SEARCH("18 OZ",INVENTARIO!C14)),"18OZ", IF(ISNUMBER(SEARCH("15 OZ",INVENTARIO!C14)),"15OZ", IF(OR(ISNUMBER(SEARCH("13 OZ",INVENTARIO!C14)),ISNUMBER(SEARCH("13 ONZAS",INVENTARIO!C14))),"13OZ", IF(OR(ISNUMBER(SEARCH("9 OZ",INVENTARIO!C14)),ISNUMBER(SEARCH("9 ONZAS",INVENTARIO!C14))),"09OZ", IF(ISNUMBER(SEARCH("DOBLE CARA",INVENTARIO!C14)),"DOB-CAR", ""))))))))))))))) | E14: =IF(OR(ISNUMBER(SEARCH("TRANSPARENTE",INVENTARIO!C14)),ISNUMBER(SEARCH("TRANSPARENTES",INVENTARIO!C14))),"TRA", IF(OR(ISNUMBER(SEARCH("BLANCO",INVENTARIO!C14)),ISNUMBER(SEARCH("BCO",INVENTARIO!C14))),"BLA", IF(ISNUMBER(SEARCH("FOTOGRAFICO",INVENTARIO!C14)),"FOT", IF(ISNUMBER(SEARCH("MARFIL",INVENTARIO!C14)),"MAR", IF(ISNUMBER(SEARCH("VERDE",INVENTARIO!C14)),"VER", IF(ISNUMBER(SEARCH("MORADO",INVENTARIO!C14)),"MOR", IF(ISNUMBER(SEARCH("PLATA",INVENTARIO!C14)),"PLA", IF(ISNUMBER(SEARCH("ORO",INVENTARIO!C14)),"ORO", IF(ISNUMBER(SEARCH("AMARILLO",INVENTARIO!C14)),"AMA", IF(ISNUMBER(SEARCH("NARANJA",INVENTARIO!C14)),"NAR", IF(ISNUMBER(SEARCH("NEGRO",INVENTARIO!C14)),"NEG", IF(ISNUMBER(SEARCH("ROJO",INVENTARIO!C14)),"ROJ", IF(ISNUMBER(SEARCH("AZUL",INVENTARIO!C14)),"AZU",""))))))))))))) | F14: =IF(ISNUMBER(SEARCH("ARLON",INVENTARIO!C14)),"ARL", IF(ISNUMBER(SEARCH("SUNTHINKS",INVENTARIO!C14)),"SUN", IF(ISNUMBER(SEARCH("FRIO",INVENTARIO!C14)),"FRI", IF(ISNUMBER(SEARCH("CALIDO",INVENTARIO!C14)),"CAL", IF(ISNUMBER(SEARCH("CEPILLADO",INVENTARIO!C14)),"CEP", IF(ISNUMBER(SEARCH("ESPEJO",INVENTARIO!C14)),"ESP", "")))))) | G14: =IF(ISNUMBER(SEARCH("LATEX",INVENTARIO!C14)),"LAT", IF(ISNUMBER(SEARCH("RESP. NEGRO",INVENTARIO!C14)),"RES-NEG", IF(ISNUMBER(SEARCH("RESPALDO CAFE",INVENTARIO!C14)),"RES-CAF", IF(ISNUMBER(SEARCH("RESPALDO GRIS",INVENTARIO!C14)),"RES-GRI", IF(ISNUMBER(SEARCH("OPTICO",INVENTARIO!C14)),"OPT", IF(ISNUMBER(SEARCH("1,2 MM",INVENTARIO!C14)),"1MM2", IF(ISNUMBER(SEARCH("2 MM",INVENTARIO!C14)),"2MM", IF(ISNUMBER(SEARCH("3 MM",INVENTARIO!C14)),"3MM", IF(ISNUMBER(SEARCH("4 MM",INVENTARIO!C14)),"4MM", IF(ISNUMBER(SEARCH("5 MM",INVENTARIO!C14)),"5MM", IF(ISNUMBER(SEARCH("6 MM",INVENTARIO!C14)),"6MM", IF(ISNUMBER(SEARCH("9 MM",INVENTARIO!C14)),"9MM", IF(ISNUMBER(SEARCH("10 MM",INVENTARIO!C14)),"10MM",""))))))))))))) | H14: =IF(ISNUMBER(SEARCH("GAMA BAJA",INVENTARIO!C14)),"GAM-BAJ", IF(ISNUMBER(SEARCH("OPTIMIZADOR",INVENTARIO!C14)),"OPT", IF(ISNUMBER(SEARCH("OVERCOAT",INVENTARIO!C14)),"OVE", IF(ISNUMBER(SEARCH("WHITE",INVENTARIO!C14)),"WHI", IF(ISNUMBER(SEARCH("LIGHT CYAN",INVENTARIO!C14)),"LIG-CYA", IF(ISNUMBER(SEARCH("CYAN",INVENTARIO!C14)),"CYA", IF(ISNUMBER(SEARCH("LIGHT MAGENTA",INVENTARIO!C14)),"LIG-MAG", IF(ISNUMBER(SEARCH("MAGENTA",INVENTARIO!C14)),"MAG", IF(ISNUMBER(SEARCH("BLACK",INVENTARIO!C14)),"BLA", IF(ISNUMBER(SEARCH("YELLOW",INVENTARIO!C14)),"YEL", IF(ISNUMBER(SEARCH("2 DIODOS",INVENTARIO!C14)),"2DI", IF(ISNUMBER(SEARCH("3 DIODOS",INVENTARIO!C14)),"3DI", IF(OR(ISNUMBER(SEARCH("TRASLUCIDO",INVENTARIO!C14)),ISNUMBER(SEARCH("TRANSLUCIDO",INVENTARIO!C14))),"TRA", ""))))))))))))) | I14: =IF(ISNUMBER(SEARCH("SILED",INVENTARIO!C10)),"SI", IF(ISNUMBER(SEARCH("SYDEMEX",INVENTARIO!C10)),"SY", IF(ISNUMBER(SEARCH("ROHS",INVENTARIO!C10)),"RO", IF(ISNUMBER(SEARCH("RISHANG",INVENTARIO!C10)),"RS", IF(ISNUMBER(SEARCH("VYG",INVENTARIO!C10)),"VYG", IF(ISNUMBER(SEARCH("COLED",INVENTARIO!C10)),"CO",""))))))
A15: =IF(ISNUMBER(SEARCH("LONA",INVENTARIO!C15)),"LON", IF(ISNUMBER(SEARCH("VINIL",INVENTARIO!C15)),"VIN", IF(ISNUMBER(SEARCH("KROMACOTE",INVENTARIO!C15)),"KRO", IF(ISNUMBER(SEARCH("STARDREAM",INVENTARIO!C15)),"STA", IF(ISNUMBER(SEARCH("DISPLAY",INVENTARIO!C15)),"DIS", IF(ISNUMBER(SEARCH("ROLL UP",INVENTARIO!C15)),"ROL-UP", IF(ISNUMBER(SEARCH("TRANSFER DE PAPEL",INVENTARIO!C15)),"TRA-PAP", IF(ISNUMBER(SEARCH("TRANSFER",INVENTARIO!C15)),"TRA",IF(ISNUMBER(SEARCH("KOLA LOKA",INVENTARIO!C15)),"KOL-LOK", IF(ISNUMBER(SEARCH("PETG",INVENTARIO!C15)),"PET", IF(ISNUMBER(SEARCH("OJILLO",INVENTARIO!C15)),"OJI", IF(ISNUMBER(SEARCH("COUCHE",INVENTARIO!C15)),"COU", IF(ISNUMBER(SEARCH("PANEL DE ALUMINIO",INVENTARIO!C15)),"PAN-ALU", IF(ISNUMBER(SEARCH("PVC",INVENTARIO!C15)),"PVC", IF(ISNUMBER(SEARCH("PAPEL",INVENTARIO!C15)),"PAP", IF(ISNUMBER(SEARCH("TELA",INVENTARIO!C15)),"TEL", IF(ISNUMBER(SEARCH("CARTULINA",INVENTARIO!C15)),"CAR", IF(OR(ISNUMBER(SEARCH("LAMINA",INVENTARIO!C15)),ISNUMBER(SEARCH("LÁMINA",INVENTARIO!C15)),ISNUMBER(SEARCH("LAMPARAS",INVENTARIO!C15))),"LAM", IF(ISNUMBER(SEARCH("ESTIRENO",INVENTARIO!C15)),"EST", IF(ISNUMBER(SEARCH("FOAMBOARD",INVENTARIO!C15)),"FOA", IF(ISNUMBER(SEARCH("SOLVENTE",INVENTARIO!C15)),"SOL", IF(ISNUMBER(SEARCH("TINTA",INVENTARIO!C15)),"TIN", IF(ISNUMBER(SEARCH("ACRILICO",INVENTARIO!C15)),"ACR", IF(ISNUMBER(SEARCH("MICROLED",INVENTARIO!C15)),"MIC", IF(ISNUMBER(SEARCH("LED",INVENTARIO!C15)),"LED", IF(ISNUMBER(SEARCH("FUENTE DE PODER",INVENTARIO!C15)),"FUE-POD", IF(ISNUMBER(SEARCH("PETG",INVENTARIO!C15)),"PET", IF(ISNUMBER(SEARCH("ALUMINIO",INVENTARIO!C15)),"ALU", IF(ISNUMBER(SEARCH("CANAL",INVENTARIO!C15)),"CAN", IF(ISNUMBER(SEARCH("ESCUADRA",INVENTARIO!C15)),"ESC", IF(ISNUMBER(SEARCH("SOPORTE",INVENTARIO!C15)),"SOP","OTR") )))))))))))))))))))))))))))))) -> LON | B15: =IF(ISNUMBER(SEARCH("CORTE",INVENTARIO!C15)),"COR", IF(ISNUMBER(SEARCH("CITYLIGHT",INVENTARIO!C15)),"CIT", IF(ISNUMBER(SEARCH("LINO",INVENTARIO!C15)),"LIN", IF(ISNUMBER(SEARCH("FABRIANO",INVENTARIO!C15)),"FAB", IF(ISNUMBER(SEARCH("SUNDANCE",INVENTARIO!C15)),"SUN", IF(ISNUMBER(SEARCH("SINTETICA",INVENTARIO!C15)),"SIN", IF(ISNUMBER(SEARCH("CONTROL",INVENTARIO!C15)),"CON", IF(ISNUMBER(SEARCH("TERMICO",INVENTARIO!C15)),"TER", IF(ISNUMBER(SEARCH("C-15",INVENTARIO!C15)),"C15", IF(ISNUMBER(SEARCH("C-20",INVENTARIO!C15)),"C20", IF(ISNUMBER(SEARCH("C-30",INVENTARIO!C15)),"C30", IF(ISNUMBER(SEARCH("C-40",INVENTARIO!C15)),"C40", IF(ISNUMBER(SEARCH("C-60",INVENTARIO!C15)),"C60", IF(ISNUMBER(SEARCH("C-80",INVENTARIO!C15)),"C80", IF(ISNUMBER(SEARCH("EQUIPO",INVENTARIO!C15)),"EQU", IF(ISNUMBER(SEARCH("FLOOR",INVENTARIO!C15)),"FLO", IF(ISNUMBER(SEARCH("CRISTAL",INVENTARIO!C15)),"CRI", IF(ISNUMBER(SEARCH(" SULFATADA",INVENTARIO!C26)),"SUL", IF(ISNUMBER(SEARCH("OPALINA",INVENTARIO!C15)),"OPA", IF(ISNUMBER(SEARCH("ADHERIBLE",INVENTARIO!C15)),"ADH", IF(ISNUMBER(SEARCH("MICRO",INVENTARIO!C15)),"MIC",""))))))))))))))))))))) | C15: =IF(ISNUMBER(SEARCH("PARED",INVENTARIO!C15)),"PAR", IF(ISNUMBER(SEARCH("FRONT",INVENTARIO!C15)),"FRO", IF(ISNUMBER(SEARCH("ALTA RESISTENCIA",INVENTARIO!C15)), "ALT-RES",IF(ISNUMBER(SEARCH("BACKLITE",INVENTARIO!C15)),"BAC", IF(ISNUMBER(SEARCH("MATE",INVENTARIO!C15)),"MAT", IF(ISNUMBER(SEARCH("MESH",INVENTARIO!C15)),"MES", IF(ISNUMBER(SEARCH("BRILLANTE",INVENTARIO!C15)),"BRI", IF(ISNUMBER(SEARCH("DELGADA",INVENTARIO!C15)),"DEL", IF(ISNUMBER(SEARCH("GRUESA",INVENTARIO!C15)),"GRU", IF(ISNUMBER(SEARCH("ESTATICO",INVENTARIO!C15)),"EST", IF(ISNUMBER(SEARCH("REFLECTIVO",INVENTARIO!C15)),"REF", IF(ISNUMBER(SEARCH("LX700",INVENTARIO!C15)),"LX7", IF(ISNUMBER(SEARCH("GRANDO",INVENTARIO!C15)),"GRA", IF(ISNUMBER(SEARCH("FB700",INVENTARIO!C15)),"FB7", IF(ISNUMBER(SEARCH("LX360",INVENTARIO!C15)),"LX3", IF(ISNUMBER(SEARCH("XEROX",INVENTARIO!C15)),"XER", IF(ISNUMBER(SEARCH("CEPILLADO",INVENTARIO!C15)),"CEP", IF(ISNUMBER(SEARCH("ESPEJO",INVENTARIO!C15)),"ESP", IF(ISNUMBER(SEARCH("10 PTS",INVENTARIO!C15)),"10PT", IF(ISNUMBER(SEARCH("12 PTS",INVENTARIO!C15)),"12PT", IF(ISNUMBER(SEARCH("14 PTS",INVENTARIO!C15)),"14PT", IF(ISNUMBER(SEARCH("CLASICO",INVENTARIO!C15)),"CLA", "")))))))))))))))))))))) -> MAT | D15: =IF(ISNUMBER(SEARCH("GRAN FORMATO",INVENTARIO!C15)),"GRA-FOR", IF(ISNUMBER(SEARCH("CAMA PLANA",INVENTARIO!C15)),"CAM-PLA", IF(ISNUMBER(SEARCH("GRADO INGENIERIA",INVENTARIO!C15)),"GRA-ING", IF(ISNUMBER(SEARCH("130 GRS",INVENTARIO!C15)),"130GR", IF(ISNUMBER(SEARCH("150 GRS",INVENTARIO!C15)),"150GR", IF(ISNUMBER(SEARCH("185 GRS",INVENTARIO!C15)),"185GR", IF(ISNUMBER(SEARCH("200 GRS",INVENTARIO!C15)),"200GR", IF(ISNUMBER(SEARCH("250 GRS",INVENTARIO!C15)),"250GR", IF(ISNUMBER(SEARCH("300 GRS",INVENTARIO!C15)),"300GR", IF(ISNUMBER(SEARCH("350 GRS",INVENTARIO!C15)),"350GR", IF(ISNUMBER(SEARCH("18 OZ",INVENTARIO!C15)),"18OZ", IF(ISNUMBER(SEARCH("15 OZ",INVENTARIO!C15)),"15OZ", IF(OR(ISNUMBER(SEARCH("13 OZ",INVENTARIO!C15)),ISNUMBER(SEARCH("13 ONZAS",INVENTARIO!C15))),"13OZ", IF(OR(ISNUMBER(SEARCH("9 OZ",INVENTARIO!C15)),ISNUMBER(SEARCH("9 ONZAS",INVENTARIO!C15))),"09OZ", IF(ISNUMBER(SEARCH("DOBLE CARA",INVENTARIO!C15)),"DOB-CAR", ""))))))))))))))) -> 13OZ | E15: =IF(OR(ISNUMBER(SEARCH("TRANSPARENTE",INVENTARIO!C15)),ISNUMBER(SEARCH("TRANSPARENTES",INVENTARIO!C15))),"TRA", IF(OR(ISNUMBER(SEARCH("BLANCO",INVENTARIO!C15)),ISNUMBER(SEARCH("BCO",INVENTARIO!C15))),"BLA", IF(ISNUMBER(SEARCH("FOTOGRAFICO",INVENTARIO!C15)),"FOT", IF(ISNUMBER(SEARCH("MARFIL",INVENTARIO!C15)),"MAR", IF(ISNUMBER(SEARCH("VERDE",INVENTARIO!C15)),"VER", IF(ISNUMBER(SEARCH("MORADO",INVENTARIO!C15)),"MOR", IF(ISNUMBER(SEARCH("PLATA",INVENTARIO!C15)),"PLA", IF(ISNUMBER(SEARCH("ORO",INVENTARIO!C15)),"ORO", IF(ISNUMBER(SEARCH("AMARILLO",INVENTARIO!C15)),"AMA", IF(ISNUMBER(SEARCH("NARANJA",INVENTARIO!C15)),"NAR", IF(ISNUMBER(SEARCH("NEGRO",INVENTARIO!C15)),"NEG", IF(ISNUMBER(SEARCH("ROJO",INVENTARIO!C15)),"ROJ", IF(ISNUMBER(SEARCH("AZUL",INVENTARIO!C15)),"AZU",""))))))))))))) | F15: =IF(ISNUMBER(SEARCH("ARLON",INVENTARIO!C15)),"ARL", IF(ISNUMBER(SEARCH("SUNTHINKS",INVENTARIO!C15)),"SUN", IF(ISNUMBER(SEARCH("FRIO",INVENTARIO!C15)),"FRI", IF(ISNUMBER(SEARCH("CALIDO",INVENTARIO!C15)),"CAL", IF(ISNUMBER(SEARCH("CEPILLADO",INVENTARIO!C15)),"CEP", IF(ISNUMBER(SEARCH("ESPEJO",INVENTARIO!C15)),"ESP", "")))))) | G15: =IF(ISNUMBER(SEARCH("LATEX",INVENTARIO!C15)),"LAT", IF(ISNUMBER(SEARCH("RESP. NEGRO",INVENTARIO!C15)),"RES-NEG", IF(ISNUMBER(SEARCH("RESPALDO CAFE",INVENTARIO!C15)),"RES-CAF", IF(ISNUMBER(SEARCH("RESPALDO GRIS",INVENTARIO!C15)),"RES-GRI", IF(ISNUMBER(SEARCH("OPTICO",INVENTARIO!C15)),"OPT", IF(ISNUMBER(SEARCH("1,2 MM",INVENTARIO!C15)),"1MM2", IF(ISNUMBER(SEARCH("2 MM",INVENTARIO!C15)),"2MM", IF(ISNUMBER(SEARCH("3 MM",INVENTARIO!C15)),"3MM", IF(ISNUMBER(SEARCH("4 MM",INVENTARIO!C15)),"4MM", IF(ISNUMBER(SEARCH("5 MM",INVENTARIO!C15)),"5MM", IF(ISNUMBER(SEARCH("6 MM",INVENTARIO!C15)),"6MM", IF(ISNUMBER(SEARCH("9 MM",INVENTARIO!C15)),"9MM", IF(ISNUMBER(SEARCH("10 MM",INVENTARIO!C15)),"10MM",""))))))))))))) -> LAT | H15: =IF(ISNUMBER(SEARCH("GAMA BAJA",INVENTARIO!C15)),"GAM-BAJ", IF(ISNUMBER(SEARCH("OPTIMIZADOR",INVENTARIO!C15)),"OPT", IF(ISNUMBER(SEARCH("OVERCOAT",INVENTARIO!C15)),"OVE", IF(ISNUMBER(SEARCH("WHITE",INVENTARIO!C15)),"WHI", IF(ISNUMBER(SEARCH("LIGHT CYAN",INVENTARIO!C15)),"LIG-CYA", IF(ISNUMBER(SEARCH("CYAN",INVENTARIO!C15)),"CYA", IF(ISNUMBER(SEARCH("LIGHT MAGENTA",INVENTARIO!C15)),"LIG-MAG", IF(ISNUMBER(SEARCH("MAGENTA",INVENTARIO!C15)),"MAG", IF(ISNUMBER(SEARCH("BLACK",INVENTARIO!C15)),"BLA", IF(ISNUMBER(SEARCH("YELLOW",INVENTARIO!C15)),"YEL", IF(ISNUMBER(SEARCH("2 DIODOS",INVENTARIO!C15)),"2DI", IF(ISNUMBER(SEARCH("3 DIODOS",INVENTARIO!C15)),"3DI", IF(OR(ISNUMBER(SEARCH("TRASLUCIDO",INVENTARIO!C15)),ISNUMBER(SEARCH("TRANSLUCIDO",INVENTARIO!C15))),"TRA", ""))))))))))))) | I15: =IF(ISNUMBER(SEARCH("SILED",INVENTARIO!C11)),"SI", IF(ISNUMBER(SEARCH("SYDEMEX",INVENTARIO!C11)),"SY", IF(ISNUMBER(SEARCH("ROHS",INVENTARIO!C11)),"RO", IF(ISNUMBER(SEARCH("RISHANG",INVENTARIO!C11)),"RS", IF(ISNUMBER(SEARCH("VYG",INVENTARIO!C11)),"VYG", IF(ISNUMBER(SEARCH("COLED",INVENTARIO!C11)),"CO",""))))))
A16: =IF(ISNUMBER(SEARCH("LONA",INVENTARIO!C16)),"LON", IF(ISNUMBER(SEARCH("VINIL",INVENTARIO!C16)),"VIN", IF(ISNUMBER(SEARCH("KROMACOTE",INVENTARIO!C16)),"KRO", IF(ISNUMBER(SEARCH("STARDREAM",INVENTARIO!C16)),"STA", IF(ISNUMBER(SEARCH("DISPLAY",INVENTARIO!C16)),"DIS", IF(ISNUMBER(SEARCH("ROLL UP",INVENTARIO!C16)),"ROL-UP", IF(ISNUMBER(SEARCH("TRANSFER DE PAPEL",INVENTARIO!C16)),"TRA-PAP", IF(ISNUMBER(SEARCH("TRANSFER",INVENTARIO!C16)),"TRA",IF(ISNUMBER(SEARCH("KOLA LOKA",INVENTARIO!C16)),"KOL-LOK", IF(ISNUMBER(SEARCH("PETG",INVENTARIO!C16)),"PET", IF(ISNUMBER(SEARCH("OJILLO",INVENTARIO!C16)),"OJI", IF(ISNUMBER(SEARCH("COUCHE",INVENTARIO!C16)),"COU", IF(ISNUMBER(SEARCH("PANEL DE ALUMINIO",INVENTARIO!C16)),"PAN-ALU", IF(ISNUMBER(SEARCH("PVC",INVENTARIO!C16)),"PVC", IF(ISNUMBER(SEARCH("PAPEL",INVENTARIO!C16)),"PAP", IF(ISNUMBER(SEARCH("TELA",INVENTARIO!C16)),"TEL", IF(ISNUMBER(SEARCH("CARTULINA",INVENTARIO!C16)),"CAR", IF(OR(ISNUMBER(SEARCH("LAMINA",INVENTARIO!C16)),ISNUMBER(SEARCH("LÁMINA",INVENTARIO!C16)),ISNUMBER(SEARCH("LAMPARAS",INVENTARIO!C16))),"LAM", IF(ISNUMBER(SEARCH("ESTIRENO",INVENTARIO!C16)),"EST", IF(ISNUMBER(SEARCH("FOAMBOARD",INVENTARIO!C16)),"FOA", IF(ISNUMBER(SEARCH("SOLVENTE",INVENTARIO!C16)),"SOL", IF(ISNUMBER(SEARCH("TINTA",INVENTARIO!C16)),"TIN", IF(ISNUMBER(SEARCH("ACRILICO",INVENTARIO!C16)),"ACR", IF(ISNUMBER(SEARCH("MICROLED",INVENTARIO!C16)),"MIC", IF(ISNUMBER(SEARCH("LED",INVENTARIO!C16)),"LED", IF(ISNUMBER(SEARCH("FUENTE DE PODER",INVENTARIO!C16)),"FUE-POD", IF(ISNUMBER(SEARCH("PETG",INVENTARIO!C16)),"PET", IF(ISNUMBER(SEARCH("ALUMINIO",INVENTARIO!C16)),"ALU", IF(ISNUMBER(SEARCH("CANAL",INVENTARIO!C16)),"CAN", IF(ISNUMBER(SEARCH("ESCUADRA",INVENTARIO!C16)),"ESC", IF(ISNUMBER(SEARCH("SOPORTE",INVENTARIO!C16)),"SOP","OTR") )))))))))))))))))))))))))))))) -> LON | B16: =IF(ISNUMBER(SEARCH("CORTE",INVENTARIO!C16)),"COR", IF(ISNUMBER(SEARCH("CITYLIGHT",INVENTARIO!C16)),"CIT", IF(ISNUMBER(SEARCH("LINO",INVENTARIO!C16)),"LIN", IF(ISNUMBER(SEARCH("FABRIANO",INVENTARIO!C16)),"FAB", IF(ISNUMBER(SEARCH("SUNDANCE",INVENTARIO!C16)),"SUN", IF(ISNUMBER(SEARCH("SINTETICA",INVENTARIO!C16)),"SIN", IF(ISNUMBER(SEARCH("CONTROL",INVENTARIO!C16)),"CON", IF(ISNUMBER(SEARCH("TERMICO",INVENTARIO!C16)),"TER", IF(ISNUMBER(SEARCH("C-15",INVENTARIO!C16)),"C15", IF(ISNUMBER(SEARCH("C-20",INVENTARIO!C16)),"C20", IF(ISNUMBER(SEARCH("C-30",INVENTARIO!C16)),"C30", IF(ISNUMBER(SEARCH("C-40",INVENTARIO!C16)),"C40", IF(ISNUMBER(SEARCH("C-60",INVENTARIO!C16)),"C60", IF(ISNUMBER(SEARCH("C-80",INVENTARIO!C16)),"C80", IF(ISNUMBER(SEARCH("EQUIPO",INVENTARIO!C16)),"EQU", IF(ISNUMBER(SEARCH("FLOOR",INVENTARIO!C16)),"FLO", IF(ISNUMBER(SEARCH("CRISTAL",INVENTARIO!C16)),"CRI", IF(ISNUMBER(SEARCH(" SULFATADA",INVENTARIO!C27)),"SUL", IF(ISNUMBER(SEARCH("OPALINA",INVENTARIO!C16)),"OPA", IF(ISNUMBER(SEARCH("ADHERIBLE",INVENTARIO!C16)),"ADH", IF(ISNUMBER(SEARCH("MICRO",INVENTARIO!C16)),"MIC",""))))))))))))))))))))) | C16: =IF(ISNUMBER(SEARCH("PARED",INVENTARIO!C16)),"PAR", IF(ISNUMBER(SEARCH("FRONT",INVENTARIO!C16)),"FRO", IF(ISNUMBER(SEARCH("ALTA RESISTENCIA",INVENTARIO!C16)), "ALT-RES",IF(ISNUMBER(SEARCH("BACKLITE",INVENTARIO!C16)),"BAC", IF(ISNUMBER(SEARCH("MATE",INVENTARIO!C16)),"MAT", IF(ISNUMBER(SEARCH("MESH",INVENTARIO!C16)),"MES", IF(ISNUMBER(SEARCH("BRILLANTE",INVENTARIO!C16)),"BRI", IF(ISNUMBER(SEARCH("DELGADA",INVENTARIO!C16)),"DEL", IF(ISNUMBER(SEARCH("GRUESA",INVENTARIO!C16)),"GRU", IF(ISNUMBER(SEARCH("ESTATICO",INVENTARIO!C16)),"EST", IF(ISNUMBER(SEARCH("REFLECTIVO",INVENTARIO!C16)),"REF", IF(ISNUMBER(SEARCH("LX700",INVENTARIO!C16)),"LX7", IF(ISNUMBER(SEARCH("GRANDO",INVENTARIO!C16)),"GRA", IF(ISNUMBER(SEARCH("FB700",INVENTARIO!C16)),"FB7", IF(ISNUMBER(SEARCH("LX360",INVENTARIO!C16)),"LX3", IF(ISNUMBER(SEARCH("XEROX",INVENTARIO!C16)),"XER", IF(ISNUMBER(SEARCH("CEPILLADO",INVENTARIO!C16)),"CEP", IF(ISNUMBER(SEARCH("ESPEJO",INVENTARIO!C16)),"ESP", IF(ISNUMBER(SEARCH("10 PTS",INVENTARIO!C16)),"10PT", IF(ISNUMBER(SEARCH("12 PTS",INVENTARIO!C16)),"12PT", IF(ISNUMBER(SEARCH("14 PTS",INVENTARIO!C16)),"14PT", IF(ISNUMBER(SEARCH("CLASICO",INVENTARIO!C16)),"CLA", "")))))))))))))))))))))) -> MAT | D16: =IF(ISNUMBER(SEARCH("GRAN FORMATO",INVENTARIO!C16)),"GRA-FOR", IF(ISNUMBER(SEARCH("CAMA PLANA",INVENTARIO!C16)),"CAM-PLA", IF(ISNUMBER(SEARCH("GRADO INGENIERIA",INVENTARIO!C16)),"GRA-ING", IF(ISNUMBER(SEARCH("130 GRS",INVENTARIO!C16)),"130GR", IF(ISNUMBER(SEARCH("150 GRS",INVENTARIO!C16)),"150GR", IF(ISNUMBER(SEARCH("185 GRS",INVENTARIO!C16)),"185GR", IF(ISNUMBER(SEARCH("200 GRS",INVENTARIO!C16)),"200GR", IF(ISNUMBER(SEARCH("250 GRS",INVENTARIO!C16)),"250GR", IF(ISNUMBER(SEARCH("300 GRS",INVENTARIO!C16)),"300GR", IF(ISNUMBER(SEARCH("350 GRS",INVENTARIO!C16)),"350GR", IF(ISNUMBER(SEARCH("18 OZ",INVENTARIO!C16)),"18OZ", IF(ISNUMBER(SEARCH("15 OZ",INVENTARIO!C16)),"15OZ", IF(OR(ISNUMBER(SEARCH("13 OZ",INVENTARIO!C16)),ISNUMBER(SEARCH("13 ONZAS",INVENTARIO!C16))),"13OZ", IF(OR(ISNUMBER(SEARCH("9 OZ",INVENTARIO!C16)),ISNUMBER(SEARCH("9 ONZAS",INVENTARIO!C16))),"09OZ", IF(ISNUMBER(SEARCH("DOBLE CARA",INVENTARIO!C16)),"DOB-CAR", ""))))))))))))))) -> 13OZ | E16: =IF(OR(ISNUMBER(SEARCH("TRANSPARENTE",INVENTARIO!C16)),ISNUMBER(SEARCH("TRANSPARENTES",INVENTARIO!C16))),"TRA", IF(OR(ISNUMBER(SEARCH("BLANCO",INVENTARIO!C16)),ISNUMBER(SEARCH("BCO",INVENTARIO!C16))),"BLA", IF(ISNUMBER(SEARCH("FOTOGRAFICO",INVENTARIO!C16)),"FOT", IF(ISNUMBER(SEARCH("MARFIL",INVENTARIO!C16)),"MAR", IF(ISNUMBER(SEARCH("VERDE",INVENTARIO!C16)),"VER", IF(ISNUMBER(SEARCH("MORADO",INVENTARIO!C16)),"MOR", IF(ISNUMBER(SEARCH("PLATA",INVENTARIO!C16)),"PLA", IF(ISNUMBER(SEARCH("ORO",INVENTARIO!C16)),"ORO", IF(ISNUMBER(SEARCH("AMARILLO",INVENTARIO!C16)),"AMA", IF(ISNUMBER(SEARCH("NARANJA",INVENTARIO!C16)),"NAR", IF(ISNUMBER(SEARCH("NEGRO",INVENTARIO!C16)),"NEG", IF(ISNUMBER(SEARCH("ROJO",INVENTARIO!C16)),"ROJ", IF(ISNUMBER(SEARCH("AZUL",INVENTARIO!C16)),"AZU",""))))))))))))) | F16: =IF(ISNUMBER(SEARCH("ARLON",INVENTARIO!C16)),"ARL", IF(ISNUMBER(SEARCH("SUNTHINKS",INVENTARIO!C16)),"SUN", IF(ISNUMBER(SEARCH("FRIO",INVENTARIO!C16)),"FRI", IF(ISNUMBER(SEARCH("CALIDO",INVENTARIO!C16)),"CAL", IF(ISNUMBER(SEARCH("CEPILLADO",INVENTARIO!C16)),"CEP", IF(ISNUMBER(SEARCH("ESPEJO",INVENTARIO!C16)),"ESP", "")))))) | G16: =IF(ISNUMBER(SEARCH("LATEX",INVENTARIO!C16)),"LAT", IF(ISNUMBER(SEARCH("RESP. NEGRO",INVENTARIO!C16)),"RES-NEG", IF(ISNUMBER(SEARCH("RESPALDO CAFE",INVENTARIO!C16)),"RES-CAF", IF(ISNUMBER(SEARCH("RESPALDO GRIS",INVENTARIO!C16)),"RES-GRI", IF(ISNUMBER(SEARCH("OPTICO",INVENTARIO!C16)),"OPT", IF(ISNUMBER(SEARCH("1,2 MM",INVENTARIO!C16)),"1MM2", IF(ISNUMBER(SEARCH("2 MM",INVENTARIO!C16)),"2MM", IF(ISNUMBER(SEARCH("3 MM",INVENTARIO!C16)),"3MM", IF(ISNUMBER(SEARCH("4 MM",INVENTARIO!C16)),"4MM", IF(ISNUMBER(SEARCH("5 MM",INVENTARIO!C16)),"5MM", IF(ISNUMBER(SEARCH("6 MM",INVENTARIO!C16)),"6MM", IF(ISNUMBER(SEARCH("9 MM",INVENTARIO!C16)),"9MM", IF(ISNUMBER(SEARCH("10 MM",INVENTARIO!C16)),"10MM",""))))))))))))) | H16: =IF(ISNUMBER(SEARCH("GAMA BAJA",INVENTARIO!C16)),"GAM-BAJ", IF(ISNUMBER(SEARCH("OPTIMIZADOR",INVENTARIO!C16)),"OPT", IF(ISNUMBER(SEARCH("OVERCOAT",INVENTARIO!C16)),"OVE", IF(ISNUMBER(SEARCH("WHITE",INVENTARIO!C16)),"WHI", IF(ISNUMBER(SEARCH("LIGHT CYAN",INVENTARIO!C16)),"LIG-CYA", IF(ISNUMBER(SEARCH("CYAN",INVENTARIO!C16)),"CYA", IF(ISNUMBER(SEARCH("LIGHT MAGENTA",INVENTARIO!C16)),"LIG-MAG", IF(ISNUMBER(SEARCH("MAGENTA",INVENTARIO!C16)),"MAG", IF(ISNUMBER(SEARCH("BLACK",INVENTARIO!C16)),"BLA", IF(ISNUMBER(SEARCH("YELLOW",INVENTARIO!C16)),"YEL", IF(ISNUMBER(SEARCH("2 DIODOS",INVENTARIO!C16)),"2DI", IF(ISNUMBER(SEARCH("3 DIODOS",INVENTARIO!C16)),"3DI", IF(OR(ISNUMBER(SEARCH("TRASLUCIDO",INVENTARIO!C16)),ISNUMBER(SEARCH("TRANSLUCIDO",INVENTARIO!C16))),"TRA", ""))))))))))))) | I16: =IF(ISNUMBER(SEARCH("SILED",INVENTARIO!C16)),"SI", IF(ISNUMBER(SEARCH("SYDEMEX",INVENTARIO!C16)),"SY", IF(ISNUMBER(SEARCH("ROHS",INVENTARIO!C16)),"RO", IF(ISNUMBER(SEARCH("RISHANG",INVENTARIO!C16)),"RS", IF(ISNUMBER(SEARCH("VYG",INVENTARIO!C16)),"VYG", IF(ISNUMBER(SEARCH("COLED",INVENTARIO!C16)),"CO",""))))))
A17: =IF(ISNUMBER(SEARCH("LONA",INVENTARIO!C17)),"LON", IF(ISNUMBER(SEARCH("VINIL",INVENTARIO!C17)),"VIN", IF(ISNUMBER(SEARCH("KROMACOTE",INVENTARIO!C17)),"KRO", IF(ISNUMBER(SEARCH("STARDREAM",INVENTARIO!C17)),"STA", IF(ISNUMBER(SEARCH("DISPLAY",INVENTARIO!C17)),"DIS", IF(ISNUMBER(SEARCH("ROLL UP",INVENTARIO!C17)),"ROL-UP", IF(ISNUMBER(SEARCH("TRANSFER DE PAPEL",INVENTARIO!C17)),"TRA-PAP", IF(ISNUMBER(SEARCH("TRANSFER",INVENTARIO!C17)),"TRA",IF(ISNUMBER(SEARCH("KOLA LOKA",INVENTARIO!C17)),"KOL-LOK", IF(ISNUMBER(SEARCH("PETG",INVENTARIO!C17)),"PET", IF(ISNUMBER(SEARCH("OJILLO",INVENTARIO!C17)),"OJI", IF(ISNUMBER(SEARCH("COUCHE",INVENTARIO!C17)),"COU", IF(ISNUMBER(SEARCH("PANEL DE ALUMINIO",INVENTARIO!C17)),"PAN-ALU", IF(ISNUMBER(SEARCH("PVC",INVENTARIO!C17)),"PVC", IF(ISNUMBER(SEARCH("PAPEL",INVENTARIO!C17)),"PAP", IF(ISNUMBER(SEARCH("TELA",INVENTARIO!C17)),"TEL", IF(ISNUMBER(SEARCH("CARTULINA",INVENTARIO!C17)),"CAR", IF(OR(ISNUMBER(SEARCH("LAMINA",INVENTARIO!C17)),ISNUMBER(SEARCH("LÁMINA",INVENTARIO!C17)),ISNUMBER(SEARCH("LAMPARAS",INVENTARIO!C17))),"LAM", IF(ISNUMBER(SEARCH("ESTIRENO",INVENTARIO!C17)),"EST", IF(ISNUMBER(SEARCH("FOAMBOARD",INVENTARIO!C17)),"FOA", IF(ISNUMBER(SEARCH("SOLVENTE",INVENTARIO!C17)),"SOL", IF(ISNUMBER(SEARCH("TINTA",INVENTARIO!C17)),"TIN", IF(ISNUMBER(SEARCH("ACRILICO",INVENTARIO!C17)),"ACR", IF(ISNUMBER(SEARCH("MICROLED",INVENTARIO!C17)),"MIC", IF(ISNUMBER(SEARCH("LED",INVENTARIO!C17)),"LED", IF(ISNUMBER(SEARCH("FUENTE DE PODER",INVENTARIO!C17)),"FUE-POD", IF(ISNUMBER(SEARCH("PETG",INVENTARIO!C17)),"PET", IF(ISNUMBER(SEARCH("ALUMINIO",INVENTARIO!C17)),"ALU", IF(ISNUMBER(SEARCH("CANAL",INVENTARIO!C17)),"CAN", IF(ISNUMBER(SEARCH("ESCUADRA",INVENTARIO!C17)),"ESC", IF(ISNUMBER(SEARCH("SOPORTE",INVENTARIO!C17)),"SOP","OTR") )))))))))))))))))))))))))))))) -> LON | B17: =IF(ISNUMBER(SEARCH("CORTE",INVENTARIO!C17)),"COR", IF(ISNUMBER(SEARCH("CITYLIGHT",INVENTARIO!C17)),"CIT", IF(ISNUMBER(SEARCH("LINO",INVENTARIO!C17)),"LIN", IF(ISNUMBER(SEARCH("FABRIANO",INVENTARIO!C17)),"FAB", IF(ISNUMBER(SEARCH("SUNDANCE",INVENTARIO!C17)),"SUN", IF(ISNUMBER(SEARCH("SINTETICA",INVENTARIO!C17)),"SIN", IF(ISNUMBER(SEARCH("CONTROL",INVENTARIO!C17)),"CON", IF(ISNUMBER(SEARCH("TERMICO",INVENTARIO!C17)),"TER", IF(ISNUMBER(SEARCH("C-15",INVENTARIO!C17)),"C15", IF(ISNUMBER(SEARCH("C-20",INVENTARIO!C17)),"C20", IF(ISNUMBER(SEARCH("C-30",INVENTARIO!C17)),"C30", IF(ISNUMBER(SEARCH("C-40",INVENTARIO!C17)),"C40", IF(ISNUMBER(SEARCH("C-60",INVENTARIO!C17)),"C60", IF(ISNUMBER(SEARCH("C-80",INVENTARIO!C17)),"C80", IF(ISNUMBER(SEARCH("EQUIPO",INVENTARIO!C17)),"EQU", IF(ISNUMBER(SEARCH("FLOOR",INVENTARIO!C17)),"FLO", IF(ISNUMBER(SEARCH("CRISTAL",INVENTARIO!C17)),"CRI", IF(ISNUMBER(SEARCH(" SULFATADA",INVENTARIO!C28)),"SUL", IF(ISNUMBER(SEARCH("OPALINA",INVENTARIO!C17)),"OPA", IF(ISNUMBER(SEARCH("ADHERIBLE",INVENTARIO!C17)),"ADH", IF(ISNUMBER(SEARCH("MICRO",INVENTARIO!C17)),"MIC",""))))))))))))))))))))) | C17: =IF(ISNUMBER(SEARCH("PARED",INVENTARIO!C17)),"PAR", IF(ISNUMBER(SEARCH("FRONT",INVENTARIO!C17)),"FRO", IF(ISNUMBER(SEARCH("ALTA RESISTENCIA",INVENTARIO!C17)), "ALT-RES",IF(ISNUMBER(SEARCH("BACKLITE",INVENTARIO!C17)),"BAC", IF(ISNUMBER(SEARCH("MATE",INVENTARIO!C17)),"MAT", IF(ISNUMBER(SEARCH("MESH",INVENTARIO!C17)),"MES", IF(ISNUMBER(SEARCH("BRILLANTE",INVENTARIO!C17)),"BRI", IF(ISNUMBER(SEARCH("DELGADA",INVENTARIO!C17)),"DEL", IF(ISNUMBER(SEARCH("GRUESA",INVENTARIO!C17)),"GRU", IF(ISNUMBER(SEARCH("ESTATICO",INVENTARIO!C17)),"EST", IF(ISNUMBER(SEARCH("REFLECTIVO",INVENTARIO!C17)),"REF", IF(ISNUMBER(SEARCH("LX700",INVENTARIO!C17)),"LX7", IF(ISNUMBER(SEARCH("GRANDO",INVENTARIO!C17)),"GRA", IF(ISNUMBER(SEARCH("FB700",INVENTARIO!C17)),"FB7", IF(ISNUMBER(SEARCH("LX360",INVENTARIO!C17)),"LX3", IF(ISNUMBER(SEARCH("XEROX",INVENTARIO!C17)),"XER", IF(ISNUMBER(SEARCH("CEPILLADO",INVENTARIO!C17)),"CEP", IF(ISNUMBER(SEARCH("ESPEJO",INVENTARIO!C17)),"ESP", IF(ISNUMBER(SEARCH("10 PTS",INVENTARIO!C17)),"10PT", IF(ISNUMBER(SEARCH("12 PTS",INVENTARIO!C17)),"12PT", IF(ISNUMBER(SEARCH("14 PTS",INVENTARIO!C17)),"14PT", IF(ISNUMBER(SEARCH("CLASICO",INVENTARIO!C17)),"CLA", "")))))))))))))))))))))) -> MAT | D17: =IF(ISNUMBER(SEARCH("GRAN FORMATO",INVENTARIO!C17)),"GRA-FOR", IF(ISNUMBER(SEARCH("CAMA PLANA",INVENTARIO!C17)),"CAM-PLA", IF(ISNUMBER(SEARCH("GRADO INGENIERIA",INVENTARIO!C17)),"GRA-ING", IF(ISNUMBER(SEARCH("130 GRS",INVENTARIO!C17)),"130GR", IF(ISNUMBER(SEARCH("150 GRS",INVENTARIO!C17)),"150GR", IF(ISNUMBER(SEARCH("185 GRS",INVENTARIO!C17)),"185GR", IF(ISNUMBER(SEARCH("200 GRS",INVENTARIO!C17)),"200GR", IF(ISNUMBER(SEARCH("250 GRS",INVENTARIO!C17)),"250GR", IF(ISNUMBER(SEARCH("300 GRS",INVENTARIO!C17)),"300GR", IF(ISNUMBER(SEARCH("350 GRS",INVENTARIO!C17)),"350GR", IF(ISNUMBER(SEARCH("18 OZ",INVENTARIO!C17)),"18OZ", IF(ISNUMBER(SEARCH("15 OZ",INVENTARIO!C17)),"15OZ", IF(OR(ISNUMBER(SEARCH("13 OZ",INVENTARIO!C17)),ISNUMBER(SEARCH("13 ONZAS",INVENTARIO!C17))),"13OZ", IF(OR(ISNUMBER(SEARCH("9 OZ",INVENTARIO!C17)),ISNUMBER(SEARCH("9 ONZAS",INVENTARIO!C17))),"09OZ", IF(ISNUMBER(SEARCH("DOBLE CARA",INVENTARIO!C17)),"DOB-CAR", ""))))))))))))))) -> 13OZ | E17: =IF(OR(ISNUMBER(SEARCH("TRANSPARENTE",INVENTARIO!C17)),ISNUMBER(SEARCH("TRANSPARENTES",INVENTARIO!C17))),"TRA", IF(OR(ISNUMBER(SEARCH("BLANCO",INVENTARIO!C17)),ISNUMBER(SEARCH("BCO",INVENTARIO!C17))),"BLA", IF(ISNUMBER(SEARCH("FOTOGRAFICO",INVENTARIO!C17)),"FOT", IF(ISNUMBER(SEARCH("MARFIL",INVENTARIO!C17)),"MAR", IF(ISNUMBER(SEARCH("VERDE",INVENTARIO!C17)),"VER", IF(ISNUMBER(SEARCH("MORADO",INVENTARIO!C17)),"MOR", IF(ISNUMBER(SEARCH("PLATA",INVENTARIO!C17)),"PLA", IF(ISNUMBER(SEARCH("ORO",INVENTARIO!C17)),"ORO", IF(ISNUMBER(SEARCH("AMARILLO",INVENTARIO!C17)),"AMA", IF(ISNUMBER(SEARCH("NARANJA",INVENTARIO!C17)),"NAR", IF(ISNUMBER(SEARCH("NEGRO",INVENTARIO!C17)),"NEG", IF(ISNUMBER(SEARCH("ROJO",INVENTARIO!C17)),"ROJ", IF(ISNUMBER(SEARCH("AZUL",INVENTARIO!C17)),"AZU",""))))))))))))) | F17: =IF(ISNUMBER(SEARCH("ARLON",INVENTARIO!C17)),"ARL", IF(ISNUMBER(SEARCH("SUNTHINKS",INVENTARIO!C17)),"SUN", IF(ISNUMBER(SEARCH("FRIO",INVENTARIO!C17)),"FRI", IF(ISNUMBER(SEARCH("CALIDO",INVENTARIO!C17)),"CAL", IF(ISNUMBER(SEARCH("CEPILLADO",INVENTARIO!C17)),"CEP", IF(ISNUMBER(SEARCH("ESPEJO",INVENTARIO!C17)),"ESP", "")))))) | G17: =IF(ISNUMBER(SEARCH("LATEX",INVENTARIO!C17)),"LAT", IF(ISNUMBER(SEARCH("RESP. NEGRO",INVENTARIO!C17)),"RES-NEG", IF(ISNUMBER(SEARCH("RESPALDO CAFE",INVENTARIO!C17)),"RES-CAF", IF(ISNUMBER(SEARCH("RESPALDO GRIS",INVENTARIO!C17)),"RES-GRI", IF(ISNUMBER(SEARCH("OPTICO",INVENTARIO!C17)),"OPT", IF(ISNUMBER(SEARCH("1,2 MM",INVENTARIO!C17)),"1MM2", IF(ISNUMBER(SEARCH("2 MM",INVENTARIO!C17)),"2MM", IF(ISNUMBER(SEARCH("3 MM",INVENTARIO!C17)),"3MM", IF(ISNUMBER(SEARCH("4 MM",INVENTARIO!C17)),"4MM", IF(ISNUMBER(SEARCH("5 MM",INVENTARIO!C17)),"5MM", IF(ISNUMBER(SEARCH("6 MM",INVENTARIO!C17)),"6MM", IF(ISNUMBER(SEARCH("9 MM",INVENTARIO!C17)),"9MM", IF(ISNUMBER(SEARCH("10 MM",INVENTARIO!C17)),"10MM",""))))))))))))) | H17: =IF(ISNUMBER(SEARCH("GAMA BAJA",INVENTARIO!C17)),"GAM-BAJ", IF(ISNUMBER(SEARCH("OPTIMIZADOR",INVENTARIO!C17)),"OPT", IF(ISNUMBER(SEARCH("OVERCOAT",INVENTARIO!C17)),"OVE", IF(ISNUMBER(SEARCH("WHITE",INVENTARIO!C17)),"WHI", IF(ISNUMBER(SEARCH("LIGHT CYAN",INVENTARIO!C17)),"LIG-CYA", IF(ISNUMBER(SEARCH("CYAN",INVENTARIO!C17)),"CYA", IF(ISNUMBER(SEARCH("LIGHT MAGENTA",INVENTARIO!C17)),"LIG-MAG", IF(ISNUMBER(SEARCH("MAGENTA",INVENTARIO!C17)),"MAG", IF(ISNUMBER(SEARCH("BLACK",INVENTARIO!C17)),"BLA", IF(ISNUMBER(SEARCH("YELLOW",INVENTARIO!C17)),"YEL", IF(ISNUMBER(SEARCH("2 DIODOS",INVENTARIO!C17)),"2DI", IF(ISNUMBER(SEARCH("3 DIODOS",INVENTARIO!C17)),"3DI", IF(OR(ISNUMBER(SEARCH("TRASLUCIDO",INVENTARIO!C17)),ISNUMBER(SEARCH("TRANSLUCIDO",INVENTARIO!C17))),"TRA", ""))))))))))))) | I17: =IF(ISNUMBER(SEARCH("SILED",INVENTARIO!C15)),"SI", IF(ISNUMBER(SEARCH("SYDEMEX",INVENTARIO!C15)),"SY", IF(ISNUMBER(SEARCH("ROHS",INVENTARIO!C15)),"RO", IF(ISNUMBER(SEARCH("RISHANG",INVENTARIO!C15)),"RS", IF(ISNUMBER(SEARCH("VYG",INVENTARIO!C15)),"VYG", IF(ISNUMBER(SEARCH("COLED",INVENTARIO!C15)),"CO",""))))))
A18: =IF(ISNUMBER(SEARCH("LONA",INVENTARIO!C18)),"LON", IF(ISNUMBER(SEARCH("VINIL",INVENTARIO!C18)),"VIN", IF(ISNUMBER(SEARCH("KROMACOTE",INVENTARIO!C18)),"KRO", IF(ISNUMBER(SEARCH("STARDREAM",INVENTARIO!C18)),"STA", IF(ISNUMBER(SEARCH("DISPLAY",INVENTARIO!C18)),"DIS", IF(ISNUMBER(SEARCH("ROLL UP",INVENTARIO!C18)),"ROL-UP", IF(ISNUMBER(SEARCH("TRANSFER DE PAPEL",INVENTARIO!C18)),"TRA-PAP", IF(ISNUMBER(SEARCH("TRANSFER",INVENTARIO!C18)),"TRA",IF(ISNUMBER(SEARCH("KOLA LOKA",INVENTARIO!C18)),"KOL-LOK", IF(ISNUMBER(SEARCH("PETG",INVENTARIO!C18)),"PET", IF(ISNUMBER(SEARCH("OJILLO",INVENTARIO!C18)),"OJI", IF(ISNUMBER(SEARCH("COUCHE",INVENTARIO!C18)),"COU", IF(ISNUMBER(SEARCH("PANEL DE ALUMINIO",INVENTARIO!C18)),"PAN-ALU", IF(ISNUMBER(SEARCH("PVC",INVENTARIO!C18)),"PVC", IF(ISNUMBER(SEARCH("PAPEL",INVENTARIO!C18)),"PAP", IF(ISNUMBER(SEARCH("TELA",INVENTARIO!C18)),"TEL", IF(ISNUMBER(SEARCH("CARTULINA",INVENTARIO!C18)),"CAR", IF(OR(ISNUMBER(SEARCH("LAMINA",INVENTARIO!C18)),ISNUMBER(SEARCH("LÁMINA",INVENTARIO!C18)),ISNUMBER(SEARCH("LAMPARAS",INVENTARIO!C18))),"LAM", IF(ISNUMBER(SEARCH("ESTIRENO",INVENTARIO!C18)),"EST", IF(ISNUMBER(SEARCH("FOAMBOARD",INVENTARIO!C18)),"FOA", IF(ISNUMBER(SEARCH("SOLVENTE",INVENTARIO!C18)),"SOL", IF(ISNUMBER(SEARCH("TINTA",INVENTARIO!C18)),"TIN", IF(ISNUMBER(SEARCH("ACRILICO",INVENTARIO!C18)),"ACR", IF(ISNUMBER(SEARCH("MICROLED",INVENTARIO!C18)),"MIC", IF(ISNUMBER(SEARCH("LED",INVENTARIO!C18)),"LED", IF(ISNUMBER(SEARCH("FUENTE DE PODER",INVENTARIO!C18)),"FUE-POD", IF(ISNUMBER(SEARCH("PETG",INVENTARIO!C18)),"PET", IF(ISNUMBER(SEARCH("ALUMINIO",INVENTARIO!C18)),"ALU", IF(ISNUMBER(SEARCH("CANAL",INVENTARIO!C18)),"CAN", IF(ISNUMBER(SEARCH("ESCUADRA",INVENTARIO!C18)),"ESC", IF(ISNUMBER(SEARCH("SOPORTE",INVENTARIO!C18)),"SOP","OTR") )))))))))))))))))))))))))))))) -> LON | B18: =IF(ISNUMBER(SEARCH("CORTE",INVENTARIO!C18)),"COR", IF(ISNUMBER(SEARCH("CITYLIGHT",INVENTARIO!C18)),"CIT", IF(ISNUMBER(SEARCH("LINO",INVENTARIO!C18)),"LIN", IF(ISNUMBER(SEARCH("FABRIANO",INVENTARIO!C18)),"FAB", IF(ISNUMBER(SEARCH("SUNDANCE",INVENTARIO!C18)),"SUN", IF(ISNUMBER(SEARCH("SINTETICA",INVENTARIO!C18)),"SIN", IF(ISNUMBER(SEARCH("CONTROL",INVENTARIO!C18)),"CON", IF(ISNUMBER(SEARCH("TERMICO",INVENTARIO!C18)),"TER", IF(ISNUMBER(SEARCH("C-15",INVENTARIO!C18)),"C15", IF(ISNUMBER(SEARCH("C-20",INVENTARIO!C18)),"C20", IF(ISNUMBER(SEARCH("C-30",INVENTARIO!C18)),"C30", IF(ISNUMBER(SEARCH("C-40",INVENTARIO!C18)),"C40", IF(ISNUMBER(SEARCH("C-60",INVENTARIO!C18)),"C60", IF(ISNUMBER(SEARCH("C-80",INVENTARIO!C18)),"C80", IF(ISNUMBER(SEARCH("EQUIPO",INVENTARIO!C18)),"EQU", IF(ISNUMBER(SEARCH("FLOOR",INVENTARIO!C18)),"FLO", IF(ISNUMBER(SEARCH("CRISTAL",INVENTARIO!C18)),"CRI", IF(ISNUMBER(SEARCH(" SULFATADA",INVENTARIO!C29)),"SUL", IF(ISNUMBER(SEARCH("OPALINA",INVENTARIO!C18)),"OPA", IF(ISNUMBER(SEARCH("ADHERIBLE",INVENTARIO!C18)),"ADH", IF(ISNUMBER(SEARCH("MICRO",INVENTARIO!C18)),"MIC",""))))))))))))))))))))) | C18: =IF(ISNUMBER(SEARCH("PARED",INVENTARIO!C18)),"PAR", IF(ISNUMBER(SEARCH("FRONT",INVENTARIO!C18)),"FRO", IF(ISNUMBER(SEARCH("ALTA RESISTENCIA",INVENTARIO!C18)), "ALT-RES",IF(ISNUMBER(SEARCH("BACKLITE",INVENTARIO!C18)),"BAC", IF(ISNUMBER(SEARCH("MATE",INVENTARIO!C18)),"MAT", IF(ISNUMBER(SEARCH("MESH",INVENTARIO!C18)),"MES", IF(ISNUMBER(SEARCH("BRILLANTE",INVENTARIO!C18)),"BRI", IF(ISNUMBER(SEARCH("DELGADA",INVENTARIO!C18)),"DEL", IF(ISNUMBER(SEARCH("GRUESA",INVENTARIO!C18)),"GRU", IF(ISNUMBER(SEARCH("ESTATICO",INVENTARIO!C18)),"EST", IF(ISNUMBER(SEARCH("REFLECTIVO",INVENTARIO!C18)),"REF", IF(ISNUMBER(SEARCH("LX700",INVENTARIO!C18)),"LX7", IF(ISNUMBER(SEARCH("GRANDO",INVENTARIO!C18)),"GRA", IF(ISNUMBER(SEARCH("FB700",INVENTARIO!C18)),"FB7", IF(ISNUMBER(SEARCH("LX360",INVENTARIO!C18)),"LX3", IF(ISNUMBER(SEARCH("XEROX",INVENTARIO!C18)),"XER", IF(ISNUMBER(SEARCH("CEPILLADO",INVENTARIO!C18)),"CEP", IF(ISNUMBER(SEARCH("ESPEJO",INVENTARIO!C18)),"ESP", IF(ISNUMBER(SEARCH("10 PTS",INVENTARIO!C18)),"10PT", IF(ISNUMBER(SEARCH("12 PTS",INVENTARIO!C18)),"12PT", IF(ISNUMBER(SEARCH("14 PTS",INVENTARIO!C18)),"14PT", IF(ISNUMBER(SEARCH("CLASICO",INVENTARIO!C18)),"CLA", "")))))))))))))))))))))) -> MAT | D18: =IF(ISNUMBER(SEARCH("GRAN FORMATO",INVENTARIO!C18)),"GRA-FOR", IF(ISNUMBER(SEARCH("CAMA PLANA",INVENTARIO!C18)),"CAM-PLA", IF(ISNUMBER(SEARCH("GRADO INGENIERIA",INVENTARIO!C18)),"GRA-ING", IF(ISNUMBER(SEARCH("130 GRS",INVENTARIO!C18)),"130GR", IF(ISNUMBER(SEARCH("150 GRS",INVENTARIO!C18)),"150GR", IF(ISNUMBER(SEARCH("185 GRS",INVENTARIO!C18)),"185GR", IF(ISNUMBER(SEARCH("200 GRS",INVENTARIO!C18)),"200GR", IF(ISNUMBER(SEARCH("250 GRS",INVENTARIO!C18)),"250GR", IF(ISNUMBER(SEARCH("300 GRS",INVENTARIO!C18)),"300GR", IF(ISNUMBER(SEARCH("350 GRS",INVENTARIO!C18)),"350GR", IF(ISNUMBER(SEARCH("18 OZ",INVENTARIO!C18)),"18OZ", IF(ISNUMBER(SEARCH("15 OZ",INVENTARIO!C18)),"15OZ", IF(OR(ISNUMBER(SEARCH("13 OZ",INVENTARIO!C18)),ISNUMBER(SEARCH("13 ONZAS",INVENTARIO!C18))),"13OZ", IF(OR(ISNUMBER(SEARCH("9 OZ",INVENTARIO!C18)),ISNUMBER(SEARCH("9 ONZAS",INVENTARIO!C18))),"09OZ", IF(ISNUMBER(SEARCH("DOBLE CARA",INVENTARIO!C18)),"DOB-CAR", ""))))))))))))))) -> 13OZ | E18: =IF(OR(ISNUMBER(SEARCH("TRANSPARENTE",INVENTARIO!C18)),ISNUMBER(SEARCH("TRANSPARENTES",INVENTARIO!C18))),"TRA", IF(OR(ISNUMBER(SEARCH("BLANCO",INVENTARIO!C18)),ISNUMBER(SEARCH("BCO",INVENTARIO!C18))),"BLA", IF(ISNUMBER(SEARCH("FOTOGRAFICO",INVENTARIO!C18)),"FOT", IF(ISNUMBER(SEARCH("MARFIL",INVENTARIO!C18)),"MAR", IF(ISNUMBER(SEARCH("VERDE",INVENTARIO!C18)),"VER", IF(ISNUMBER(SEARCH("MORADO",INVENTARIO!C18)),"MOR", IF(ISNUMBER(SEARCH("PLATA",INVENTARIO!C18)),"PLA", IF(ISNUMBER(SEARCH("ORO",INVENTARIO!C18)),"ORO", IF(ISNUMBER(SEARCH("AMARILLO",INVENTARIO!C18)),"AMA", IF(ISNUMBER(SEARCH("NARANJA",INVENTARIO!C18)),"NAR", IF(ISNUMBER(SEARCH("NEGRO",INVENTARIO!C18)),"NEG", IF(ISNUMBER(SEARCH("ROJO",INVENTARIO!C18)),"ROJ", IF(ISNUMBER(SEARCH("AZUL",INVENTARIO!C18)),"AZU",""))))))))))))) | F18: =IF(ISNUMBER(SEARCH("ARLON",INVENTARIO!C18)),"ARL", IF(ISNUMBER(SEARCH("SUNTHINKS",INVENTARIO!C18)),"SUN", IF(ISNUMBER(SEARCH("FRIO",INVENTARIO!C18)),"FRI", IF(ISNUMBER(SEARCH("CALIDO",INVENTARIO!C18)),"CAL", IF(ISNUMBER(SEARCH("CEPILLADO",INVENTARIO!C18)),"CEP", IF(ISNUMBER(SEARCH("ESPEJO",INVENTARIO!C18)),"ESP", "")))))) | G18: =IF(ISNUMBER(SEARCH("LATEX",INVENTARIO!C18)),"LAT", IF(ISNUMBER(SEARCH("RESP. NEGRO",INVENTARIO!C18)),"RES-NEG", IF(ISNUMBER(SEARCH("RESPALDO CAFE",INVENTARIO!C18)),"RES-CAF", IF(ISNUMBER(SEARCH("RESPALDO GRIS",INVENTARIO!C18)),"RES-GRI", IF(ISNUMBER(SEARCH("OPTICO",INVENTARIO!C18)),"OPT", IF(ISNUMBER(SEARCH("1,2 MM",INVENTARIO!C18)),"1MM2", IF(ISNUMBER(SEARCH("2 MM",INVENTARIO!C18)),"2MM", IF(ISNUMBER(SEARCH("3 MM",INVENTARIO!C18)),"3MM", IF(ISNUMBER(SEARCH("4 MM",INVENTARIO!C18)),"4MM", IF(ISNUMBER(SEARCH("5 MM",INVENTARIO!C18)),"5MM", IF(ISNUMBER(SEARCH("6 MM",INVENTARIO!C18)),"6MM", IF(ISNUMBER(SEARCH("9 MM",INVENTARIO!C18)),"9MM", IF(ISNUMBER(SEARCH("10 MM",INVENTARIO!C18)),"10MM",""))))))))))))) | H18: =IF(ISNUMBER(SEARCH("GAMA BAJA",INVENTARIO!C18)),"GAM-BAJ", IF(ISNUMBER(SEARCH("OPTIMIZADOR",INVENTARIO!C18)),"OPT", IF(ISNUMBER(SEARCH("OVERCOAT",INVENTARIO!C18)),"OVE", IF(ISNUMBER(SEARCH("WHITE",INVENTARIO!C18)),"WHI", IF(ISNUMBER(SEARCH("LIGHT CYAN",INVENTARIO!C18)),"LIG-CYA", IF(ISNUMBER(SEARCH("CYAN",INVENTARIO!C18)),"CYA", IF(ISNUMBER(SEARCH("LIGHT MAGENTA",INVENTARIO!C18)),"LIG-MAG", IF(ISNUMBER(SEARCH("MAGENTA",INVENTARIO!C18)),"MAG", IF(ISNUMBER(SEARCH("BLACK",INVENTARIO!C18)),"BLA", IF(ISNUMBER(SEARCH("YELLOW",INVENTARIO!C18)),"YEL", IF(ISNUMBER(SEARCH("2 DIODOS",INVENTARIO!C18)),"2DI", IF(ISNUMBER(SEARCH("3 DIODOS",INVENTARIO!C18)),"3DI", IF(OR(ISNUMBER(SEARCH("TRASLUCIDO",INVENTARIO!C18)),ISNUMBER(SEARCH("TRANSLUCIDO",INVENTARIO!C18))),"TRA", ""))))))))))))) | I18: =IF(ISNUMBER(SEARCH("SILED",INVENTARIO!C17)),"SI", IF(ISNUMBER(SEARCH("SYDEMEX",INVENTARIO!C17)),"SY", IF(ISNUMBER(SEARCH("ROHS",INVENTARIO!C17)),"RO", IF(ISNUMBER(SEARCH("RISHANG",INVENTARIO!C17)),"RS", IF(ISNUMBER(SEARCH("VYG",INVENTARIO!C17)),"VYG", IF(ISNUMBER(SEARCH("COLED",INVENTARIO!C17)),"CO",""))))))
A19: =IF(ISNUMBER(SEARCH("LONA",INVENTARIO!C19)),"LON", IF(ISNUMBER(SEARCH("VINIL",INVENTARIO!C19)),"VIN", IF(ISNUMBER(SEARCH("KROMACOTE",INVENTARIO!C19)),"KRO", IF(ISNUMBER(SEARCH("STARDREAM",INVENTARIO!C19)),"STA", IF(ISNUMBER(SEARCH("DISPLAY",INVENTARIO!C19)),"DIS", IF(ISNUMBER(SEARCH("ROLL UP",INVENTARIO!C19)),"ROL-UP", IF(ISNUMBER(SEARCH("TRANSFER DE PAPEL",INVENTARIO!C19)),"TRA-PAP", IF(ISNUMBER(SEARCH("TRANSFER",INVENTARIO!C19)),"TRA",IF(ISNUMBER(SEARCH("KOLA LOKA",INVENTARIO!C19)),"KOL-LOK", IF(ISNUMBER(SEARCH("PETG",INVENTARIO!C19)),"PET", IF(ISNUMBER(SEARCH("OJILLO",INVENTARIO!C19)),"OJI", IF(ISNUMBER(SEARCH("COUCHE",INVENTARIO!C19)),"COU", IF(ISNUMBER(SEARCH("PANEL DE ALUMINIO",INVENTARIO!C19)),"PAN-ALU", IF(ISNUMBER(SEARCH("PVC",INVENTARIO!C19)),"PVC", IF(ISNUMBER(SEARCH("PAPEL",INVENTARIO!C19)),"PAP", IF(ISNUMBER(SEARCH("TELA",INVENTARIO!C19)),"TEL", IF(ISNUMBER(SEARCH("CARTULINA",INVENTARIO!C19)),"CAR", IF(OR(ISNUMBER(SEARCH("LAMINA",INVENTARIO!C19)),ISNUMBER(SEARCH("LÁMINA",INVENTARIO!C19)),ISNUMBER(SEARCH("LAMPARAS",INVENTARIO!C19))),"LAM", IF(ISNUMBER(SEARCH("ESTIRENO",INVENTARIO!C19)),"EST", IF(ISNUMBER(SEARCH("FOAMBOARD",INVENTARIO!C19)),"FOA", IF(ISNUMBER(SEARCH("SOLVENTE",INVENTARIO!C19)),"SOL", IF(ISNUMBER(SEARCH("TINTA",INVENTARIO!C19)),"TIN", IF(ISNUMBER(SEARCH("ACRILICO",INVENTARIO!C19)),"ACR", IF(ISNUMBER(SEARCH("MICROLED",INVENTARIO!C19)),"MIC", IF(ISNUMBER(SEARCH("LED",INVENTARIO!C19)),"LED", IF(ISNUMBER(SEARCH("FUENTE DE PODER",INVENTARIO!C19)),"FUE-POD", IF(ISNUMBER(SEARCH("PETG",INVENTARIO!C19)),"PET", IF(ISNUMBER(SEARCH("ALUMINIO",INVENTARIO!C19)),"ALU", IF(ISNUMBER(SEARCH("CANAL",INVENTARIO!C19)),"CAN", IF(ISNUMBER(SEARCH("ESCUADRA",INVENTARIO!C19)),"ESC", IF(ISNUMBER(SEARCH("SOPORTE",INVENTARIO!C19)),"SOP","OTR") )))))))))))))))))))))))))))))) -> LON | B19: =IF(ISNUMBER(SEARCH("CORTE",INVENTARIO!C19)),"COR", IF(ISNUMBER(SEARCH("CITYLIGHT",INVENTARIO!C19)),"CIT", IF(ISNUMBER(SEARCH("LINO",INVENTARIO!C19)),"LIN", IF(ISNUMBER(SEARCH("FABRIANO",INVENTARIO!C19)),"FAB", IF(ISNUMBER(SEARCH("SUNDANCE",INVENTARIO!C19)),"SUN", IF(ISNUMBER(SEARCH("SINTETICA",INVENTARIO!C19)),"SIN", IF(ISNUMBER(SEARCH("CONTROL",INVENTARIO!C19)),"CON", IF(ISNUMBER(SEARCH("TERMICO",INVENTARIO!C19)),"TER", IF(ISNUMBER(SEARCH("C-15",INVENTARIO!C19)),"C15", IF(ISNUMBER(SEARCH("C-20",INVENTARIO!C19)),"C20", IF(ISNUMBER(SEARCH("C-30",INVENTARIO!C19)),"C30", IF(ISNUMBER(SEARCH("C-40",INVENTARIO!C19)),"C40", IF(ISNUMBER(SEARCH("C-60",INVENTARIO!C19)),"C60", IF(ISNUMBER(SEARCH("C-80",INVENTARIO!C19)),"C80", IF(ISNUMBER(SEARCH("EQUIPO",INVENTARIO!C19)),"EQU", IF(ISNUMBER(SEARCH("FLOOR",INVENTARIO!C19)),"FLO", IF(ISNUMBER(SEARCH("CRISTAL",INVENTARIO!C19)),"CRI", IF(ISNUMBER(SEARCH(" SULFATADA",INVENTARIO!C30)),"SUL", IF(ISNUMBER(SEARCH("OPALINA",INVENTARIO!C19)),"OPA", IF(ISNUMBER(SEARCH("ADHERIBLE",INVENTARIO!C19)),"ADH", IF(ISNUMBER(SEARCH("MICRO",INVENTARIO!C19)),"MIC",""))))))))))))))))))))) | C19: =IF(ISNUMBER(SEARCH("PARED",INVENTARIO!C19)),"PAR", IF(ISNUMBER(SEARCH("FRONT",INVENTARIO!C19)),"FRO", IF(ISNUMBER(SEARCH("ALTA RESISTENCIA",INVENTARIO!C19)), "ALT-RES",IF(ISNUMBER(SEARCH("BACKLITE",INVENTARIO!C19)),"BAC", IF(ISNUMBER(SEARCH("MATE",INVENTARIO!C19)),"MAT", IF(ISNUMBER(SEARCH("MESH",INVENTARIO!C19)),"MES", IF(ISNUMBER(SEARCH("BRILLANTE",INVENTARIO!C19)),"BRI", IF(ISNUMBER(SEARCH("DELGADA",INVENTARIO!C19)),"DEL", IF(ISNUMBER(SEARCH("GRUESA",INVENTARIO!C19)),"GRU", IF(ISNUMBER(SEARCH("ESTATICO",INVENTARIO!C19)),"EST", IF(ISNUMBER(SEARCH("REFLECTIVO",INVENTARIO!C19)),"REF", IF(ISNUMBER(SEARCH("LX700",INVENTARIO!C19)),"LX7", IF(ISNUMBER(SEARCH("GRANDO",INVENTARIO!C19)),"GRA", IF(ISNUMBER(SEARCH("FB700",INVENTARIO!C19)),"FB7", IF(ISNUMBER(SEARCH("LX360",INVENTARIO!C19)),"LX3", IF(ISNUMBER(SEARCH("XEROX",INVENTARIO!C19)),"XER", IF(ISNUMBER(SEARCH("CEPILLADO",INVENTARIO!C19)),"CEP", IF(ISNUMBER(SEARCH("ESPEJO",INVENTARIO!C19)),"ESP", IF(ISNUMBER(SEARCH("10 PTS",INVENTARIO!C19)),"10PT", IF(ISNUMBER(SEARCH("12 PTS",INVENTARIO!C19)),"12PT", IF(ISNUMBER(SEARCH("14 PTS",INVENTARIO!C19)),"14PT", IF(ISNUMBER(SEARCH("CLASICO",INVENTARIO!C19)),"CLA", "")))))))))))))))))))))) -> MAT | D19: =IF(ISNUMBER(SEARCH("GRAN FORMATO",INVENTARIO!C19)),"GRA-FOR", IF(ISNUMBER(SEARCH("CAMA PLANA",INVENTARIO!C19)),"CAM-PLA", IF(ISNUMBER(SEARCH("GRADO INGENIERIA",INVENTARIO!C19)),"GRA-ING", IF(ISNUMBER(SEARCH("130 GRS",INVENTARIO!C19)),"130GR", IF(ISNUMBER(SEARCH("150 GRS",INVENTARIO!C19)),"150GR", IF(ISNUMBER(SEARCH("185 GRS",INVENTARIO!C19)),"185GR", IF(ISNUMBER(SEARCH("200 GRS",INVENTARIO!C19)),"200GR", IF(ISNUMBER(SEARCH("250 GRS",INVENTARIO!C19)),"250GR", IF(ISNUMBER(SEARCH("300 GRS",INVENTARIO!C19)),"300GR", IF(ISNUMBER(SEARCH("350 GRS",INVENTARIO!C19)),"350GR", IF(ISNUMBER(SEARCH("18 OZ",INVENTARIO!C19)),"18OZ", IF(ISNUMBER(SEARCH("15 OZ",INVENTARIO!C19)),"15OZ", IF(OR(ISNUMBER(SEARCH("13 OZ",INVENTARIO!C19)),ISNUMBER(SEARCH("13 ONZAS",INVENTARIO!C19))),"13OZ", IF(OR(ISNUMBER(SEARCH("9 OZ",INVENTARIO!C19)),ISNUMBER(SEARCH("9 ONZAS",INVENTARIO!C19))),"09OZ", IF(ISNUMBER(SEARCH("DOBLE CARA",INVENTARIO!C19)),"DOB-CAR", ""))))))))))))))) -> 13OZ | E19: =IF(OR(ISNUMBER(SEARCH("TRANSPARENTE",INVENTARIO!C19)),ISNUMBER(SEARCH("TRANSPARENTES",INVENTARIO!C19))),"TRA", IF(OR(ISNUMBER(SEARCH("BLANCO",INVENTARIO!C19)),ISNUMBER(SEARCH("BCO",INVENTARIO!C19))),"BLA", IF(ISNUMBER(SEARCH("FOTOGRAFICO",INVENTARIO!C19)),"FOT", IF(ISNUMBER(SEARCH("MARFIL",INVENTARIO!C19)),"MAR", IF(ISNUMBER(SEARCH("VERDE",INVENTARIO!C19)),"VER", IF(ISNUMBER(SEARCH("MORADO",INVENTARIO!C19)),"MOR", IF(ISNUMBER(SEARCH("PLATA",INVENTARIO!C19)),"PLA", IF(ISNUMBER(SEARCH("ORO",INVENTARIO!C19)),"ORO", IF(ISNUMBER(SEARCH("AMARILLO",INVENTARIO!C19)),"AMA", IF(ISNUMBER(SEARCH("NARANJA",INVENTARIO!C19)),"NAR", IF(ISNUMBER(SEARCH("NEGRO",INVENTARIO!C19)),"NEG", IF(ISNUMBER(SEARCH("ROJO",INVENTARIO!C19)),"ROJ", IF(ISNUMBER(SEARCH("AZUL",INVENTARIO!C19)),"AZU",""))))))))))))) | F19: =IF(ISNUMBER(SEARCH("ARLON",INVENTARIO!C19)),"ARL", IF(ISNUMBER(SEARCH("SUNTHINKS",INVENTARIO!C19)),"SUN", IF(ISNUMBER(SEARCH("FRIO",INVENTARIO!C19)),"FRI", IF(ISNUMBER(SEARCH("CALIDO",INVENTARIO!C19)),"CAL", IF(ISNUMBER(SEARCH("CEPILLADO",INVENTARIO!C19)),"CEP", IF(ISNUMBER(SEARCH("ESPEJO",INVENTARIO!C19)),"ESP", "")))))) | G19: =IF(ISNUMBER(SEARCH("LATEX",INVENTARIO!C19)),"LAT", IF(ISNUMBER(SEARCH("RESP. NEGRO",INVENTARIO!C19)),"RES-NEG", IF(ISNUMBER(SEARCH("RESPALDO CAFE",INVENTARIO!C19)),"RES-CAF", IF(ISNUMBER(SEARCH("RESPALDO GRIS",INVENTARIO!C19)),"RES-GRI", IF(ISNUMBER(SEARCH("OPTICO",INVENTARIO!C19)),"OPT", IF(ISNUMBER(SEARCH("1,2 MM",INVENTARIO!C19)),"1MM2", IF(ISNUMBER(SEARCH("2 MM",INVENTARIO!C19)),"2MM", IF(ISNUMBER(SEARCH("3 MM",INVENTARIO!C19)),"3MM", IF(ISNUMBER(SEARCH("4 MM",INVENTARIO!C19)),"4MM", IF(ISNUMBER(SEARCH("5 MM",INVENTARIO!C19)),"5MM", IF(ISNUMBER(SEARCH("6 MM",INVENTARIO!C19)),"6MM", IF(ISNUMBER(SEARCH("9 MM",INVENTARIO!C19)),"9MM", IF(ISNUMBER(SEARCH("10 MM",INVENTARIO!C19)),"10MM",""))))))))))))) | H19: =IF(ISNUMBER(SEARCH("GAMA BAJA",INVENTARIO!C19)),"GAM-BAJ", IF(ISNUMBER(SEARCH("OPTIMIZADOR",INVENTARIO!C19)),"OPT", IF(ISNUMBER(SEARCH("OVERCOAT",INVENTARIO!C19)),"OVE", IF(ISNUMBER(SEARCH("WHITE",INVENTARIO!C19)),"WHI", IF(ISNUMBER(SEARCH("LIGHT CYAN",INVENTARIO!C19)),"LIG-CYA", IF(ISNUMBER(SEARCH("CYAN",INVENTARIO!C19)),"CYA", IF(ISNUMBER(SEARCH("LIGHT MAGENTA",INVENTARIO!C19)),"LIG-MAG", IF(ISNUMBER(SEARCH("MAGENTA",INVENTARIO!C19)),"MAG", IF(ISNUMBER(SEARCH("BLACK",INVENTARIO!C19)),"BLA", IF(ISNUMBER(SEARCH("YELLOW",INVENTARIO!C19)),"YEL", IF(ISNUMBER(SEARCH("2 DIODOS",INVENTARIO!C19)),"2DI", IF(ISNUMBER(SEARCH("3 DIODOS",INVENTARIO!C19)),"3DI", IF(OR(ISNUMBER(SEARCH("TRASLUCIDO",INVENTARIO!C19)),ISNUMBER(SEARCH("TRANSLUCIDO",INVENTARIO!C19))),"TRA", ""))))))))))))) | I19: =IF(ISNUMBER(SEARCH("SILED",INVENTARIO!C21)),"SI", IF(ISNUMBER(SEARCH("SYDEMEX",INVENTARIO!C21)),"SY", IF(ISNUMBER(SEARCH("ROHS",INVENTARIO!C21)),"RO", IF(ISNUMBER(SEARCH("RISHANG",INVENTARIO!C21)),"RS", IF(ISNUMBER(SEARCH("VYG",INVENTARIO!C21)),"VYG", IF(ISNUMBER(SEARCH("COLED",INVENTARIO!C21)),"CO",""))))))
A20: =IF(ISNUMBER(SEARCH("LONA",INVENTARIO!C20)),"LON", IF(ISNUMBER(SEARCH("VINIL",INVENTARIO!C20)),"VIN", IF(ISNUMBER(SEARCH("KROMACOTE",INVENTARIO!C20)),"KRO", IF(ISNUMBER(SEARCH("STARDREAM",INVENTARIO!C20)),"STA", IF(ISNUMBER(SEARCH("DISPLAY",INVENTARIO!C20)),"DIS", IF(ISNUMBER(SEARCH("ROLL UP",INVENTARIO!C20)),"ROL-UP", IF(ISNUMBER(SEARCH("TRANSFER DE PAPEL",INVENTARIO!C20)),"TRA-PAP", IF(ISNUMBER(SEARCH("TRANSFER",INVENTARIO!C20)),"TRA",IF(ISNUMBER(SEARCH("KOLA LOKA",INVENTARIO!C20)),"KOL-LOK", IF(ISNUMBER(SEARCH("PETG",INVENTARIO!C20)),"PET", IF(ISNUMBER(SEARCH("OJILLO",INVENTARIO!C20)),"OJI", IF(ISNUMBER(SEARCH("COUCHE",INVENTARIO!C20)),"COU", IF(ISNUMBER(SEARCH("PANEL DE ALUMINIO",INVENTARIO!C20)),"PAN-ALU", IF(ISNUMBER(SEARCH("PVC",INVENTARIO!C20)),"PVC", IF(ISNUMBER(SEARCH("PAPEL",INVENTARIO!C20)),"PAP", IF(ISNUMBER(SEARCH("TELA",INVENTARIO!C20)),"TEL", IF(ISNUMBER(SEARCH("CARTULINA",INVENTARIO!C20)),"CAR", IF(OR(ISNUMBER(SEARCH("LAMINA",INVENTARIO!C20)),ISNUMBER(SEARCH("LÁMINA",INVENTARIO!C20)),ISNUMBER(SEARCH("LAMPARAS",INVENTARIO!C20))),"LAM", IF(ISNUMBER(SEARCH("ESTIRENO",INVENTARIO!C20)),"EST", IF(ISNUMBER(SEARCH("FOAMBOARD",INVENTARIO!C20)),"FOA", IF(ISNUMBER(SEARCH("SOLVENTE",INVENTARIO!C20)),"SOL", IF(ISNUMBER(SEARCH("TINTA",INVENTARIO!C20)),"TIN", IF(ISNUMBER(SEARCH("ACRILICO",INVENTARIO!C20)),"ACR", IF(ISNUMBER(SEARCH("MICROLED",INVENTARIO!C20)),"MIC", IF(ISNUMBER(SEARCH("LED",INVENTARIO!C20)),"LED", IF(ISNUMBER(SEARCH("FUENTE DE PODER",INVENTARIO!C20)),"FUE-POD", IF(ISNUMBER(SEARCH("PETG",INVENTARIO!C20)),"PET", IF(ISNUMBER(SEARCH("ALUMINIO",INVENTARIO!C20)),"ALU", IF(ISNUMBER(SEARCH("CANAL",INVENTARIO!C20)),"CAN", IF(ISNUMBER(SEARCH("ESCUADRA",INVENTARIO!C20)),"ESC", IF(ISNUMBER(SEARCH("SOPORTE",INVENTARIO!C20)),"SOP","OTR") )))))))))))))))))))))))))))))) -> LON | B20: =IF(ISNUMBER(SEARCH("CORTE",INVENTARIO!C20)),"COR", IF(ISNUMBER(SEARCH("CITYLIGHT",INVENTARIO!C20)),"CIT", IF(ISNUMBER(SEARCH("LINO",INVENTARIO!C20)),"LIN", IF(ISNUMBER(SEARCH("FABRIANO",INVENTARIO!C20)),"FAB", IF(ISNUMBER(SEARCH("SUNDANCE",INVENTARIO!C20)),"SUN", IF(ISNUMBER(SEARCH("SINTETICA",INVENTARIO!C20)),"SIN", IF(ISNUMBER(SEARCH("CONTROL",INVENTARIO!C20)),"CON", IF(ISNUMBER(SEARCH("TERMICO",INVENTARIO!C20)),"TER", IF(ISNUMBER(SEARCH("C-15",INVENTARIO!C20)),"C15", IF(ISNUMBER(SEARCH("C-20",INVENTARIO!C20)),"C20", IF(ISNUMBER(SEARCH("C-30",INVENTARIO!C20)),"C30", IF(ISNUMBER(SEARCH("C-40",INVENTARIO!C20)),"C40", IF(ISNUMBER(SEARCH("C-60",INVENTARIO!C20)),"C60", IF(ISNUMBER(SEARCH("C-80",INVENTARIO!C20)),"C80", IF(ISNUMBER(SEARCH("EQUIPO",INVENTARIO!C20)),"EQU", IF(ISNUMBER(SEARCH("FLOOR",INVENTARIO!C20)),"FLO", IF(ISNUMBER(SEARCH("CRISTAL",INVENTARIO!C20)),"CRI", IF(ISNUMBER(SEARCH(" SULFATADA",INVENTARIO!C31)),"SUL", IF(ISNUMBER(SEARCH("OPALINA",INVENTARIO!C20)),"OPA", IF(ISNUMBER(SEARCH("ADHERIBLE",INVENTARIO!C20)),"ADH", IF(ISNUMBER(SEARCH("MICRO",INVENTARIO!C20)),"MIC",""))))))))))))))))))))) | C20: =IF(ISNUMBER(SEARCH("PARED",INVENTARIO!C20)),"PAR", IF(ISNUMBER(SEARCH("FRONT",INVENTARIO!C20)),"FRO", IF(ISNUMBER(SEARCH("ALTA RESISTENCIA",INVENTARIO!C20)), "ALT-RES",IF(ISNUMBER(SEARCH("BACKLITE",INVENTARIO!C20)),"BAC", IF(ISNUMBER(SEARCH("MATE",INVENTARIO!C20)),"MAT", IF(ISNUMBER(SEARCH("MESH",INVENTARIO!C20)),"MES", IF(ISNUMBER(SEARCH("BRILLANTE",INVENTARIO!C20)),"BRI", IF(ISNUMBER(SEARCH("DELGADA",INVENTARIO!C20)),"DEL", IF(ISNUMBER(SEARCH("GRUESA",INVENTARIO!C20)),"GRU", IF(ISNUMBER(SEARCH("ESTATICO",INVENTARIO!C20)),"EST", IF(ISNUMBER(SEARCH("REFLECTIVO",INVENTARIO!C20)),"REF", IF(ISNUMBER(SEARCH("LX700",INVENTARIO!C20)),"LX7", IF(ISNUMBER(SEARCH("GRANDO",INVENTARIO!C20)),"GRA", IF(ISNUMBER(SEARCH("FB700",INVENTARIO!C20)),"FB7", IF(ISNUMBER(SEARCH("LX360",INVENTARIO!C20)),"LX3", IF(ISNUMBER(SEARCH("XEROX",INVENTARIO!C20)),"XER", IF(ISNUMBER(SEARCH("CEPILLADO",INVENTARIO!C20)),"CEP", IF(ISNUMBER(SEARCH("ESPEJO",INVENTARIO!C20)),"ESP", IF(ISNUMBER(SEARCH("10 PTS",INVENTARIO!C20)),"10PT", IF(ISNUMBER(SEARCH("12 PTS",INVENTARIO!C20)),"12PT", IF(ISNUMBER(SEARCH("14 PTS",INVENTARIO!C20)),"14PT", IF(ISNUMBER(SEARCH("CLASICO",INVENTARIO!C20)),"CLA", "")))))))))))))))))))))) -> MAT | D20: =IF(ISNUMBER(SEARCH("GRAN FORMATO",INVENTARIO!C20)),"GRA-FOR", IF(ISNUMBER(SEARCH("CAMA PLANA",INVENTARIO!C20)),"CAM-PLA", IF(ISNUMBER(SEARCH("GRADO INGENIERIA",INVENTARIO!C20)),"GRA-ING", IF(ISNUMBER(SEARCH("130 GRS",INVENTARIO!C20)),"130GR", IF(ISNUMBER(SEARCH("150 GRS",INVENTARIO!C20)),"150GR", IF(ISNUMBER(SEARCH("185 GRS",INVENTARIO!C20)),"185GR", IF(ISNUMBER(SEARCH("200 GRS",INVENTARIO!C20)),"200GR", IF(ISNUMBER(SEARCH("250 GRS",INVENTARIO!C20)),"250GR", IF(ISNUMBER(SEARCH("300 GRS",INVENTARIO!C20)),"300GR", IF(ISNUMBER(SEARCH("350 GRS",INVENTARIO!C20)),"350GR", IF(ISNUMBER(SEARCH("18 OZ",INVENTARIO!C20)),"18OZ", IF(ISNUMBER(SEARCH("15 OZ",INVENTARIO!C20)),"15OZ", IF(OR(ISNUMBER(SEARCH("13 OZ",INVENTARIO!C20)),ISNUMBER(SEARCH("13 ONZAS",INVENTARIO!C20))),"13OZ", IF(OR(ISNUMBER(SEARCH("9 OZ",INVENTARIO!C20)),ISNUMBER(SEARCH("9 ONZAS",INVENTARIO!C20))),"09OZ", IF(ISNUMBER(SEARCH("DOBLE CARA",INVENTARIO!C20)),"DOB-CAR", ""))))))))))))))) -> 13OZ | E20: =IF(OR(ISNUMBER(SEARCH("TRANSPARENTE",INVENTARIO!C20)),ISNUMBER(SEARCH("TRANSPARENTES",INVENTARIO!C20))),"TRA", IF(OR(ISNUMBER(SEARCH("BLANCO",INVENTARIO!C20)),ISNUMBER(SEARCH("BCO",INVENTARIO!C20))),"BLA", IF(ISNUMBER(SEARCH("FOTOGRAFICO",INVENTARIO!C20)),"FOT", IF(ISNUMBER(SEARCH("MARFIL",INVENTARIO!C20)),"MAR", IF(ISNUMBER(SEARCH("VERDE",INVENTARIO!C20)),"VER", IF(ISNUMBER(SEARCH("MORADO",INVENTARIO!C20)),"MOR", IF(ISNUMBER(SEARCH("PLATA",INVENTARIO!C20)),"PLA", IF(ISNUMBER(SEARCH("ORO",INVENTARIO!C20)),"ORO", IF(ISNUMBER(SEARCH("AMARILLO",INVENTARIO!C20)),"AMA", IF(ISNUMBER(SEARCH("NARANJA",INVENTARIO!C20)),"NAR", IF(ISNUMBER(SEARCH("NEGRO",INVENTARIO!C20)),"NEG", IF(ISNUMBER(SEARCH("ROJO",INVENTARIO!C20)),"ROJ", IF(ISNUMBER(SEARCH("AZUL",INVENTARIO!C20)),"AZU",""))))))))))))) -> NEG | F20: =IF(ISNUMBER(SEARCH("ARLON",INVENTARIO!C20)),"ARL", IF(ISNUMBER(SEARCH("SUNTHINKS",INVENTARIO!C20)),"SUN", IF(ISNUMBER(SEARCH("FRIO",INVENTARIO!C20)),"FRI", IF(ISNUMBER(SEARCH("CALIDO",INVENTARIO!C20)),"CAL", IF(ISNUMBER(SEARCH("CEPILLADO",INVENTARIO!C20)),"CEP", IF(ISNUMBER(SEARCH("ESPEJO",INVENTARIO!C20)),"ESP", "")))))) | G20: =IF(ISNUMBER(SEARCH("LATEX",INVENTARIO!C20)),"LAT", IF(ISNUMBER(SEARCH("RESP. NEGRO",INVENTARIO!C20)),"RES-NEG", IF(ISNUMBER(SEARCH("RESPALDO CAFE",INVENTARIO!C20)),"RES-CAF", IF(ISNUMBER(SEARCH("RESPALDO GRIS",INVENTARIO!C20)),"RES-GRI", IF(ISNUMBER(SEARCH("OPTICO",INVENTARIO!C20)),"OPT", IF(ISNUMBER(SEARCH("1,2 MM",INVENTARIO!C20)),"1MM2", IF(ISNUMBER(SEARCH("2 MM",INVENTARIO!C20)),"2MM", IF(ISNUMBER(SEARCH("3 MM",INVENTARIO!C20)),"3MM", IF(ISNUMBER(SEARCH("4 MM",INVENTARIO!C20)),"4MM", IF(ISNUMBER(SEARCH("5 MM",INVENTARIO!C20)),"5MM", IF(ISNUMBER(SEARCH("6 MM",INVENTARIO!C20)),"6MM", IF(ISNUMBER(SEARCH("9 MM",INVENTARIO!C20)),"9MM", IF(ISNUMBER(SEARCH("10 MM",INVENTARIO!C20)),"10MM",""))))))))))))) -> RES-NEG | H20: =IF(ISNUMBER(SEARCH("GAMA BAJA",INVENTARIO!C20)),"GAM-BAJ", IF(ISNUMBER(SEARCH("OPTIMIZADOR",INVENTARIO!C20)),"OPT", IF(ISNUMBER(SEARCH("OVERCOAT",INVENTARIO!C20)),"OVE", IF(ISNUMBER(SEARCH("WHITE",INVENTARIO!C20)),"WHI", IF(ISNUMBER(SEARCH("LIGHT CYAN",INVENTARIO!C20)),"LIG-CYA", IF(ISNUMBER(SEARCH("CYAN",INVENTARIO!C20)),"CYA", IF(ISNUMBER(SEARCH("LIGHT MAGENTA",INVENTARIO!C20)),"LIG-MAG", IF(ISNUMBER(SEARCH("MAGENTA",INVENTARIO!C20)),"MAG", IF(ISNUMBER(SEARCH("BLACK",INVENTARIO!C20)),"BLA", IF(ISNUMBER(SEARCH("YELLOW",INVENTARIO!C20)),"YEL", IF(ISNUMBER(SEARCH("2 DIODOS",INVENTARIO!C20)),"2DI", IF(ISNUMBER(SEARCH("3 DIODOS",INVENTARIO!C20)),"3DI", IF(OR(ISNUMBER(SEARCH("TRASLUCIDO",INVENTARIO!C20)),ISNUMBER(SEARCH("TRANSLUCIDO",INVENTARIO!C20))),"TRA", ""))))))))))))) | I20: =IF(ISNUMBER(SEARCH("SILED",INVENTARIO!C19)),"SI", IF(ISNUMBER(SEARCH("SYDEMEX",INVENTARIO!C19)),"SY", IF(ISNUMBER(SEARCH("ROHS",INVENTARIO!C19)),"RO", IF(ISNUMBER(SEARCH("RISHANG",INVENTARIO!C19)),"RS", IF(ISNUMBER(SEARCH("VYG",INVENTARIO!C19)),"VYG", IF(ISNUMBER(SEARCH("COLED",INVENTARIO!C19)),"CO",""))))))
A21: =IF(ISNUMBER(SEARCH("LONA",INVENTARIO!C21)),"LON", IF(ISNUMBER(SEARCH("VINIL",INVENTARIO!C21)),"VIN", IF(ISNUMBER(SEARCH("KROMACOTE",INVENTARIO!C21)),"KRO", IF(ISNUMBER(SEARCH("STARDREAM",INVENTARIO!C21)),"STA", IF(ISNUMBER(SEARCH("DISPLAY",INVENTARIO!C21)),"DIS", IF(ISNUMBER(SEARCH("ROLL UP",INVENTARIO!C21)),"ROL-UP", IF(ISNUMBER(SEARCH("TRANSFER DE PAPEL",INVENTARIO!C21)),"TRA-PAP", IF(ISNUMBER(SEARCH("TRANSFER",INVENTARIO!C21)),"TRA",IF(ISNUMBER(SEARCH("KOLA LOKA",INVENTARIO!C21)),"KOL-LOK", IF(ISNUMBER(SEARCH("PETG",INVENTARIO!C21)),"PET", IF(ISNUMBER(SEARCH("OJILLO",INVENTARIO!C21)),"OJI", IF(ISNUMBER(SEARCH("COUCHE",INVENTARIO!C21)),"COU", IF(ISNUMBER(SEARCH("PANEL DE ALUMINIO",INVENTARIO!C21)),"PAN-ALU", IF(ISNUMBER(SEARCH("PVC",INVENTARIO!C21)),"PVC", IF(ISNUMBER(SEARCH("PAPEL",INVENTARIO!C21)),"PAP", IF(ISNUMBER(SEARCH("TELA",INVENTARIO!C21)),"TEL", IF(ISNUMBER(SEARCH("CARTULINA",INVENTARIO!C21)),"CAR", IF(OR(ISNUMBER(SEARCH("LAMINA",INVENTARIO!C21)),ISNUMBER(SEARCH("LÁMINA",INVENTARIO!C21)),ISNUMBER(SEARCH("LAMPARAS",INVENTARIO!C21))),"LAM", IF(ISNUMBER(SEARCH("ESTIRENO",INVENTARIO!C21)),"EST", IF(ISNUMBER(SEARCH("FOAMBOARD",INVENTARIO!C21)),"FOA", IF(ISNUMBER(SEARCH("SOLVENTE",INVENTARIO!C21)),"SOL", IF(ISNUMBER(SEARCH("TINTA",INVENTARIO!C21)),"TIN", IF(ISNUMBER(SEARCH("ACRILICO",INVENTARIO!C21)),"ACR", IF(ISNUMBER(SEARCH("MICROLED",INVENTARIO!C21)),"MIC", IF(ISNUMBER(SEARCH("LED",INVENTARIO!C21)),"LED", IF(ISNUMBER(SEARCH("FUENTE DE PODER",INVENTARIO!C21)),"FUE-POD", IF(ISNUMBER(SEARCH("PETG",INVENTARIO!C21)),"PET", IF(ISNUMBER(SEARCH("ALUMINIO",INVENTARIO!C21)),"ALU", IF(ISNUMBER(SEARCH("CANAL",INVENTARIO!C21)),"CAN", IF(ISNUMBER(SEARCH("ESCUADRA",INVENTARIO!C21)),"ESC", IF(ISNUMBER(SEARCH("SOPORTE",INVENTARIO!C21)),"SOP","OTR") )))))))))))))))))))))))))))))) -> LON | B21: =IF(ISNUMBER(SEARCH("CORTE",INVENTARIO!C21)),"COR", IF(ISNUMBER(SEARCH("CITYLIGHT",INVENTARIO!C21)),"CIT", IF(ISNUMBER(SEARCH("LINO",INVENTARIO!C21)),"LIN", IF(ISNUMBER(SEARCH("FABRIANO",INVENTARIO!C21)),"FAB", IF(ISNUMBER(SEARCH("SUNDANCE",INVENTARIO!C21)),"SUN", IF(ISNUMBER(SEARCH("SINTETICA",INVENTARIO!C21)),"SIN", IF(ISNUMBER(SEARCH("CONTROL",INVENTARIO!C21)),"CON", IF(ISNUMBER(SEARCH("TERMICO",INVENTARIO!C21)),"TER", IF(ISNUMBER(SEARCH("C-15",INVENTARIO!C21)),"C15", IF(ISNUMBER(SEARCH("C-20",INVENTARIO!C21)),"C20", IF(ISNUMBER(SEARCH("C-30",INVENTARIO!C21)),"C30", IF(ISNUMBER(SEARCH("C-40",INVENTARIO!C21)),"C40", IF(ISNUMBER(SEARCH("C-60",INVENTARIO!C21)),"C60", IF(ISNUMBER(SEARCH("C-80",INVENTARIO!C21)),"C80", IF(ISNUMBER(SEARCH("EQUIPO",INVENTARIO!C21)),"EQU", IF(ISNUMBER(SEARCH("FLOOR",INVENTARIO!C21)),"FLO", IF(ISNUMBER(SEARCH("CRISTAL",INVENTARIO!C21)),"CRI", IF(ISNUMBER(SEARCH(" SULFATADA",INVENTARIO!C32)),"SUL", IF(ISNUMBER(SEARCH("OPALINA",INVENTARIO!C21)),"OPA", IF(ISNUMBER(SEARCH("ADHERIBLE",INVENTARIO!C21)),"ADH", IF(ISNUMBER(SEARCH("MICRO",INVENTARIO!C21)),"MIC",""))))))))))))))))))))) | C21: =IF(ISNUMBER(SEARCH("PARED",INVENTARIO!C21)),"PAR", IF(ISNUMBER(SEARCH("FRONT",INVENTARIO!C21)),"FRO", IF(ISNUMBER(SEARCH("ALTA RESISTENCIA",INVENTARIO!C21)), "ALT-RES",IF(ISNUMBER(SEARCH("BACKLITE",INVENTARIO!C21)),"BAC", IF(ISNUMBER(SEARCH("MATE",INVENTARIO!C21)),"MAT", IF(ISNUMBER(SEARCH("MESH",INVENTARIO!C21)),"MES", IF(ISNUMBER(SEARCH("BRILLANTE",INVENTARIO!C21)),"BRI", IF(ISNUMBER(SEARCH("DELGADA",INVENTARIO!C21)),"DEL", IF(ISNUMBER(SEARCH("GRUESA",INVENTARIO!C21)),"GRU", IF(ISNUMBER(SEARCH("ESTATICO",INVENTARIO!C21)),"EST", IF(ISNUMBER(SEARCH("REFLECTIVO",INVENTARIO!C21)),"REF", IF(ISNUMBER(SEARCH("LX700",INVENTARIO!C21)),"LX7", IF(ISNUMBER(SEARCH("GRANDO",INVENTARIO!C21)),"GRA", IF(ISNUMBER(SEARCH("FB700",INVENTARIO!C21)),"FB7", IF(ISNUMBER(SEARCH("LX360",INVENTARIO!C21)),"LX3", IF(ISNUMBER(SEARCH("XEROX",INVENTARIO!C21)),"XER", IF(ISNUMBER(SEARCH("CEPILLADO",INVENTARIO!C21)),"CEP", IF(ISNUMBER(SEARCH("ESPEJO",INVENTARIO!C21)),"ESP", IF(ISNUMBER(SEARCH("10 PTS",INVENTARIO!C21)),"10PT", IF(ISNUMBER(SEARCH("12 PTS",INVENTARIO!C21)),"12PT", IF(ISNUMBER(SEARCH("14 PTS",INVENTARIO!C21)),"14PT", IF(ISNUMBER(SEARCH("CLASICO",INVENTARIO!C21)),"CLA", "")))))))))))))))))))))) -> MAT | D21: =IF(ISNUMBER(SEARCH("GRAN FORMATO",INVENTARIO!C21)),"GRA-FOR", IF(ISNUMBER(SEARCH("CAMA PLANA",INVENTARIO!C21)),"CAM-PLA", IF(ISNUMBER(SEARCH("GRADO INGENIERIA",INVENTARIO!C21)),"GRA-ING", IF(ISNUMBER(SEARCH("130 GRS",INVENTARIO!C21)),"130GR", IF(ISNUMBER(SEARCH("150 GRS",INVENTARIO!C21)),"150GR", IF(ISNUMBER(SEARCH("185 GRS",INVENTARIO!C21)),"185GR", IF(ISNUMBER(SEARCH("200 GRS",INVENTARIO!C21)),"200GR", IF(ISNUMBER(SEARCH("250 GRS",INVENTARIO!C21)),"250GR", IF(ISNUMBER(SEARCH("300 GRS",INVENTARIO!C21)),"300GR", IF(ISNUMBER(SEARCH("350 GRS",INVENTARIO!C21)),"350GR", IF(ISNUMBER(SEARCH("18 OZ",INVENTARIO!C21)),"18OZ", IF(ISNUMBER(SEARCH("15 OZ",INVENTARIO!C21)),"15OZ", IF(OR(ISNUMBER(SEARCH("13 OZ",INVENTARIO!C21)),ISNUMBER(SEARCH("13 ONZAS",INVENTARIO!C21))),"13OZ", IF(OR(ISNUMBER(SEARCH("9 OZ",INVENTARIO!C21)),ISNUMBER(SEARCH("9 ONZAS",INVENTARIO!C21))),"09OZ", IF(ISNUMBER(SEARCH("DOBLE CARA",INVENTARIO!C21)),"DOB-CAR", ""))))))))))))))) -> 13OZ | E21: =IF(OR(ISNUMBER(SEARCH("TRANSPARENTE",INVENTARIO!C21)),ISNUMBER(SEARCH("TRANSPARENTES",INVENTARIO!C21))),"TRA", IF(OR(ISNUMBER(SEARCH("BLANCO",INVENTARIO!C21)),ISNUMBER(SEARCH("BCO",INVENTARIO!C21))),"BLA", IF(ISNUMBER(SEARCH("FOTOGRAFICO",INVENTARIO!C21)),"FOT", IF(ISNUMBER(SEARCH("MARFIL",INVENTARIO!C21)),"MAR", IF(ISNUMBER(SEARCH("VERDE",INVENTARIO!C21)),"VER", IF(ISNUMBER(SEARCH("MORADO",INVENTARIO!C21)),"MOR", IF(ISNUMBER(SEARCH("PLATA",INVENTARIO!C21)),"PLA", IF(ISNUMBER(SEARCH("ORO",INVENTARIO!C21)),"ORO", IF(ISNUMBER(SEARCH("AMARILLO",INVENTARIO!C21)),"AMA", IF(ISNUMBER(SEARCH("NARANJA",INVENTARIO!C21)),"NAR", IF(ISNUMBER(SEARCH("NEGRO",INVENTARIO!C21)),"NEG", IF(ISNUMBER(SEARCH("ROJO",INVENTARIO!C21)),"ROJ", IF(ISNUMBER(SEARCH("AZUL",INVENTARIO!C21)),"AZU",""))))))))))))) -> NEG | F21: =IF(ISNUMBER(SEARCH("ARLON",INVENTARIO!C21)),"ARL", IF(ISNUMBER(SEARCH("SUNTHINKS",INVENTARIO!C21)),"SUN", IF(ISNUMBER(SEARCH("FRIO",INVENTARIO!C21)),"FRI", IF(ISNUMBER(SEARCH("CALIDO",INVENTARIO!C21)),"CAL", IF(ISNUMBER(SEARCH("CEPILLADO",INVENTARIO!C21)),"CEP", IF(ISNUMBER(SEARCH("ESPEJO",INVENTARIO!C21)),"ESP", "")))))) | G21: =IF(ISNUMBER(SEARCH("LATEX",INVENTARIO!C21)),"LAT", IF(ISNUMBER(SEARCH("RESP. NEGRO",INVENTARIO!C21)),"RES-NEG", IF(ISNUMBER(SEARCH("RESPALDO CAFE",INVENTARIO!C21)),"RES-CAF", IF(ISNUMBER(SEARCH("RESPALDO GRIS",INVENTARIO!C21)),"RES-GRI", IF(ISNUMBER(SEARCH("OPTICO",INVENTARIO!C21)),"OPT", IF(ISNUMBER(SEARCH("1,2 MM",INVENTARIO!C21)),"1MM2", IF(ISNUMBER(SEARCH("2 MM",INVENTARIO!C21)),"2MM", IF(ISNUMBER(SEARCH("3 MM",INVENTARIO!C21)),"3MM", IF(ISNUMBER(SEARCH("4 MM",INVENTARIO!C21)),"4MM", IF(ISNUMBER(SEARCH("5 MM",INVENTARIO!C21)),"5MM", IF(ISNUMBER(SEARCH("6 MM",INVENTARIO!C21)),"6MM", IF(ISNUMBER(SEARCH("9 MM",INVENTARIO!C21)),"9MM", IF(ISNUMBER(SEARCH("10 MM",INVENTARIO!C21)),"10MM",""))))))))))))) -> RES-NEG | H21: =IF(ISNUMBER(SEARCH("GAMA BAJA",INVENTARIO!C21)),"GAM-BAJ", IF(ISNUMBER(SEARCH("OPTIMIZADOR",INVENTARIO!C21)),"OPT", IF(ISNUMBER(SEARCH("OVERCOAT",INVENTARIO!C21)),"OVE", IF(ISNUMBER(SEARCH("WHITE",INVENTARIO!C21)),"WHI", IF(ISNUMBER(SEARCH("LIGHT CYAN",INVENTARIO!C21)),"LIG-CYA", IF(ISNUMBER(SEARCH("CYAN",INVENTARIO!C21)),"CYA", IF(ISNUMBER(SEARCH("LIGHT MAGENTA",INVENTARIO!C21)),"LIG-MAG", IF(ISNUMBER(SEARCH("MAGENTA",INVENTARIO!C21)),"MAG", IF(ISNUMBER(SEARCH("BLACK",INVENTARIO!C21)),"BLA", IF(ISNUMBER(SEARCH("YELLOW",INVENTARIO!C21)),"YEL", IF(ISNUMBER(SEARCH("2 DIODOS",INVENTARIO!C21)),"2DI", IF(ISNUMBER(SEARCH("3 DIODOS",INVENTARIO!C21)),"3DI", IF(OR(ISNUMBER(SEARCH("TRASLUCIDO",INVENTARIO!C21)),ISNUMBER(SEARCH("TRANSLUCIDO",INVENTARIO!C21))),"TRA", ""))))))))))))) | I21: =IF(ISNUMBER(SEARCH("SILED",INVENTARIO!C22)),"SI", IF(ISNUMBER(SEARCH("SYDEMEX",INVENTARIO!C22)),"SY", IF(ISNUMBER(SEARCH("ROHS",INVENTARIO!C22)),"RO", IF(ISNUMBER(SEARCH("RISHANG",INVENTARIO!C22)),"RS", IF(ISNUMBER(SEARCH("VYG",INVENTARIO!C22)),"VYG", IF(ISNUMBER(SEARCH("COLED",INVENTARIO!C22)),"CO",""))))))
A22: =IF(ISNUMBER(SEARCH("LONA",INVENTARIO!C22)),"LON", IF(ISNUMBER(SEARCH("VINIL",INVENTARIO!C22)),"VIN", IF(ISNUMBER(SEARCH("KROMACOTE",INVENTARIO!C22)),"KRO", IF(ISNUMBER(SEARCH("STARDREAM",INVENTARIO!C22)),"STA", IF(ISNUMBER(SEARCH("DISPLAY",INVENTARIO!C22)),"DIS", IF(ISNUMBER(SEARCH("ROLL UP",INVENTARIO!C22)),"ROL-UP", IF(ISNUMBER(SEARCH("TRANSFER DE PAPEL",INVENTARIO!C22)),"TRA-PAP", IF(ISNUMBER(SEARCH("TRANSFER",INVENTARIO!C22)),"TRA",IF(ISNUMBER(SEARCH("KOLA LOKA",INVENTARIO!C22)),"KOL-LOK", IF(ISNUMBER(SEARCH("PETG",INVENTARIO!C22)),"PET", IF(ISNUMBER(SEARCH("OJILLO",INVENTARIO!C22)),"OJI", IF(ISNUMBER(SEARCH("COUCHE",INVENTARIO!C22)),"COU", IF(ISNUMBER(SEARCH("PANEL DE ALUMINIO",INVENTARIO!C22)),"PAN-ALU", IF(ISNUMBER(SEARCH("PVC",INVENTARIO!C22)),"PVC", IF(ISNUMBER(SEARCH("PAPEL",INVENTARIO!C22)),"PAP", IF(ISNUMBER(SEARCH("TELA",INVENTARIO!C22)),"TEL", IF(ISNUMBER(SEARCH("CARTULINA",INVENTARIO!C22)),"CAR", IF(OR(ISNUMBER(SEARCH("LAMINA",INVENTARIO!C22)),ISNUMBER(SEARCH("LÁMINA",INVENTARIO!C22)),ISNUMBER(SEARCH("LAMPARAS",INVENTARIO!C22))),"LAM", IF(ISNUMBER(SEARCH("ESTIRENO",INVENTARIO!C22)),"EST", IF(ISNUMBER(SEARCH("FOAMBOARD",INVENTARIO!C22)),"FOA", IF(ISNUMBER(SEARCH("SOLVENTE",INVENTARIO!C22)),"SOL", IF(ISNUMBER(SEARCH("TINTA",INVENTARIO!C22)),"TIN", IF(ISNUMBER(SEARCH("ACRILICO",INVENTARIO!C22)),"ACR", IF(ISNUMBER(SEARCH("MICROLED",INVENTARIO!C22)),"MIC", IF(ISNUMBER(SEARCH("LED",INVENTARIO!C22)),"LED", IF(ISNUMBER(SEARCH("FUENTE DE PODER",INVENTARIO!C22)),"FUE-POD", IF(ISNUMBER(SEARCH("PETG",INVENTARIO!C22)),"PET", IF(ISNUMBER(SEARCH("ALUMINIO",INVENTARIO!C22)),"ALU", IF(ISNUMBER(SEARCH("CANAL",INVENTARIO!C22)),"CAN", IF(ISNUMBER(SEARCH("ESCUADRA",INVENTARIO!C22)),"ESC", IF(ISNUMBER(SEARCH("SOPORTE",INVENTARIO!C22)),"SOP","OTR") )))))))))))))))))))))))))))))) -> LON | B22: =IF(ISNUMBER(SEARCH("CORTE",INVENTARIO!C22)),"COR", IF(ISNUMBER(SEARCH("CITYLIGHT",INVENTARIO!C22)),"CIT", IF(ISNUMBER(SEARCH("LINO",INVENTARIO!C22)),"LIN", IF(ISNUMBER(SEARCH("FABRIANO",INVENTARIO!C22)),"FAB", IF(ISNUMBER(SEARCH("SUNDANCE",INVENTARIO!C22)),"SUN", IF(ISNUMBER(SEARCH("SINTETICA",INVENTARIO!C22)),"SIN", IF(ISNUMBER(SEARCH("CONTROL",INVENTARIO!C22)),"CON", IF(ISNUMBER(SEARCH("TERMICO",INVENTARIO!C22)),"TER", IF(ISNUMBER(SEARCH("C-15",INVENTARIO!C22)),"C15", IF(ISNUMBER(SEARCH("C-20",INVENTARIO!C22)),"C20", IF(ISNUMBER(SEARCH("C-30",INVENTARIO!C22)),"C30", IF(ISNUMBER(SEARCH("C-40",INVENTARIO!C22)),"C40", IF(ISNUMBER(SEARCH("C-60",INVENTARIO!C22)),"C60", IF(ISNUMBER(SEARCH("C-80",INVENTARIO!C22)),"C80", IF(ISNUMBER(SEARCH("EQUIPO",INVENTARIO!C22)),"EQU", IF(ISNUMBER(SEARCH("FLOOR",INVENTARIO!C22)),"FLO", IF(ISNUMBER(SEARCH("CRISTAL",INVENTARIO!C22)),"CRI", IF(ISNUMBER(SEARCH(" SULFATADA",INVENTARIO!C33)),"SUL", IF(ISNUMBER(SEARCH("OPALINA",INVENTARIO!C22)),"OPA", IF(ISNUMBER(SEARCH("ADHERIBLE",INVENTARIO!C22)),"ADH", IF(ISNUMBER(SEARCH("MICRO",INVENTARIO!C22)),"MIC",""))))))))))))))))))))) | C22: =IF(ISNUMBER(SEARCH("PARED",INVENTARIO!C22)),"PAR", IF(ISNUMBER(SEARCH("FRONT",INVENTARIO!C22)),"FRO", IF(ISNUMBER(SEARCH("ALTA RESISTENCIA",INVENTARIO!C22)), "ALT-RES",IF(ISNUMBER(SEARCH("BACKLITE",INVENTARIO!C22)),"BAC", IF(ISNUMBER(SEARCH("MATE",INVENTARIO!C22)),"MAT", IF(ISNUMBER(SEARCH("MESH",INVENTARIO!C22)),"MES", IF(ISNUMBER(SEARCH("BRILLANTE",INVENTARIO!C22)),"BRI", IF(ISNUMBER(SEARCH("DELGADA",INVENTARIO!C22)),"DEL", IF(ISNUMBER(SEARCH("GRUESA",INVENTARIO!C22)),"GRU", IF(ISNUMBER(SEARCH("ESTATICO",INVENTARIO!C22)),"EST", IF(ISNUMBER(SEARCH("REFLECTIVO",INVENTARIO!C22)),"REF", IF(ISNUMBER(SEARCH("LX700",INVENTARIO!C22)),"LX7", IF(ISNUMBER(SEARCH("GRANDO",INVENTARIO!C22)),"GRA", IF(ISNUMBER(SEARCH("FB700",INVENTARIO!C22)),"FB7", IF(ISNUMBER(SEARCH("LX360",INVENTARIO!C22)),"LX3", IF(ISNUMBER(SEARCH("XEROX",INVENTARIO!C22)),"XER", IF(ISNUMBER(SEARCH("CEPILLADO",INVENTARIO!C22)),"CEP", IF(ISNUMBER(SEARCH("ESPEJO",INVENTARIO!C22)),"ESP", IF(ISNUMBER(SEARCH("10 PTS",INVENTARIO!C22)),"10PT", IF(ISNUMBER(SEARCH("12 PTS",INVENTARIO!C22)),"12PT", IF(ISNUMBER(SEARCH("14 PTS",INVENTARIO!C22)),"14PT", IF(ISNUMBER(SEARCH("CLASICO",INVENTARIO!C22)),"CLA", "")))))))))))))))))))))) -> MAT | D22: =IF(ISNUMBER(SEARCH("GRAN FORMATO",INVENTARIO!C22)),"GRA-FOR", IF(ISNUMBER(SEARCH("CAMA PLANA",INVENTARIO!C22)),"CAM-PLA", IF(ISNUMBER(SEARCH("GRADO INGENIERIA",INVENTARIO!C22)),"GRA-ING", IF(ISNUMBER(SEARCH("130 GRS",INVENTARIO!C22)),"130GR", IF(ISNUMBER(SEARCH("150 GRS",INVENTARIO!C22)),"150GR", IF(ISNUMBER(SEARCH("185 GRS",INVENTARIO!C22)),"185GR", IF(ISNUMBER(SEARCH("200 GRS",INVENTARIO!C22)),"200GR", IF(ISNUMBER(SEARCH("250 GRS",INVENTARIO!C22)),"250GR", IF(ISNUMBER(SEARCH("300 GRS",INVENTARIO!C22)),"300GR", IF(ISNUMBER(SEARCH("350 GRS",INVENTARIO!C22)),"350GR", IF(ISNUMBER(SEARCH("18 OZ",INVENTARIO!C22)),"18OZ", IF(ISNUMBER(SEARCH("15 OZ",INVENTARIO!C22)),"15OZ", IF(OR(ISNUMBER(SEARCH("13 OZ",INVENTARIO!C22)),ISNUMBER(SEARCH("13 ONZAS",INVENTARIO!C22))),"13OZ", IF(OR(ISNUMBER(SEARCH("9 OZ",INVENTARIO!C22)),ISNUMBER(SEARCH("9 ONZAS",INVENTARIO!C22))),"09OZ", IF(ISNUMBER(SEARCH("DOBLE CARA",INVENTARIO!C22)),"DOB-CAR", ""))))))))))))))) -> 13OZ | E22: =IF(OR(ISNUMBER(SEARCH("TRANSPARENTE",INVENTARIO!C22)),ISNUMBER(SEARCH("TRANSPARENTES",INVENTARIO!C22))),"TRA", IF(OR(ISNUMBER(SEARCH("BLANCO",INVENTARIO!C22)),ISNUMBER(SEARCH("BCO",INVENTARIO!C22))),"BLA", IF(ISNUMBER(SEARCH("FOTOGRAFICO",INVENTARIO!C22)),"FOT", IF(ISNUMBER(SEARCH("MARFIL",INVENTARIO!C22)),"MAR", IF(ISNUMBER(SEARCH("VERDE",INVENTARIO!C22)),"VER", IF(ISNUMBER(SEARCH("MORADO",INVENTARIO!C22)),"MOR", IF(ISNUMBER(SEARCH("PLATA",INVENTARIO!C22)),"PLA", IF(ISNUMBER(SEARCH("ORO",INVENTARIO!C22)),"ORO", IF(ISNUMBER(SEARCH("AMARILLO",INVENTARIO!C22)),"AMA", IF(ISNUMBER(SEARCH("NARANJA",INVENTARIO!C22)),"NAR", IF(ISNUMBER(SEARCH("NEGRO",INVENTARIO!C22)),"NEG", IF(ISNUMBER(SEARCH("ROJO",INVENTARIO!C22)),"ROJ", IF(ISNUMBER(SEARCH("AZUL",INVENTARIO!C22)),"AZU",""))))))))))))) -> NEG | F22: =IF(ISNUMBER(SEARCH("ARLON",INVENTARIO!C22)),"ARL", IF(ISNUMBER(SEARCH("SUNTHINKS",INVENTARIO!C22)),"SUN", IF(ISNUMBER(SEARCH("FRIO",INVENTARIO!C22)),"FRI", IF(ISNUMBER(SEARCH("CALIDO",INVENTARIO!C22)),"CAL", IF(ISNUMBER(SEARCH("CEPILLADO",INVENTARIO!C22)),"CEP", IF(ISNUMBER(SEARCH("ESPEJO",INVENTARIO!C22)),"ESP", "")))))) | G22: =IF(ISNUMBER(SEARCH("LATEX",INVENTARIO!C22)),"LAT", IF(ISNUMBER(SEARCH("RESP. NEGRO",INVENTARIO!C22)),"RES-NEG", IF(ISNUMBER(SEARCH("RESPALDO CAFE",INVENTARIO!C22)),"RES-CAF", IF(ISNUMBER(SEARCH("RESPALDO GRIS",INVENTARIO!C22)),"RES-GRI", IF(ISNUMBER(SEARCH("OPTICO",INVENTARIO!C22)),"OPT", IF(ISNUMBER(SEARCH("1,2 MM",INVENTARIO!C22)),"1MM2", IF(ISNUMBER(SEARCH("2 MM",INVENTARIO!C22)),"2MM", IF(ISNUMBER(SEARCH("3 MM",INVENTARIO!C22)),"3MM", IF(ISNUMBER(SEARCH("4 MM",INVENTARIO!C22)),"4MM", IF(ISNUMBER(SEARCH("5 MM",INVENTARIO!C22)),"5MM", IF(ISNUMBER(SEARCH("6 MM",INVENTARIO!C22)),"6MM", IF(ISNUMBER(SEARCH("9 MM",INVENTARIO!C22)),"9MM", IF(ISNUMBER(SEARCH("10 MM",INVENTARIO!C22)),"10MM",""))))))))))))) -> RES-NEG | H22: =IF(ISNUMBER(SEARCH("GAMA BAJA",INVENTARIO!C22)),"GAM-BAJ", IF(ISNUMBER(SEARCH("OPTIMIZADOR",INVENTARIO!C22)),"OPT", IF(ISNUMBER(SEARCH("OVERCOAT",INVENTARIO!C22)),"OVE", IF(ISNUMBER(SEARCH("WHITE",INVENTARIO!C22)),"WHI", IF(ISNUMBER(SEARCH("LIGHT CYAN",INVENTARIO!C22)),"LIG-CYA", IF(ISNUMBER(SEARCH("CYAN",INVENTARIO!C22)),"CYA", IF(ISNUMBER(SEARCH("LIGHT MAGENTA",INVENTARIO!C22)),"LIG-MAG", IF(ISNUMBER(SEARCH("MAGENTA",INVENTARIO!C22)),"MAG", IF(ISNUMBER(SEARCH("BLACK",INVENTARIO!C22)),"BLA", IF(ISNUMBER(SEARCH("YELLOW",INVENTARIO!C22)),"YEL", IF(ISNUMBER(SEARCH("2 DIODOS",INVENTARIO!C22)),"2DI", IF(ISNUMBER(SEARCH("3 DIODOS",INVENTARIO!C22)),"3DI", IF(OR(ISNUMBER(SEARCH("TRASLUCIDO",INVENTARIO!C22)),ISNUMBER(SEARCH("TRANSLUCIDO",INVENTARIO!C22))),"TRA", ""))))))))))))) | I22: =IF(ISNUMBER(SEARCH("SILED",INVENTARIO!C23)),"SI", IF(ISNUMBER(SEARCH("SYDEMEX",INVENTARIO!C23)),"SY", IF(ISNUMBER(SEARCH("ROHS",INVENTARIO!C23)),"RO", IF(ISNUMBER(SEARCH("RISHANG",INVENTARIO!C23)),"RS", IF(ISNUMBER(SEARCH("VYG",INVENTARIO!C23)),"VYG", IF(ISNUMBER(SEARCH("COLED",INVENTARIO!C23)),"CO",""))))))
A23: =IF(ISNUMBER(SEARCH("LONA",INVENTARIO!C23)),"LON", IF(ISNUMBER(SEARCH("VINIL",INVENTARIO!C23)),"VIN", IF(ISNUMBER(SEARCH("KROMACOTE",INVENTARIO!C23)),"KRO", IF(ISNUMBER(SEARCH("STARDREAM",INVENTARIO!C23)),"STA", IF(ISNUMBER(SEARCH("DISPLAY",INVENTARIO!C23)),"DIS", IF(ISNUMBER(SEARCH("ROLL UP",INVENTARIO!C23)),"ROL-UP", IF(ISNUMBER(SEARCH("TRANSFER DE PAPEL",INVENTARIO!C23)),"TRA-PAP", IF(ISNUMBER(SEARCH("TRANSFER",INVENTARIO!C23)),"TRA",IF(ISNUMBER(SEARCH("KOLA LOKA",INVENTARIO!C23)),"KOL-LOK", IF(ISNUMBER(SEARCH("PETG",INVENTARIO!C23)),"PET", IF(ISNUMBER(SEARCH("OJILLO",INVENTARIO!C23)),"OJI", IF(ISNUMBER(SEARCH("COUCHE",INVENTARIO!C23)),"COU", IF(ISNUMBER(SEARCH("PANEL DE ALUMINIO",INVENTARIO!C23)),"PAN-ALU", IF(ISNUMBER(SEARCH("PVC",INVENTARIO!C23)),"PVC", IF(ISNUMBER(SEARCH("PAPEL",INVENTARIO!C23)),"PAP", IF(ISNUMBER(SEARCH("TELA",INVENTARIO!C23)),"TEL", IF(ISNUMBER(SEARCH("CARTULINA",INVENTARIO!C23)),"CAR", IF(OR(ISNUMBER(SEARCH("LAMINA",INVENTARIO!C23)),ISNUMBER(SEARCH("LÁMINA",INVENTARIO!C23)),ISNUMBER(SEARCH("LAMPARAS",INVENTARIO!C23))),"LAM", IF(ISNUMBER(SEARCH("ESTIRENO",INVENTARIO!C23)),"EST", IF(ISNUMBER(SEARCH("FOAMBOARD",INVENTARIO!C23)),"FOA", IF(ISNUMBER(SEARCH("SOLVENTE",INVENTARIO!C23)),"SOL", IF(ISNUMBER(SEARCH("TINTA",INVENTARIO!C23)),"TIN", IF(ISNUMBER(SEARCH("ACRILICO",INVENTARIO!C23)),"ACR", IF(ISNUMBER(SEARCH("MICROLED",INVENTARIO!C23)),"MIC", IF(ISNUMBER(SEARCH("LED",INVENTARIO!C23)),"LED", IF(ISNUMBER(SEARCH("FUENTE DE PODER",INVENTARIO!C23)),"FUE-POD", IF(ISNUMBER(SEARCH("PETG",INVENTARIO!C23)),"PET", IF(ISNUMBER(SEARCH("ALUMINIO",INVENTARIO!C23)),"ALU", IF(ISNUMBER(SEARCH("CANAL",INVENTARIO!C23)),"CAN", IF(ISNUMBER(SEARCH("ESCUADRA",INVENTARIO!C23)),"ESC", IF(ISNUMBER(SEARCH("SOPORTE",INVENTARIO!C23)),"SOP","OTR") )))))))))))))))))))))))))))))) -> LON | B23: =IF(ISNUMBER(SEARCH("CORTE",INVENTARIO!C23)),"COR", IF(ISNUMBER(SEARCH("CITYLIGHT",INVENTARIO!C23)),"CIT", IF(ISNUMBER(SEARCH("LINO",INVENTARIO!C23)),"LIN", IF(ISNUMBER(SEARCH("FABRIANO",INVENTARIO!C23)),"FAB", IF(ISNUMBER(SEARCH("SUNDANCE",INVENTARIO!C23)),"SUN", IF(ISNUMBER(SEARCH("SINTETICA",INVENTARIO!C23)),"SIN", IF(ISNUMBER(SEARCH("CONTROL",INVENTARIO!C23)),"CON", IF(ISNUMBER(SEARCH("TERMICO",INVENTARIO!C23)),"TER", IF(ISNUMBER(SEARCH("C-15",INVENTARIO!C23)),"C15", IF(ISNUMBER(SEARCH("C-20",INVENTARIO!C23)),"C20", IF(ISNUMBER(SEARCH("C-30",INVENTARIO!C23)),"C30", IF(ISNUMBER(SEARCH("C-40",INVENTARIO!C23)),"C40", IF(ISNUMBER(SEARCH("C-60",INVENTARIO!C23)),"C60", IF(ISNUMBER(SEARCH("C-80",INVENTARIO!C23)),"C80", IF(ISNUMBER(SEARCH("EQUIPO",INVENTARIO!C23)),"EQU", IF(ISNUMBER(SEARCH("FLOOR",INVENTARIO!C23)),"FLO", IF(ISNUMBER(SEARCH("CRISTAL",INVENTARIO!C23)),"CRI", IF(ISNUMBER(SEARCH(" SULFATADA",INVENTARIO!C34)),"SUL", IF(ISNUMBER(SEARCH("OPALINA",INVENTARIO!C23)),"OPA", IF(ISNUMBER(SEARCH("ADHERIBLE",INVENTARIO!C23)),"ADH", IF(ISNUMBER(SEARCH("MICRO",INVENTARIO!C23)),"MIC",""))))))))))))))))))))) | C23: =IF(ISNUMBER(SEARCH("PARED",INVENTARIO!C23)),"PAR", IF(ISNUMBER(SEARCH("FRONT",INVENTARIO!C23)),"FRO", IF(ISNUMBER(SEARCH("ALTA RESISTENCIA",INVENTARIO!C23)), "ALT-RES",IF(ISNUMBER(SEARCH("BACKLITE",INVENTARIO!C23)),"BAC", IF(ISNUMBER(SEARCH("MATE",INVENTARIO!C23)),"MAT", IF(ISNUMBER(SEARCH("MESH",INVENTARIO!C23)),"MES", IF(ISNUMBER(SEARCH("BRILLANTE",INVENTARIO!C23)),"BRI", IF(ISNUMBER(SEARCH("DELGADA",INVENTARIO!C23)),"DEL", IF(ISNUMBER(SEARCH("GRUESA",INVENTARIO!C23)),"GRU", IF(ISNUMBER(SEARCH("ESTATICO",INVENTARIO!C23)),"EST", IF(ISNUMBER(SEARCH("REFLECTIVO",INVENTARIO!C23)),"REF", IF(ISNUMBER(SEARCH("LX700",INVENTARIO!C23)),"LX7", IF(ISNUMBER(SEARCH("GRANDO",INVENTARIO!C23)),"GRA", IF(ISNUMBER(SEARCH("FB700",INVENTARIO!C23)),"FB7", IF(ISNUMBER(SEARCH("LX360",INVENTARIO!C23)),"LX3", IF(ISNUMBER(SEARCH("XEROX",INVENTARIO!C23)),"XER", IF(ISNUMBER(SEARCH("CEPILLADO",INVENTARIO!C23)),"CEP", IF(ISNUMBER(SEARCH("ESPEJO",INVENTARIO!C23)),"ESP", IF(ISNUMBER(SEARCH("10 PTS",INVENTARIO!C23)),"10PT", IF(ISNUMBER(SEARCH("12 PTS",INVENTARIO!C23)),"12PT", IF(ISNUMBER(SEARCH("14 PTS",INVENTARIO!C23)),"14PT", IF(ISNUMBER(SEARCH("CLASICO",INVENTARIO!C23)),"CLA", "")))))))))))))))))))))) -> MAT | D23: =IF(ISNUMBER(SEARCH("GRAN FORMATO",INVENTARIO!C23)),"GRA-FOR", IF(ISNUMBER(SEARCH("CAMA PLANA",INVENTARIO!C23)),"CAM-PLA", IF(ISNUMBER(SEARCH("GRADO INGENIERIA",INVENTARIO!C23)),"GRA-ING", IF(ISNUMBER(SEARCH("130 GRS",INVENTARIO!C23)),"130GR", IF(ISNUMBER(SEARCH("150 GRS",INVENTARIO!C23)),"150GR", IF(ISNUMBER(SEARCH("185 GRS",INVENTARIO!C23)),"185GR", IF(ISNUMBER(SEARCH("200 GRS",INVENTARIO!C23)),"200GR", IF(ISNUMBER(SEARCH("250 GRS",INVENTARIO!C23)),"250GR", IF(ISNUMBER(SEARCH("300 GRS",INVENTARIO!C23)),"300GR", IF(ISNUMBER(SEARCH("350 GRS",INVENTARIO!C23)),"350GR", IF(ISNUMBER(SEARCH("18 OZ",INVENTARIO!C23)),"18OZ", IF(ISNUMBER(SEARCH("15 OZ",INVENTARIO!C23)),"15OZ", IF(OR(ISNUMBER(SEARCH("13 OZ",INVENTARIO!C23)),ISNUMBER(SEARCH("13 ONZAS",INVENTARIO!C23))),"13OZ", IF(OR(ISNUMBER(SEARCH("9 OZ",INVENTARIO!C23)),ISNUMBER(SEARCH("9 ONZAS",INVENTARIO!C23))),"09OZ", IF(ISNUMBER(SEARCH("DOBLE CARA",INVENTARIO!C23)),"DOB-CAR", ""))))))))))))))) -> 13OZ | E23: =IF(OR(ISNUMBER(SEARCH("TRANSPARENTE",INVENTARIO!C23)),ISNUMBER(SEARCH("TRANSPARENTES",INVENTARIO!C23))),"TRA", IF(OR(ISNUMBER(SEARCH("BLANCO",INVENTARIO!C23)),ISNUMBER(SEARCH("BCO",INVENTARIO!C23))),"BLA", IF(ISNUMBER(SEARCH("FOTOGRAFICO",INVENTARIO!C23)),"FOT", IF(ISNUMBER(SEARCH("MARFIL",INVENTARIO!C23)),"MAR", IF(ISNUMBER(SEARCH("VERDE",INVENTARIO!C23)),"VER", IF(ISNUMBER(SEARCH("MORADO",INVENTARIO!C23)),"MOR", IF(ISNUMBER(SEARCH("PLATA",INVENTARIO!C23)),"PLA", IF(ISNUMBER(SEARCH("ORO",INVENTARIO!C23)),"ORO", IF(ISNUMBER(SEARCH("AMARILLO",INVENTARIO!C23)),"AMA", IF(ISNUMBER(SEARCH("NARANJA",INVENTARIO!C23)),"NAR", IF(ISNUMBER(SEARCH("NEGRO",INVENTARIO!C23)),"NEG", IF(ISNUMBER(SEARCH("ROJO",INVENTARIO!C23)),"ROJ", IF(ISNUMBER(SEARCH("AZUL",INVENTARIO!C23)),"AZU",""))))))))))))) -> NEG | F23: =IF(ISNUMBER(SEARCH("ARLON",INVENTARIO!C23)),"ARL", IF(ISNUMBER(SEARCH("SUNTHINKS",INVENTARIO!C23)),"SUN", IF(ISNUMBER(SEARCH("FRIO",INVENTARIO!C23)),"FRI", IF(ISNUMBER(SEARCH("CALIDO",INVENTARIO!C23)),"CAL", IF(ISNUMBER(SEARCH("CEPILLADO",INVENTARIO!C23)),"CEP", IF(ISNUMBER(SEARCH("ESPEJO",INVENTARIO!C23)),"ESP", "")))))) | G23: =IF(ISNUMBER(SEARCH("LATEX",INVENTARIO!C23)),"LAT", IF(ISNUMBER(SEARCH("RESP. NEGRO",INVENTARIO!C23)),"RES-NEG", IF(ISNUMBER(SEARCH("RESPALDO CAFE",INVENTARIO!C23)),"RES-CAF", IF(ISNUMBER(SEARCH("RESPALDO GRIS",INVENTARIO!C23)),"RES-GRI", IF(ISNUMBER(SEARCH("OPTICO",INVENTARIO!C23)),"OPT", IF(ISNUMBER(SEARCH("1,2 MM",INVENTARIO!C23)),"1MM2", IF(ISNUMBER(SEARCH("2 MM",INVENTARIO!C23)),"2MM", IF(ISNUMBER(SEARCH("3 MM",INVENTARIO!C23)),"3MM", IF(ISNUMBER(SEARCH("4 MM",INVENTARIO!C23)),"4MM", IF(ISNUMBER(SEARCH("5 MM",INVENTARIO!C23)),"5MM", IF(ISNUMBER(SEARCH("6 MM",INVENTARIO!C23)),"6MM", IF(ISNUMBER(SEARCH("9 MM",INVENTARIO!C23)),"9MM", IF(ISNUMBER(SEARCH("10 MM",INVENTARIO!C23)),"10MM",""))))))))))))) -> RES-NEG | H23: =IF(ISNUMBER(SEARCH("GAMA BAJA",INVENTARIO!C23)),"GAM-BAJ", IF(ISNUMBER(SEARCH("OPTIMIZADOR",INVENTARIO!C23)),"OPT", IF(ISNUMBER(SEARCH("OVERCOAT",INVENTARIO!C23)),"OVE", IF(ISNUMBER(SEARCH("WHITE",INVENTARIO!C23)),"WHI", IF(ISNUMBER(SEARCH("LIGHT CYAN",INVENTARIO!C23)),"LIG-CYA", IF(ISNUMBER(SEARCH("CYAN",INVENTARIO!C23)),"CYA", IF(ISNUMBER(SEARCH("LIGHT MAGENTA",INVENTARIO!C23)),"LIG-MAG", IF(ISNUMBER(SEARCH("MAGENTA",INVENTARIO!C23)),"MAG", IF(ISNUMBER(SEARCH("BLACK",INVENTARIO!C23)),"BLA", IF(ISNUMBER(SEARCH("YELLOW",INVENTARIO!C23)),"YEL", IF(ISNUMBER(SEARCH("2 DIODOS",INVENTARIO!C23)),"2DI", IF(ISNUMBER(SEARCH("3 DIODOS",INVENTARIO!C23)),"3DI", IF(OR(ISNUMBER(SEARCH("TRASLUCIDO",INVENTARIO!C23)),ISNUMBER(SEARCH("TRANSLUCIDO",INVENTARIO!C23))),"TRA", ""))))))))))))) | I23: =IF(ISNUMBER(SEARCH("SILED",INVENTARIO!C24)),"SI", IF(ISNUMBER(SEARCH("SYDEMEX",INVENTARIO!C24)),"SY", IF(ISNUMBER(SEARCH("ROHS",INVENTARIO!C24)),"RO", IF(ISNUMBER(SEARCH("RISHANG",INVENTARIO!C24)),"RS", IF(ISNUMBER(SEARCH("VYG",INVENTARIO!C24)),"VYG", IF(ISNUMBER(SEARCH("COLED",INVENTARIO!C24)),"CO",""))))))
A24: =IF(ISNUMBER(SEARCH("LONA",INVENTARIO!C24)),"LON", IF(ISNUMBER(SEARCH("VINIL",INVENTARIO!C24)),"VIN", IF(ISNUMBER(SEARCH("KROMACOTE",INVENTARIO!C24)),"KRO", IF(ISNUMBER(SEARCH("STARDREAM",INVENTARIO!C24)),"STA", IF(ISNUMBER(SEARCH("DISPLAY",INVENTARIO!C24)),"DIS", IF(ISNUMBER(SEARCH("ROLL UP",INVENTARIO!C24)),"ROL-UP", IF(ISNUMBER(SEARCH("TRANSFER DE PAPEL",INVENTARIO!C24)),"TRA-PAP", IF(ISNUMBER(SEARCH("TRANSFER",INVENTARIO!C24)),"TRA",IF(ISNUMBER(SEARCH("KOLA LOKA",INVENTARIO!C24)),"KOL-LOK", IF(ISNUMBER(SEARCH("PETG",INVENTARIO!C24)),"PET", IF(ISNUMBER(SEARCH("OJILLO",INVENTARIO!C24)),"OJI", IF(ISNUMBER(SEARCH("COUCHE",INVENTARIO!C24)),"COU", IF(ISNUMBER(SEARCH("PANEL DE ALUMINIO",INVENTARIO!C24)),"PAN-ALU", IF(ISNUMBER(SEARCH("PVC",INVENTARIO!C24)),"PVC", IF(ISNUMBER(SEARCH("PAPEL",INVENTARIO!C24)),"PAP", IF(ISNUMBER(SEARCH("TELA",INVENTARIO!C24)),"TEL", IF(ISNUMBER(SEARCH("CARTULINA",INVENTARIO!C24)),"CAR", IF(OR(ISNUMBER(SEARCH("LAMINA",INVENTARIO!C24)),ISNUMBER(SEARCH("LÁMINA",INVENTARIO!C24)),ISNUMBER(SEARCH("LAMPARAS",INVENTARIO!C24))),"LAM", IF(ISNUMBER(SEARCH("ESTIRENO",INVENTARIO!C24)),"EST", IF(ISNUMBER(SEARCH("FOAMBOARD",INVENTARIO!C24)),"FOA", IF(ISNUMBER(SEARCH("SOLVENTE",INVENTARIO!C24)),"SOL", IF(ISNUMBER(SEARCH("TINTA",INVENTARIO!C24)),"TIN", IF(ISNUMBER(SEARCH("ACRILICO",INVENTARIO!C24)),"ACR", IF(ISNUMBER(SEARCH("MICROLED",INVENTARIO!C24)),"MIC", IF(ISNUMBER(SEARCH("LED",INVENTARIO!C24)),"LED", IF(ISNUMBER(SEARCH("FUENTE DE PODER",INVENTARIO!C24)),"FUE-POD", IF(ISNUMBER(SEARCH("PETG",INVENTARIO!C24)),"PET", IF(ISNUMBER(SEARCH("ALUMINIO",INVENTARIO!C24)),"ALU", IF(ISNUMBER(SEARCH("CANAL",INVENTARIO!C24)),"CAN", IF(ISNUMBER(SEARCH("ESCUADRA",INVENTARIO!C24)),"ESC", IF(ISNUMBER(SEARCH("SOPORTE",INVENTARIO!C24)),"SOP","OTR") )))))))))))))))))))))))))))))) -> LON | B24: =IF(ISNUMBER(SEARCH("CORTE",INVENTARIO!C24)),"COR", IF(ISNUMBER(SEARCH("CITYLIGHT",INVENTARIO!C24)),"CIT", IF(ISNUMBER(SEARCH("LINO",INVENTARIO!C24)),"LIN", IF(ISNUMBER(SEARCH("FABRIANO",INVENTARIO!C24)),"FAB", IF(ISNUMBER(SEARCH("SUNDANCE",INVENTARIO!C24)),"SUN", IF(ISNUMBER(SEARCH("SINTETICA",INVENTARIO!C24)),"SIN", IF(ISNUMBER(SEARCH("CONTROL",INVENTARIO!C24)),"CON", IF(ISNUMBER(SEARCH("TERMICO",INVENTARIO!C24)),"TER", IF(ISNUMBER(SEARCH("C-15",INVENTARIO!C24)),"C15", IF(ISNUMBER(SEARCH("C-20",INVENTARIO!C24)),"C20", IF(ISNUMBER(SEARCH("C-30",INVENTARIO!C24)),"C30", IF(ISNUMBER(SEARCH("C-40",INVENTARIO!C24)),"C40", IF(ISNUMBER(SEARCH("C-60",INVENTARIO!C24)),"C60", IF(ISNUMBER(SEARCH("C-80",INVENTARIO!C24)),"C80", IF(ISNUMBER(SEARCH("EQUIPO",INVENTARIO!C24)),"EQU", IF(ISNUMBER(SEARCH("FLOOR",INVENTARIO!C24)),"FLO", IF(ISNUMBER(SEARCH("CRISTAL",INVENTARIO!C24)),"CRI", IF(ISNUMBER(SEARCH(" SULFATADA",INVENTARIO!C35)),"SUL", IF(ISNUMBER(SEARCH("OPALINA",INVENTARIO!C24)),"OPA", IF(ISNUMBER(SEARCH("ADHERIBLE",INVENTARIO!C24)),"ADH", IF(ISNUMBER(SEARCH("MICRO",INVENTARIO!C24)),"MIC",""))))))))))))))))))))) | C24: =IF(ISNUMBER(SEARCH("PARED",INVENTARIO!C24)),"PAR", IF(ISNUMBER(SEARCH("FRONT",INVENTARIO!C24)),"FRO", IF(ISNUMBER(SEARCH("ALTA RESISTENCIA",INVENTARIO!C24)), "ALT-RES",IF(ISNUMBER(SEARCH("BACKLITE",INVENTARIO!C24)),"BAC", IF(ISNUMBER(SEARCH("MATE",INVENTARIO!C24)),"MAT", IF(ISNUMBER(SEARCH("MESH",INVENTARIO!C24)),"MES", IF(ISNUMBER(SEARCH("BRILLANTE",INVENTARIO!C24)),"BRI", IF(ISNUMBER(SEARCH("DELGADA",INVENTARIO!C24)),"DEL", IF(ISNUMBER(SEARCH("GRUESA",INVENTARIO!C24)),"GRU", IF(ISNUMBER(SEARCH("ESTATICO",INVENTARIO!C24)),"EST", IF(ISNUMBER(SEARCH("REFLECTIVO",INVENTARIO!C24)),"REF", IF(ISNUMBER(SEARCH("LX700",INVENTARIO!C24)),"LX7", IF(ISNUMBER(SEARCH("GRANDO",INVENTARIO!C24)),"GRA", IF(ISNUMBER(SEARCH("FB700",INVENTARIO!C24)),"FB7", IF(ISNUMBER(SEARCH("LX360",INVENTARIO!C24)),"LX3", IF(ISNUMBER(SEARCH("XEROX",INVENTARIO!C24)),"XER", IF(ISNUMBER(SEARCH("CEPILLADO",INVENTARIO!C24)),"CEP", IF(ISNUMBER(SEARCH("ESPEJO",INVENTARIO!C24)),"ESP", IF(ISNUMBER(SEARCH("10 PTS",INVENTARIO!C24)),"10PT", IF(ISNUMBER(SEARCH("12 PTS",INVENTARIO!C24)),"12PT", IF(ISNUMBER(SEARCH("14 PTS",INVENTARIO!C24)),"14PT", IF(ISNUMBER(SEARCH("CLASICO",INVENTARIO!C24)),"CLA", "")))))))))))))))))))))) -> MES | D24: =IF(ISNUMBER(SEARCH("GRAN FORMATO",INVENTARIO!C24)),"GRA-FOR", IF(ISNUMBER(SEARCH("CAMA PLANA",INVENTARIO!C24)),"CAM-PLA", IF(ISNUMBER(SEARCH("GRADO INGENIERIA",INVENTARIO!C24)),"GRA-ING", IF(ISNUMBER(SEARCH("130 GRS",INVENTARIO!C24)),"130GR", IF(ISNUMBER(SEARCH("150 GRS",INVENTARIO!C24)),"150GR", IF(ISNUMBER(SEARCH("185 GRS",INVENTARIO!C24)),"185GR", IF(ISNUMBER(SEARCH("200 GRS",INVENTARIO!C24)),"200GR", IF(ISNUMBER(SEARCH("250 GRS",INVENTARIO!C24)),"250GR", IF(ISNUMBER(SEARCH("300 GRS",INVENTARIO!C24)),"300GR", IF(ISNUMBER(SEARCH("350 GRS",INVENTARIO!C24)),"350GR", IF(ISNUMBER(SEARCH("18 OZ",INVENTARIO!C24)),"18OZ", IF(ISNUMBER(SEARCH("15 OZ",INVENTARIO!C24)),"15OZ", IF(OR(ISNUMBER(SEARCH("13 OZ",INVENTARIO!C24)),ISNUMBER(SEARCH("13 ONZAS",INVENTARIO!C24))),"13OZ", IF(OR(ISNUMBER(SEARCH("9 OZ",INVENTARIO!C24)),ISNUMBER(SEARCH("9 ONZAS",INVENTARIO!C24))),"09OZ", IF(ISNUMBER(SEARCH("DOBLE CARA",INVENTARIO!C24)),"DOB-CAR", ""))))))))))))))) | E24: =IF(OR(ISNUMBER(SEARCH("TRANSPARENTE",INVENTARIO!C24)),ISNUMBER(SEARCH("TRANSPARENTES",INVENTARIO!C24))),"TRA", IF(OR(ISNUMBER(SEARCH("BLANCO",INVENTARIO!C24)),ISNUMBER(SEARCH("BCO",INVENTARIO!C24))),"BLA", IF(ISNUMBER(SEARCH("FOTOGRAFICO",INVENTARIO!C24)),"FOT", IF(ISNUMBER(SEARCH("MARFIL",INVENTARIO!C24)),"MAR", IF(ISNUMBER(SEARCH("VERDE",INVENTARIO!C24)),"VER", IF(ISNUMBER(SEARCH("MORADO",INVENTARIO!C24)),"MOR", IF(ISNUMBER(SEARCH("PLATA",INVENTARIO!C24)),"PLA", IF(ISNUMBER(SEARCH("ORO",INVENTARIO!C24)),"ORO", IF(ISNUMBER(SEARCH("AMARILLO",INVENTARIO!C24)),"AMA", IF(ISNUMBER(SEARCH("NARANJA",INVENTARIO!C24)),"NAR", IF(ISNUMBER(SEARCH("NEGRO",INVENTARIO!C24)),"NEG", IF(ISNUMBER(SEARCH("ROJO",INVENTARIO!C24)),"ROJ", IF(ISNUMBER(SEARCH("AZUL",INVENTARIO!C24)),"AZU",""))))))))))))) | F24: =IF(ISNUMBER(SEARCH("ARLON",INVENTARIO!C24)),"ARL", IF(ISNUMBER(SEARCH("SUNTHINKS",INVENTARIO!C24)),"SUN", IF(ISNUMBER(SEARCH("FRIO",INVENTARIO!C24)),"FRI", IF(ISNUMBER(SEARCH("CALIDO",INVENTARIO!C24)),"CAL", IF(ISNUMBER(SEARCH("CEPILLADO",INVENTARIO!C24)),"CEP", IF(ISNUMBER(SEARCH("ESPEJO",INVENTARIO!C24)),"ESP", "")))))) | G24: =IF(ISNUMBER(SEARCH("LATEX",INVENTARIO!C24)),"LAT", IF(ISNUMBER(SEARCH("RESP. NEGRO",INVENTARIO!C24)),"RES-NEG", IF(ISNUMBER(SEARCH("RESPALDO CAFE",INVENTARIO!C24)),"RES-CAF", IF(ISNUMBER(SEARCH("RESPALDO GRIS",INVENTARIO!C24)),"RES-GRI", IF(ISNUMBER(SEARCH("OPTICO",INVENTARIO!C24)),"OPT", IF(ISNUMBER(SEARCH("1,2 MM",INVENTARIO!C24)),"1MM2", IF(ISNUMBER(SEARCH("2 MM",INVENTARIO!C24)),"2MM", IF(ISNUMBER(SEARCH("3 MM",INVENTARIO!C24)),"3MM", IF(ISNUMBER(SEARCH("4 MM",INVENTARIO!C24)),"4MM", IF(ISNUMBER(SEARCH("5 MM",INVENTARIO!C24)),"5MM", IF(ISNUMBER(SEARCH("6 MM",INVENTARIO!C24)),"6MM", IF(ISNUMBER(SEARCH("9 MM",INVENTARIO!C24)),"9MM", IF(ISNUMBER(SEARCH("10 MM",INVENTARIO!C24)),"10MM",""))))))))))))) | H24: =IF(ISNUMBER(SEARCH("GAMA BAJA",INVENTARIO!C24)),"GAM-BAJ", IF(ISNUMBER(SEARCH("OPTIMIZADOR",INVENTARIO!C24)),"OPT", IF(ISNUMBER(SEARCH("OVERCOAT",INVENTARIO!C24)),"OVE", IF(ISNUMBER(SEARCH("WHITE",INVENTARIO!C24)),"WHI", IF(ISNUMBER(SEARCH("LIGHT CYAN",INVENTARIO!C24)),"LIG-CYA", IF(ISNUMBER(SEARCH("CYAN",INVENTARIO!C24)),"CYA", IF(ISNUMBER(SEARCH("LIGHT MAGENTA",INVENTARIO!C24)),"LIG-MAG", IF(ISNUMBER(SEARCH("MAGENTA",INVENTARIO!C24)),"MAG", IF(ISNUMBER(SEARCH("BLACK",INVENTARIO!C24)),"BLA", IF(ISNUMBER(SEARCH("YELLOW",INVENTARIO!C24)),"YEL", IF(ISNUMBER(SEARCH("2 DIODOS",INVENTARIO!C24)),"2DI", IF(ISNUMBER(SEARCH("3 DIODOS",INVENTARIO!C24)),"3DI", IF(OR(ISNUMBER(SEARCH("TRASLUCIDO",INVENTARIO!C24)),ISNUMBER(SEARCH("TRANSLUCIDO",INVENTARIO!C24))),"TRA", ""))))))))))))) | I24: =IF(ISNUMBER(SEARCH("SILED",INVENTARIO!C26)),"SI", IF(ISNUMBER(SEARCH("SYDEMEX",INVENTARIO!C26)),"SY", IF(ISNUMBER(SEARCH("ROHS",INVENTARIO!C26)),"RO", IF(ISNUMBER(SEARCH("RISHANG",INVENTARIO!C26)),"RS", IF(ISNUMBER(SEARCH("VYG",INVENTARIO!C26)),"VYG", IF(ISNUMBER(SEARCH("COLED",INVENTARIO!C26)),"CO",""))))))
