Workbook

Sheet Inventario
A1: sku | B1: name | C1: base | D1: height | E1: presentation | F1: currentStock | G1: totalWaste | H1: minStock | I1: unitCost
A2: =_xlfn.TEXTJOIN("-",TRUE,Hoja2!A3:H3,1) -> LON-BAC-15OZ-1 | B2: LONA BACK LIT 15 OZ | C2: 1,6 | D2: 50 | E2: ROLLO
A3: =_xlfn.TEXTJOIN("-",TRUE,Hoja2!A4:H4,2) -> LON-BAC-15OZ-2 | B3: LONA BACK LIT 15 OZ | C3: 2,5 | D3: 50 | E3: ROLLO
A4: =_xlfn.TEXTJOIN("-",TRUE,Hoja2!A5:H5,3) -> LON-BAC-15OZ-3 | B4: LONA BACK LIT 15 OZ | C4: 3,2 | D4: 50 | E4: ROLLO
A5: =_xlfn.TEXTJOIN("-",TRUE,Hoja2!A6:H6,4) -> LON-FRO-13OZ-4 | B5: LONA FRONT 13 ONZAS | C5: 1,6 | D5: 50 | E5: ROLLO
A6: =_xlfn.TEXTJOIN("-",TRUE,Hoja2!A7:H7,1) -> LON-FRO-13OZ-AR-1 | B6: LONA FRONT 13 ONZAS / ALTA RESISTENCIA | C6: 2,04 | D6: 50 | E6: ROLLO
A7: =_xlfn.TEXTJOIN("-",TRUE,Hoja2!A8:H8,1) -> LON-FRO-09OZ-CA-1 | B7: LONA FRONT 9 ONZAS / CAMPAÑA | C7: 3,2 | D7: 50 | E7: ROLLO
A8: =_xlfn.TEXTJOIN("-",TRUE,Hoja2!A9:H9,2) -> LON-FRO-09OZ-CA-2 | B8: LONA FRONT 9 ONZAS / CAMPAÑA | C8: 2,04 | D8: 50 | E8: ROLLO
A9: =_xlfn.TEXTJOIN("-",TRUE,Hoja2!A10:H10,2) -> LON-FRO-13OZ-AR-2 | B9: LONA FRONT 13 ONZAS / ALTA RESISTENCIA | C9: 1,6 | D9: 50 | E9: ROLLO
A10: =_xlfn.TEXTJOIN("-",TRUE,Hoja2!A11:H11,3) -> LON-FRO-13OZ-AR-3 | B10: LONA FRONT 13 ONZAS / ALTA RESISTENCIA | C10: 2,04 | D10: 50 | E10: ROLLO
A11: =_xlfn.TEXTJOIN("-",TRUE,Hoja2!A12:H12,4) -> LON-FRO-13OZ-AR-4 | B11: LONA FRONT 13 ONZAS / ALTA RESISTENCIA | C11: 2,04 | D11: 100 | E11: ROLLO
A12: =_xlfn.TEXTJOIN("-",TRUE,Hoja2!A13:H13,5) -> LON-FRO-13OZ-AR-5 | B12: LONA FRONT 13 ONZAS / ALTA RESISTENCIA | C12: 2,5 | D12: 50 | E12: ROLLO
A13: =_xlfn.TEXTJOIN("-",TRUE,Hoja2!A14:H14,6) -> LON-FRO-13OZ-AR-6 | B13: LONA FRONT 13 ONZAS / ALTA RESISTENCIA | C13: 2,5 | D13: 100 | E13: ROLLO
A14: =_xlfn.TEXTJOIN("-",TRUE,Hoja2!A15:H15,7) -> LON-FRO-13OZ-AR-7 | B14: LONA FRONT 13 ONZAS / ALTA RESISTENCIA | C14: 3,2 | D14: 50 | E14: ROLLO
A15: =_xlfn.TEXTJOIN("-",TRUE,Hoja2!A16:H16,1) -> LON-MAT-13OZ-1 | B15: LONA MATE 13 OZ | C15: 1,6 | D15: 50 | E15: ROLLO
A16: =_xlfn.TEXTJOIN("-",TRUE,Hoja2!A17:H17,2) -> LON-MAT-13OZ-2 | B16: LONA MATE 13 OZ (PALACIO) | C16: 1,52 | D16: 50 | E16: ROLLO
A17: =_xlfn.TEXTJOIN("-",TRUE,Hoja2!A18:H18,3) -> LON-MAT-13OZ-3 | B17: LONA MATE 13 OZ | C17: 2,5 | D17: 50 | E17: ROLLO
A18: LON-MAT-13OZ-RNG-1 | B18: LONA MATE 13 OZ - RESP. NEGRO | C18: 2,5 | D18: 100 | E18: ROLLO
A19: =_xlfn.TEXTJOIN("-",TRUE,Hoja2!A20:H20,4) -> LON-MAT-13OZ-4 | B19: LONA MATE 13 OZ | C19: 3,2 | D19: 50 | E19: ROLLO
A20: LON-MAT-13OZ-RNG-2 | B20: LONA MATE 13 OZ RESP. NEGRO | C20: 3,2 | D20: 50 | E20: ROLLO
A21: LON-MAT-13OZ-RNG-3 | B21: LONA MATE 13 OZ - RESP. NEGRO | C21: 3,2 | D21: 100 | E21: ROLLO
A22: =_xlfn.TEXTJOIN("-",TRUE,Hoja2!A23:H23,1) -> LON-MES-1 | B22: LONA MESH | C22: 1,6 | D22: 50 | E22: ROLLO
A23: =_xlfn.TEXTJOIN("-",TRUE,Hoja2!A24:H24,2) -> LON-MES-2 | B23: LONA MESH | C23: 2,5 | D23: 100 | E23: ROLLO
A24: =_xlfn.TEXTJOIN("-",TRUE,Hoja2!A25:H25,3) -> LON-MES-3 | B24: LONA MESH | C24: 3,2 | D24: 50 | E24: ROLLO
A25: =_xlfn.TEXTJOIN("-",TRUE,Hoja2!A26:H26,4) -> LON-MES-4 | B25: LONA MESH | C25: 3,2 | D25: 100 | E25: ROLLO
A26: =_xlfn.TEXTJOIN("-",TRUE,Hoja2!A27:H27,"BLU") -> PAP-BAC-BLU | B26: PAPEL BLUE BACK | C26: 1,55 | D26: 50 | E26: ROLLO
A27: =_xlfn.TEXTJOIN("-",TRUE,Hoja2!A28:H28,"200G","FG") -> PAP-MAT-200G-FG | B27: PAPEL MATE 200 GRS FOTOGRAFICO | C27: 1,52 | D27: 50 | E27: ROLLO
A28: =_xlfn.TEXTJOIN("-",TRUE,Hoja2!A29:H29,"200G","FT") -> PAP-BRI-200G-FT | B28: PAPEL BRILLANTE 200 GRS FOTOGRAFICO | C28: 1,52 | D28: 50 | E28: ROLLO
A29: =_xlfn.TEXTJOIN("-",TRUE,"PAP","BAC","SMT") -> PAP-BAC-SMT | B29: PAPEL BACKLIT ( SEMIMATE) | C29: 1,52 | D29: 30 | E29: ROLLO
A30: =_xlfn.TEXTJOIN("-",TRUE,"PAP","SK") -> PAP-SK | B30: PAPEL SOLVATEX KRONALINE | C30: 1,52 | D30: 50 | E30: ROLLO
A31: =_xlfn.TEXTJOIN("-",TRUE,Hoja2!A32:H32,"CL",1) -> PAP-CL-1 | B31: PAPEL CITYLIGHT - 1.60 X 50 MTS | C31: 1,6 | D31: 50 | E31: ROLLO
A32: =_xlfn.TEXTJOIN("-",TRUE,Hoja2!A33:H33,"CL",2) -> PAP-CL-2 | B32: PAPEL CITYLIGHT - 1.60 X 50 MTS | C32: 1,6 | D32: 100 | E32: ROLLO
A33: CAR-SUL-COU-ROL | B33: CARTULINA SULFATADA (COUCHE) ROLLO | C33: 1,37 | D33: 50 | E33: ROLLO
A34: TEL-SD-1 | B34: TELA SINTETICA DELGADA | C34: 1,52 | D34: 50 | E34: ROLLO
A35: TEL-SD-2 | B35: TELA SINTETICA DELGADA | C35: 2,5 | D35: 50 | E35: ROLLO
A36: TEL-SD-3 | B36: TELA SINTETICA DELGADA | C36: 3,2 | D36: 50 | E36: ROLLO
A37: TEL-SG | B37: TELA SINTETICA GRUESA | C37: 2,5 | D37: 50 | E37: ROLLO
A38: TEL-CN-PCN | B38: TELA CANVAS - POLYCANVAS | C38: 1,52 | D38: 30 | E38: ROLLO
A39: VIN-U180-1 | B39: VINIL CONTROL TAC (IJ180) | C39: 1,52 | D39: 45,7 | E39: ROLLO
A40: VIN-U180-2 | B40: VINIL CONTROL TAC (IJ180) | C40: 1,52 | D40: 91,4 | E40: ROLLO
A41: VIN-CON-U40 | B41: VINIL CONTROL 40 (40-C / IJ40) | C41: 1,52 | D41: 91,4 | E41: ROLLO
A42: =_xlfn.TEXTJOIN("-",TRUE,Hoja2!A43:H43,"LTX",1) -> VIN-EST-BL-LTX-1 | B42: VINIL ESTATICO BLANCO LATEX | C42: 1,37 | D42: 50 | E42: ROLLO
A43: =_xlfn.TEXTJOIN("-",TRUE,Hoja2!A44:H44,"LTX",2) -> VIN-EST-BL-LTX-2 | B43: VINIL ESTATICO BLANCO LATEX | C43: 1,52 | D43: 50 | E43: ROLLO
A44: =_xlfn.TEXTJOIN("-",TRUE,Hoja2!A45:H45,1) -> VIN-EST-BL-1 | B44: VINIL ESTATICO BLANCO | C44: 1,27 | D44: 50 | E44: ROLLO
A45: =_xlfn.TEXTJOIN("-",TRUE,Hoja2!A46:H46,2) -> VIN-EST-BL-2 | B45: VINIL ESTATICO BLANCO | C45: 1,52 | D45: 50 | E45: ROLLO
A46: =_xlfn.TEXTJOIN("-",TRUE,Hoja2!A47:H47,3) -> VIN-EST-BL-3 | B46: VINIL ESTATICO BLANCO | C46: 1,37 | D46: 41,7 | E46: ROLLO
A47: =_xlfn.TEXTJOIN("-",TRUE,Hoja2!A48:H48,1) -> VIN-EST-TR-1 | B47: VINIL ESTATICO TRANSPARENTE | C47: 1,37 | D47: 50 | E47: ROLLO
A48: =_xlfn.TEXTJOIN("-",TRUE,Hoja2!A49:H49,2) -> VIN-EST-TR-2 | B48: VINIL ESTATICO TRANSPARENTE | C48: 1,52 | D48: 50 | E48: ROLLO
A49: VIN-FLG-TXT | B49: VINIL FLOOR GRAPHICS C/TEXTURA | C49: 1,52 | D49: 50 | E49: ROLLO
A50: VIN-FLG-IMP | B50: VINIL FLOOR GRAPHICS C/TEXTURA PARA IMPRIMIR | C50: 1,52 | D50: 33 | E50: ROLLO
A51: VIN-REF-COL | B51: VINIL REFLECTIVO COLORES (GRADO ING. O DIAMANTE) | C51: 1,22 | D51: 45,7 | E51: ROLLO
A52: VIN-IM-C30 | B52: VINIL IMANTADO C-30 | C52: 0,61 | D52: 30 | E52: ROLLO
A53: ALT-TAC-RT | B53: RITRAMA - ALTO TAC | C53: 1,55 | D53: 50 | E53: ROLLO
A54: =_xlfn.TEXTJOIN("-",TRUE,Hoja2!A55:H55,"RI","BKT",1) -> VIN-MAT-BL-RI-BKT-1 | B54: VINIL MATE BLANCO RITRAMA BLOCKOUT | C54: 1,55 | D54: 50 | E54: ROLLO
A55: =_xlfn.TEXTJOIN("-",TRUE,Hoja2!A56:H56,"RI","BKT",2) -> VIN-MAT-BL-RI-BKT-2 | B55: VINIL MATE BLANCO RITRAMA BLOCKOUT | C55: 1,55 | D55: 40 | E55: ROLLO
A56: =_xlfn.TEXTJOIN("-",TRUE,Hoja2!A57:H57,"RI","BKT",3) -> VIN-MAT-BL-RI-BKT-3 | B56: VINIL MATE BLANCO RITRAMA BLOCKOUT | C56: 1,55 | D56: 35 | E56: ROLLO
A57: =_xlfn.TEXTJOIN("-",TRUE,Hoja2!A58:H58,"GF","RGR",1) -> VIN-MAT-BL-GF-RGR-1 | B57: VINIL MATE BLANCO GENERAL FORMULATION RESPALDO GRIS | C57: 1,37 | D57: 50 | E57: ROLLO
A58: =_xlfn.TEXTJOIN("-",TRUE,Hoja2!A59:H59,"GF","RGR",2) -> VIN-MAT-BL-GF-RGR-2 | B58: VINIL MATE BLANCO ARLON BLOCKOUT | C58: 1,52 | D58: 50 | E58: ROLLO
A59: =_xlfn.TEXTJOIN("-",TRUE,Hoja2!A60:H60,"RGR") -> VIN-BRI-RGR | B59: VINIL BRILLANTE RESPALDO GRIS | C59: 1,55 | D59: 50 | E59: ROLLO
A60: =_xlfn.TEXTJOIN("-",TRUE,Hoja2!A61:H61) -> VIN-TR | B60: VINIL TRANSPARENTE | C60: 1,55 | D60: 50 | E60: ROLLO
A61: VIN-MP-1 | B61: VINIL MICROPERFORADO | C61: 1,52 | D61: 100 | E61: ROLLO
A62: VIN-MP-2 | B62: VINIL MICROPERFORADO | C62: 1,52 | D62: 50 | E62: ROLLO
A63: =_xlfn.TEXTJOIN("-",TRUE,Hoja2!A64:H64,"RI","SUP","AV") -> VIN-BRI-RI-SUP-AV | B63: VINIL BRILLANTE (SUPRINT Y/O RITRAMA, AVERY) | C63: 1,55 | D63: 50 | E63: ROLLO
A64: =_xlfn.TEXTJOIN("-",TRUE,Hoja2!A65:H65,1) -> VIN-BRI-BL-1 | B64: VINIL BLANCO BTE. | C64: 1,26 | D64: 50 | E64: ROLLO
A65: =_xlfn.TEXTJOIN("-",TRUE,Hoja2!A66:H66,2) -> VIN-BRI-BL-2 | B65: VINIL BLANCO BTE. | C65: 1,05 | D65: 50 | E65: ROLLO
A66: =_xlfn.TEXTJOIN("-",TRUE,Hoja2!A67:H67,"RI",1) -> VIN-MAT-RI-1 | B66: VINIL MATE (RITRAMA) | C66: 1,55 | D66: 50 | E66: ROLLO
A67: =_xlfn.TEXTJOIN("-",TRUE,Hoja2!A68:H68,"RI",2) -> VIN-MAT-RI-2 | B67: VINIL MATE (RITRAMA) | C67: 1,26 | D67: 50 | E67: ROLLO
A68: =_xlfn.TEXTJOIN("-",TRUE,Hoja2!A69:H69,"RI",3) -> VIN-MAT-RI-3 | B68: VINIL MATE (RITRAMA) | C68: 1,26 | D68: 80 | E68: ROLLO
A69: =_xlfn.TEXTJOIN("-",TRUE,Hoja2!A70:H70,"RI",4) -> VIN-MAT-RI-4 | B69: VINIL MATE (RITRAMA) | C69: 1,05 | D69: 50 | E69: ROLLO
A70: =_xlfn.TEXTJOIN("-",TRUE,Hoja2!A71:H71,"SUP",1) -> VIN-MAT-SUP-1 | B70: VINIL MATE SUPRINT | C70: 1,52 | D70: 50 | E70: ROLLO
A71: =_xlfn.TEXTJOIN("-",TRUE,Hoja2!A72:H72,"SUP",2) -> VIN-MAT-SUP-2 | B71: VINIL MATE SUPRINT | C71: 1,27 | D71: 50 | E71: ROLLO
A72: =_xlfn.TEXTJOIN("-",TRUE,Hoja2!A73:H73,"WG","LZN") -> VIN-PAR-WG-LZN | B72: VINIL PARA PARED - wallgraphic LOZANO | C72: 1,37 | D72: 45,7 | E72: ROLLO
A73: =_xlfn.TEXTJOIN("-",TRUE,Hoja2!A74:H74,"RJT","MAT") -> VIN-PAR-RJT-MAT | B73: VINIL PARA PARED - ORAJET MATE | C73: 1,52 | D73: 50 | E73: ROLLO
A74: =_xlfn.TEXTJOIN("-",TRUE,Hoja2!A75:H75,"PSX","TXTS") -> VIN-PSX-TXTS | B74: VINIL PSXPVTX001SM-60 VINIL TEXT STONE | C74: 1,52 | D74: 50 | E74: ROLLO
A75: =_xlfn.TEXTJOIN("-",TRUE,Hoja2!A76:H76,"WCN","GF") -> VIN-WCN-GF | B75: VINIL WALL CANVAS - GF | C75: 1,37 | D75: 50 | E75: ROLLO
A76: =_xlfn.TEXTJOIN("-",TRUE,Hoja2!A77:H77,"IMP") -> VIN-BL-TL-IMP | B76: VINIL BLANCO TRANSLUCIDO PARA IMPRESIÓN | C76: 1,52 | D76: 10 | E76: ROLLO
A77: LAM-3M-PRO-LUS-8519 | B77: LAMINADO 3M (PROTECCION LUSTRE 8519) | C77: 1,52 | D77: 40 | E77: ROLLO
A78: LAM-TER-BRI | B78: LAMINADO TERMICO - BRILLANTE | C78: 0,6 | D78: 300 | E78: ROLLO
A79: =_xlfn.TEXTJOIN("-",TRUE,Hoja2!A80:H80,"TRO") -> PVC-BL-3MM-TRO | B79: PVC BCO 3MM (TROVICEL) | C79: 1,22 | D79: 2,44 | E79: HOJA
A80: =_xlfn.TEXTJOIN("-",TRUE,Hoja2!A81:H81,"TRO","GB") -> PVC-BL-3MM-TRO-GB | B80: PVC BCO 3MM (TROVICEL) GAMA BAJA | C80: 1,22 | D80: 2,44 | E80: HOJA
A81: =_xlfn.TEXTJOIN("-",TRUE,Hoja2!A82:H82) -> PVC-BL-2MM | B81: PVC BCO 2MM | C81: 1,22 | D81: 2,44 | E81: HOJA
A82: =_xlfn.TEXTJOIN("-",TRUE,Hoja2!A83:H83,"TRO") -> PVC-BL-6MM-TRO | B82: PVC BCO 6MM (TROVICEL) | C82: 1,22 | D82: 2,44 | E82: HOJA
A83: =_xlfn.TEXTJOIN("-",TRUE,Hoja2!A84:H84,"TRO","GB") -> PVC-BL-6MM-TRO-GB | B83: PVC BCO 6MM (TROVICEL) GAMA BAJA | C83: 1,22 | D83: 2,44 | E83: HOJA
A84: =_xlfn.TEXTJOIN("-",TRUE,Hoja2!A85:H85,"TRO") -> PVC-BL-10MM-TRO | B84: PVC BCO 10MM (TROVICEL) | C84: 1,22 | D84: 2,44 | E84: HOJA
A85: FOA-1GRA | B85: FOAMULAR 1" | C85: 1,22 | D85: 2,44 | E85: HOJA
A86: COR-4MM | B86: COROPLAST 4MM | C86: 1,22 | D86: 2,44 | E86: HOJA
A87: FOA-5MM | B87: FOAMBOARD 5MM | C87: 1,22 | D87: 2,44 | E87: HOJA
A88: FOA-10MM | B88: FOAMBOARD 10MM | C88: 1,22 | D88: 2,44 | E88: HOJA
A89: EST-C15 | B89: ESTIRENO C-15 | C89: 1,52 | D89: 1,22 | E89: HOJA
A90: EST-C20 | B90: ESTIRENO C-20 | C90: 1,52 | D90: 1,22 | E90: HOJA
A91: EST-C30 | B91: ESTIRENO C-30 | C91: 1,52 | D91: 1,22 | E91: HOJA
A92: EST-C40 | B92: ESTIRENO C-40 | C92: 1,52 | D92: 1,22 | E92: HOJA
A93: EST-C60 | B93: ESTIRENO C-60 | C93: 1,52 | D93: 1,22 | E93: HOJA
A94: EST-C80 | B94: ESTIRENO C-80 | C94: 1,52 | D94: 1,22 | E94: HOJA
A95: DIS-1 | B95: DISPLAY (BANNER X) | C95: 0,8 | D95: 1,8 | E95: HOJA
A96: DIS-2 | B96: DISPLAY (BANNER X) | C96: 0,6 | D96: 1,6 | E96: HOJA
A97: ROLU | B97: ROLL UP | C97: 0,85 | D97: 2 | E97: HOJA
A98: ARA-MX | B98: ARAÑA (MURO XTEND) | C98: 2,96 | D98: 2,22 | E98: HOJA
A99: SO-GF-1L | B99: SOLVENTE EQUIPO GRAN FORMATO | E99: LT1
A100: SO-CP-1L | B100: SOLVENTE EQUIPO FB700 O SUNTHINKS | E100: LT1
...

Sheet Hoja2
A3: =IF(ISNUMBER(SEARCH("LONA",Inventario!B2)),"LON", IF(ISNUMBER(SEARCH("VINIL",Inventario!B2)),"VIN", IF(ISNUMBER(SEARCH("PANEL DE ALUMINIO COMPUESTO",Inventario!B2)),"PAN-ALU-COM", IF(ISNUMBER(SEARCH("PVC",Inventario!B2)),"PVC", IF(ISNUMBER(SEARCH("PAPEL",Inventario!B2)),"PAP", IF(ISNUMBER(SEARCH("TELA",Inventario!B2)),"TEL", IF(ISNUMBER(SEARCH("CARTULINA",Inventario!B2)),"CAR", IF(OR(ISNUMBER(SEARCH("LAMINA",Inventario!B2)),ISNUMBER(SEARCH("LÁMINA",Inventario!B2))),"LAM", IF(ISNUMBER(SEARCH("ESTIRENO",Inventario!B2)),"EST", IF(ISNUMBER(SEARCH("FOAMBOARD",Inventario!B2)),"FOA", IF(ISNUMBER(SEARCH("SOLVENTE",Inventario!B2)),"SOL", IF(ISNUMBER(SEARCH("TINTA",Inventario!B2)),"TIN", IF(ISNUMBER(SEARCH("ACRILICO",Inventario!B2)),"ACR", IF(ISNUMBER(SEARCH("LED",Inventario!B2)),"LED", IF(ISNUMBER(SEARCH("FUENTE",Inventario!B2)),"FUE", IF(ISNUMBER(SEARCH("PETG",Inventario!B2)),"PET", IF(ISNUMBER(SEARCH("ALUMINIO",Inventario!B2)),"ALU", IF(ISNUMBER(SEARCH("CANAL",Inventario!B2)),"CAN", IF(ISNUMBER(SEARCH("ESCUADRA",Inventario!B2)),"ESC", IF(ISNUMBER(SEARCH("SOPORTE",Inventario!B2)),"SOP","OTR") ))))))))))))))))))) -> LON | B3: =IF(ISNUMBER(SEARCH("CORTE",Inventario!B2)),"COR", IF(ISNUMBER(SEARCH("CRISTAL",Inventario!B2)),"CR", IF(OR(ISNUMBER(SEARCH("OPTICO",Inventario!B2)),ISNUMBER(SEARCH("OPTICOS",Inventario!B2)),ISNUMBER(SEARCH("OPTICA",Inventario!B2))),"OP", IF(ISNUMBER(SEARCH("NANO",Inventario!B2)),"NA", IF(ISNUMBER(SEARCH("5050",Inventario!B2)),"5050", IF(ISNUMBER(SEARCH("MICRO",Inventario!B2)),"MI","")))))) | C3: =IF(ISNUMBER(SEARCH("PARED",Inventario!B2)),"PAR",IF(ISNUMBER(SEARCH("MATE",Inventario!B2)),"MAT", IF(ISNUMBER(SEARCH("FRONT",Inventario!B2)),"FRO", IF(ISNUMBER(SEARCH("BACK",Inventario!B2)),"BAC", IF(ISNUMBER(SEARCH("MESH",Inventario!B2)),"MES", IF(OR(ISNUMBER(SEARCH("BRILLANTE",Inventario!B2)),ISNUMBER(SEARCH("BTE",Inventario!B2))),"BRI", IF(ISNUMBER(SEARCH("SINTETICA DELGADA",Inventario!B2)),"SD", IF(ISNUMBER(SEARCH("SINTETICA GRUESA",Inventario!B2)),"SG", IF(ISNUMBER(SEARCH("ESTATICO",Inventario!B2)),"EST", IF(ISNUMBER(SEARCH("FLOOR",Inventario!B2)),"FLO", IF(ISNUMBER(SEARCH("REFLECTIVO",Inventario!B2)),"REF", IF(ISNUMBER(SEARCH("MICROPERFORADO",Inventario!B2)),"MI", IF(ISNUMBER(SEARCH("CEPILLADO",Inventario!B2)),"CEP", IF(ISNUMBER(SEARCH("ESPEJO",Inventario!B2)),"ESP", IF(OR(ISNUMBER(SEARCH("UNIDIODO",Inventario!B2)),ISNUMBER(SEARCH("1 DIODO",Inventario!B2))),"1D", IF(ISNUMBER(SEARCH("2 DIODOS",Inventario!B2)),"2D", IF(ISNUMBER(SEARCH("3 DIODOS",Inventario!B2)),"3D",""))))))))))))))))) -> BAC | D3: =IF(ISNUMBER(SEARCH("LX700",Inventario!B2)),"LX7", IF(ISNUMBER(SEARCH("GRANDO",Inventario!B2)),"GRA", IF(OR(ISNUMBER(SEARCH("CAMA PLANA",Inventario!B2)),ISNUMBER(SEARCH("FB700",Inventario!B2))),"CP", IF(ISNUMBER(SEARCH("LX360",Inventario!B2)),"LX3", IF(ISNUMBER(SEARCH("XEROX",Inventario!B2)),"XER", IF(ISNUMBER(SEARCH("18 OZ",Inventario!B2)),"18OZ", IF(ISNUMBER(SEARCH("15 OZ",Inventario!B2)),"15OZ", IF(OR(ISNUMBER(SEARCH("13 OZ",Inventario!B2)),ISNUMBER(SEARCH("13 ONZAS",Inventario!B2))),"13OZ", IF(OR(ISNUMBER(SEARCH("9 OZ",Inventario!B2)),ISNUMBER(SEARCH("9 ONZAS",Inventario!B2))),"09OZ",""))))))))) -> 15OZ | E3: =IF(OR(ISNUMBER(SEARCH("TRANSPARENTE",Inventario!B2)),ISNUMBER(SEARCH("TRANSPARENTES",Inventario!B2))),"TR", IF(OR(ISNUMBER(SEARCH("BLANCO",Inventario!B2)),ISNUMBER(SEARCH("BCO",Inventario!B2))),"BL", IF(ISNUMBER(SEARCH("VERDE",Inventario!B2)),"VR", IF(ISNUMBER(SEARCH("MORADO",Inventario!B2)),"MR", IF(ISNUMBER(SEARCH("PLATA",Inventario!B2)),"PL", IF(ISNUMBER(SEARCH("ORO",Inventario!B2)),"OR", IF(ISNUMBER(SEARCH("AMARILLO",Inventario!B2)),"AM", IF(ISNUMBER(SEARCH("NARANJA",Inventario!B2)),"NR", IF(ISNUMBER(SEARCH("NEGRO",Inventario!B2)),"NG", IF(ISNUMBER(SEARCH("ROJO",Inventario!B2)),"RJ", IF(ISNUMBER(SEARCH("AZUL",Inventario!B2)),"AZ",""))))))))))) | F3: =IF(ISNUMBER(SEARCH("1,2 MM",Inventario!B2)),"1MM2", IF(OR(ISNUMBER(SEARCH("2 MM",Inventario!B2)),ISNUMBER(SEARCH("2MM",Inventario!B2))),"2MM", IF(OR(ISNUMBER(SEARCH("3 MM",Inventario!B2)),ISNUMBER(SEARCH("3MM",Inventario!B2))),"3MM", IF(OR(ISNUMBER(SEARCH("4 MM",Inventario!B2)),ISNUMBER(SEARCH("4MM",Inventario!B2)),ISNUMBER(SEARCH("4 mm",Inventario!B2))),"4MM", IF(OR(ISNUMBER(SEARCH("5 MM",Inventario!B2)),ISNUMBER(SEARCH("5MM",Inventario!B2))),"5MM", IF(OR(ISNUMBER(SEARCH("6 MM",Inventario!B2)),ISNUMBER(SEARCH("6MM",Inventario!B2))),"6MM", IF(OR(ISNUMBER(SEARCH("10 MM",Inventario!B2)),ISNUMBER(SEARCH("10MM",Inventario!B2))),"10MM",""))))))) | G3: =IF(ISNUMBER(SEARCH("ALTA RESISTENCIA",Inventario!B2)),"AR",IF(ISNUMBER(SEARCH("CAMPAÑA",Inventario!B2)),"CA", IF(OR(ISNUMBER(SEARCH("CALIDO",Inventario!B2)),ISNUMBER(SEARCH("CÁLIDO",Inventario!B2))),"C", IF(OR(ISNUMBER(SEARCH("TRASLUCIDO",Inventario!B2)),ISNUMBER(SEARCH("TRANSLUCIDO",Inventario!B2))),"TL", IF(ISNUMBER(SEARCH("NEUTRO",Inventario!B2)),"N", IF(ISNUMBER(SEARCH("FRIO",Inventario!B2)),"F","")))))) | H3: =IF(ISNUMBER(SEARCH("SILED",Inventario!B2)),"SI", IF(ISNUMBER(SEARCH("SYDEMEX",Inventario!B2)),"SY", IF(ISNUMBER(SEARCH("ROHS",Inventario!B2)),"RO", IF(ISNUMBER(SEARCH("RISHANG",Inventario!B2)),"RS", IF(ISNUMBER(SEARCH("VYG",Inventario!B2)),"VYG", IF(ISNUMBER(SEARCH("COLED",Inventario!B2)),"CO",""))))))
A4: =IF(ISNUMBER(SEARCH("LONA",Inventario!B3)),"LON", IF(ISNUMBER(SEARCH("VINIL",Inventario!B3)),"VIN", IF(ISNUMBER(SEARCH("PANEL DE ALUMINIO COMPUESTO",Inventario!B3)),"PAN-ALU-COM", IF(ISNUMBER(SEARCH("PVC",Inventario!B3)),"PVC", IF(ISNUMBER(SEARCH("PAPEL",Inventario!B3)),"PAP", IF(ISNUMBER(SEARCH("TELA",Inventario!B3)),"TEL", IF(ISNUMBER(SEARCH("CARTULINA",Inventario!B3)),"CAR", IF(OR(ISNUMBER(SEARCH("LAMINA",Inventario!B3)),ISNUMBER(SEARCH("LÁMINA",Inventario!B3))),"LAM", IF(ISNUMBER(SEARCH("ESTIRENO",Inventario!B3)),"EST", IF(ISNUMBER(SEARCH("FOAMBOARD",Inventario!B3)),"FOA", IF(ISNUMBER(SEARCH("SOLVENTE",Inventario!B3)),"SOL", IF(ISNUMBER(SEARCH("TINTA",Inventario!B3)),"TIN", IF(ISNUMBER(SEARCH("ACRILICO",Inventario!B3)),"ACR", IF(ISNUMBER(SEARCH("LED",Inventario!B3)),"LED", IF(ISNUMBER(SEARCH("FUENTE",Inventario!B3)),"FUE", IF(ISNUMBER(SEARCH("PETG",Inventario!B3)),"PET", IF(ISNUMBER(SEARCH("ALUMINIO",Inventario!B3)),"ALU", IF(ISNUMBER(SEARCH("CANAL",Inventario!B3)),"CAN", IF(ISNUMBER(SEARCH("ESCUADRA",Inventario!B3)),"ESC", IF(ISNUMBER(SEARCH("SOPORTE",Inventario!B3)),"SOP","OTR") ))))))))))))))))))) -> LON | B4: =IF(ISNUMBER(SEARCH("CORTE",Inventario!B3)),"COR", IF(ISNUMBER(SEARCH("CRISTAL",Inventario!B3)),"CR", IF(OR(ISNUMBER(SEARCH("OPTICO",Inventario!B3)),ISNUMBER(SEARCH("OPTICOS",Inventario!B3)),ISNUMBER(SEARCH("OPTICA",Inventario!B3))),"OP", IF(ISNUMBER(SEARCH("NANO",Inventario!B3)),"NA", IF(ISNUMBER(SEARCH("5050",Inventario!B3)),"5050", IF(ISNUMBER(SEARCH("MICRO",Inventario!B3)),"MI","")))))) | C4: =IF(ISNUMBER(SEARCH("PARED",Inventario!B3)),"PAR",IF(ISNUMBER(SEARCH("MATE",Inventario!B3)),"MAT", IF(ISNUMBER(SEARCH("FRONT",Inventario!B3)),"FRO", IF(ISNUMBER(SEARCH("BACK",Inventario!B3)),"BAC", IF(ISNUMBER(SEARCH("MESH",Inventario!B3)),"MES", IF(OR(ISNUMBER(SEARCH("BRILLANTE",Inventario!B3)),ISNUMBER(SEARCH("BTE",Inventario!B3))),"BRI", IF(ISNUMBER(SEARCH("SINTETICA DELGADA",Inventario!B3)),"SD", IF(ISNUMBER(SEARCH("SINTETICA GRUESA",Inventario!B3)),"SG", IF(ISNUMBER(SEARCH("ESTATICO",Inventario!B3)),"EST", IF(ISNUMBER(SEARCH("FLOOR",Inventario!B3)),"FLO", IF(ISNUMBER(SEARCH("REFLECTIVO",Inventario!B3)),"REF", IF(ISNUMBER(SEARCH("MICROPERFORADO",Inventario!B3)),"MI", IF(ISNUMBER(SEARCH("CEPILLADO",Inventario!B3)),"CEP", IF(ISNUMBER(SEARCH("ESPEJO",Inventario!B3)),"ESP", IF(OR(ISNUMBER(SEARCH("UNIDIODO",Inventario!B3)),ISNUMBER(SEARCH("1 DIODO",Inventario!B3))),"1D", IF(ISNUMBER(SEARCH("2 DIODOS",Inventario!B3)),"2D", IF(ISNUMBER(SEARCH("3 DIODOS",Inventario!B3)),"3D",""))))))))))))))))) -> BAC | D4: =IF(ISNUMBER(SEARCH("LX700",Inventario!B3)),"LX7", IF(ISNUMBER(SEARCH("GRANDO",Inventario!B3)),"GRA", IF(OR(ISNUMBER(SEARCH("CAMA PLANA",Inventario!B3)),ISNUMBER(SEARCH("FB700",Inventario!B3))),"CP", IF(ISNUMBER(SEARCH("LX360",Inventario!B3)),"LX3", IF(ISNUMBER(SEARCH("XEROX",Inventario!B3)),"XER", IF(ISNUMBER(SEARCH("18 OZ",Inventario!B3)),"18OZ", IF(ISNUMBER(SEARCH("15 OZ",Inventario!B3)),"15OZ", IF(OR(ISNUMBER(SEARCH("13 OZ",Inventario!B3)),ISNUMBER(SEARCH("13 ONZAS",Inventario!B3))),"13OZ", IF(OR(ISNUMBER(SEARCH("9 OZ",Inventario!B3)),ISNUMBER(SEARCH("9 ONZAS",Inventario!B3))),"09OZ",""))))))))) -> 15OZ | E4: =IF(OR(ISNUMBER(SEARCH("TRANSPARENTE",Inventario!B3)),ISNUMBER(SEARCH("TRANSPARENTES",Inventario!B3))),"TR", IF(OR(ISNUMBER(SEARCH("BLANCO",Inventario!B3)),ISNUMBER(SEARCH("BCO",Inventario!B3))),"BL", IF(ISNUMBER(SEARCH("VERDE",Inventario!B3)),"VR", IF(ISNUMBER(SEARCH("MORADO",Inventario!B3)),"MR", IF(ISNUMBER(SEARCH("PLATA",Inventario!B3)),"PL", IF(ISNUMBER(SEARCH("ORO",Inventario!B3)),"OR", IF(ISNUMBER(SEARCH("AMARILLO",Inventario!B3)),"AM", IF(ISNUMBER(SEARCH("NARANJA",Inventario!B3)),"NR", IF(ISNUMBER(SEARCH("NEGRO",Inventario!B3)),"NG", IF(ISNUMBER(SEARCH("ROJO",Inventario!B3)),"RJ", IF(ISNUMBER(SEARCH("AZUL",Inventario!B3)),"AZ",""))))))))))) | F4: =IF(ISNUMBER(SEARCH("1,2 MM",Inventario!B3)),"1MM2", IF(OR(ISNUMBER(SEARCH("2 MM",Inventario!B3)),ISNUMBER(SEARCH("2MM",Inventario!B3))),"2MM", IF(OR(ISNUMBER(SEARCH("3 MM",Inventario!B3)),ISNUMBER(SEARCH("3MM",Inventario!B3))),"3MM", IF(OR(ISNUMBER(SEARCH("4 MM",Inventario!B3)),ISNUMBER(SEARCH("4MM",Inventario!B3)),ISNUMBER(SEARCH("4 mm",Inventario!B3))),"4MM", IF(OR(ISNUMBER(SEARCH("5 MM",Inventario!B3)),ISNUMBER(SEARCH("5MM",Inventario!B3))),"5MM", IF(OR(ISNUMBER(SEARCH("6 MM",Inventario!B3)),ISNUMBER(SEARCH("6MM",Inventario!B3))),"6MM", IF(OR(ISNUMBER(SEARCH("10 MM",Inventario!B3)),ISNUMBER(SEARCH("10MM",Inventario!B3))),"10MM",""))))))) | G4: =IF(ISNUMBER(SEARCH("ALTA RESISTENCIA",Inventario!B3)),"AR",IF(ISNUMBER(SEARCH("CAMPAÑA",Inventario!B3)),"CA", IF(OR(ISNUMBER(SEARCH("CALIDO",Inventario!B3)),ISNUMBER(SEARCH("CÁLIDO",Inventario!B3))),"C", IF(OR(ISNUMBER(SEARCH("TRASLUCIDO",Inventario!B3)),ISNUMBER(SEARCH("TRANSLUCIDO",Inventario!B3))),"TL", IF(ISNUMBER(SEARCH("NEUTRO",Inventario!B3)),"N", IF(ISNUMBER(SEARCH("FRIO",Inventario!B3)),"F","")))))) | H4: =IF(ISNUMBER(SEARCH("SILED",Inventario!B3)),"SI", IF(ISNUMBER(SEARCH("SYDEMEX",Inventario!B3)),"SY", IF(ISNUMBER(SEARCH("ROHS",Inventario!B3)),"RO", IF(ISNUMBER(SEARCH("RISHANG",Inventario!B3)),"RS", IF(ISNUMBER(SEARCH("VYG",Inventario!B3)),"VYG", IF(ISNUMBER(SEARCH("COLED",Inventario!B3)),"CO",""))))))
A5: =IF(ISNUMBER(SEARCH("LONA",Inventario!B4)),"LON", IF(ISNUMBER(SEARCH("VINIL",Inventario!B4)),"VIN", IF(ISNUMBER(SEARCH("PANEL DE ALUMINIO COMPUESTO",Inventario!B4)),"PAN-ALU-COM", IF(ISNUMBER(SEARCH("PVC",Inventario!B4)),"PVC", IF(ISNUMBER(SEARCH("PAPEL",Inventario!B4)),"PAP", IF(ISNUMBER(SEARCH("TELA",Inventario!B4)),"TEL", IF(ISNUMBER(SEARCH("CARTULINA",Inventario!B4)),"CAR", IF(OR(ISNUMBER(SEARCH("LAMINA",Inventario!B4)),ISNUMBER(SEARCH("LÁMINA",Inventario!B4))),"LAM", IF(ISNUMBER(SEARCH("ESTIRENO",Inventario!B4)),"EST", IF(ISNUMBER(SEARCH("FOAMBOARD",Inventario!B4)),"FOA", IF(ISNUMBER(SEARCH("SOLVENTE",Inventario!B4)),"SOL", IF(ISNUMBER(SEARCH("TINTA",Inventario!B4)),"TIN", IF(ISNUMBER(SEARCH("ACRILICO",Inventario!B4)),"ACR", IF(ISNUMBER(SEARCH("LED",Inventario!B4)),"LED", IF(ISNUMBER(SEARCH("FUENTE",Inventario!B4)),"FUE", IF(ISNUMBER(SEARCH("PETG",Inventario!B4)),"PET", IF(ISNUMBER(SEARCH("ALUMINIO",Inventario!B4)),"ALU", IF(ISNUMBER(SEARCH("CANAL",Inventario!B4)),"CAN", IF(ISNUMBER(SEARCH("ESCUADRA",Inventario!B4)),"ESC", IF(ISNUMBER(SEARCH("SOPORTE",Inventario!B4)),"SOP","OTR") ))))))))))))))))))) -> LON | B5: =IF(ISNUMBER(SEARCH("CORTE",Inventario!B4)),"COR", IF(ISNUMBER(SEARCH("CRISTAL",Inventario!B4)),"CR", IF(OR(ISNUMBER(SEARCH("OPTICO",Inventario!B4)),ISNUMBER(SEARCH("OPTICOS",Inventario!B4)),ISNUMBER(SEARCH("OPTICA",Inventario!B4))),"OP", IF(ISNUMBER(SEARCH("NANO",Inventario!B4)),"NA", IF(ISNUMBER(SEARCH("5050",Inventario!B4)),"5050", IF(ISNUMBER(SEARCH("MICRO",Inventario!B4)),"MI","")))))) | C5: =IF(ISNUMBER(SEARCH("PARED",Inventario!B4)),"PAR",IF(ISNUMBER(SEARCH("MATE",Inventario!B4)),"MAT", IF(ISNUMBER(SEARCH("FRONT",Inventario!B4)),"FRO", IF(ISNUMBER(SEARCH("BACK",Inventario!B4)),"BAC", IF(ISNUMBER(SEARCH("MESH",Inventario!B4)),"MES", IF(OR(ISNUMBER(SEARCH("BRILLANTE",Inventario!B4)),ISNUMBER(SEARCH("BTE",Inventario!B4))),"BRI", IF(ISNUMBER(SEARCH("SINTETICA DELGADA",Inventario!B4)),"SD", IF(ISNUMBER(SEARCH("SINTETICA GRUESA",Inventario!B4)),"SG", IF(ISNUMBER(SEARCH("ESTATICO",Inventario!B4)),"EST", IF(ISNUMBER(SEARCH("FLOOR",Inventario!B4)),"FLO", IF(ISNUMBER(SEARCH("REFLECTIVO",Inventario!B4)),"REF", IF(ISNUMBER(SEARCH("MICROPERFORADO",Inventario!B4)),"MI", IF(ISNUMBER(SEARCH("CEPILLADO",Inventario!B4)),"CEP", IF(ISNUMBER(SEARCH("ESPEJO",Inventario!B4)),"ESP", IF(OR(ISNUMBER(SEARCH("UNIDIODO",Inventario!B4)),ISNUMBER(SEARCH("1 DIODO",Inventario!B4))),"1D", IF(ISNUMBER(SEARCH("2 DIODOS",Inventario!B4)),"2D", IF(ISNUMBER(SEARCH("3 DIODOS",Inventario!B4)),"3D",""))))))))))))))))) -> BAC | D5: =IF(ISNUMBER(SEARCH("LX700",Inventario!B4)),"LX7", IF(ISNUMBER(SEARCH("GRANDO",Inventario!B4)),"GRA", IF(OR(ISNUMBER(SEARCH("CAMA PLANA",Inventario!B4)),ISNUMBER(SEARCH("FB700",Inventario!B4))),"CP", IF(ISNUMBER(SEARCH("LX360",Inventario!B4)),"LX3", IF(ISNUMBER(SEARCH("XEROX",Inventario!B4)),"XER", IF(ISNUMBER(SEARCH("18 OZ",Inventario!B4)),"18OZ", IF(ISNUMBER(SEARCH("15 OZ",Inventario!B4)),"15OZ", IF(OR(ISNUMBER(SEARCH("13 OZ",Inventario!B4)),ISNUMBER(SEARCH("13 ONZAS",Inventario!B4))),"13OZ", IF(OR(ISNUMBER(SEARCH("9 OZ",Inventario!B4)),ISNUMBER(SEARCH("9 ONZAS",Inventario!B4))),"09OZ",""))))))))) -> 15OZ | E5: =IF(OR(ISNUMBER(SEARCH("TRANSPARENTE",Inventario!B4)),ISNUMBER(SEARCH("TRANSPARENTES",Inventario!B4))),"TR", IF(OR(ISNUMBER(SEARCH("BLANCO",Inventario!B4)),ISNUMBER(SEARCH("BCO",Inventario!B4))),"BL", IF(ISNUMBER(SEARCH("VERDE",Inventario!B4)),"VR", IF(ISNUMBER(SEARCH("MORADO",Inventario!B4)),"MR", IF(ISNUMBER(SEARCH("PLATA",Inventario!B4)),"PL", IF(ISNUMBER(SEARCH("ORO",Inventario!B4)),"OR", IF(ISNUMBER(SEARCH("AMARILLO",Inventario!B4)),"AM", IF(ISNUMBER(SEARCH("NARANJA",Inventario!B4)),"NR", IF(ISNUMBER(SEARCH("NEGRO",Inventario!B4)),"NG", IF(ISNUMBER(SEARCH("ROJO",Inventario!B4)),"RJ", IF(ISNUMBER(SEARCH("AZUL",Inventario!B4)),"AZ",""))))))))))) | F5: =IF(ISNUMBER(SEARCH("1,2 MM",Inventario!B4)),"1MM2", IF(OR(ISNUMBER(SEARCH("2 MM",Inventario!B4)),ISNUMBER(SEARCH("2MM",Inventario!B4))),"2MM", IF(OR(ISNUMBER(SEARCH("3 MM",Inventario!B4)),ISNUMBER(SEARCH("3MM",Inventario!B4))),"3MM", IF(OR(ISNUMBER(SEARCH("4 MM",Inventario!B4)),ISNUMBER(SEARCH("4MM",Inventario!B4)),ISNUMBER(SEARCH("4 mm",Inventario!B4))),"4MM", IF(OR(ISNUMBER(SEARCH("5 MM",Inventario!B4)),ISNUMBER(SEARCH("5MM",Inventario!B4))),"5MM", IF(OR(ISNUMBER(SEARCH("6 MM",Inventario!B4)),ISNUMBER(SEARCH("6MM",Inventario!B4))),"6MM", IF(OR(ISNUMBER(SEARCH("10 MM",Inventario!B4)),ISNUMBER(SEARCH("10MM",Inventario!B4))),"10MM",""))))))) | G5: =IF(ISNUMBER(SEARCH("ALTA RESISTENCIA",Inventario!B4)),"AR",IF(ISNUMBER(SEARCH("CAMPAÑA",Inventario!B4)),"CA", IF(OR(ISNUMBER(SEARCH("CALIDO",Inventario!B4)),ISNUMBER(SEARCH("CÁLIDO",Inventario!B4))),"C", IF(OR(ISNUMBER(SEARCH("TRASLUCIDO",Inventario!B4)),ISNUMBER(SEARCH("TRANSLUCIDO",Inventario!B4))),"TL", IF(ISNUMBER(SEARCH("NEUTRO",Inventario!B4)),"N", IF(ISNUMBER(SEARCH("FRIO",Inventario!B4)),"F","")))))) | H5: =IF(ISNUMBER(SEARCH("SILED",Inventario!B4)),"SI", IF(ISNUMBER(SEARCH("SYDEMEX",Inventario!B4)),"SY", IF(ISNUMBER(SEARCH("ROHS",Inventario!B4)),"RO", IF(ISNUMBER(SEARCH("RISHANG",Inventario!B4)),"RS", IF(ISNUMBER(SEARCH("VYG",Inventario!B4)),"VYG", IF(ISNUMBER(SEARCH("COLED",Inventario!B4)),"CO",""))))))
A6: =IF(ISNUMBER(SEARCH("LONA",Inventario!B5)),"LON", IF(ISNUMBER(SEARCH("VINIL",Inventario!B5)),"VIN", IF(ISNUMBER(SEARCH("PANEL DE ALUMINIO COMPUESTO",Inventario!B5)),"PAN-ALU-COM", IF(ISNUMBER(SEARCH("PVC",Inventario!B5)),"PVC", IF(ISNUMBER(SEARCH("PAPEL",Inventario!B5)),"PAP", IF(ISNUMBER(SEARCH("TELA",Inventario!B5)),"TEL", IF(ISNUMBER(SEARCH("CARTULINA",Inventario!B5)),"CAR", IF(OR(ISNUMBER(SEARCH("LAMINA",Inventario!B5)),ISNUMBER(SEARCH("LÁMINA",Inventario!B5))),"LAM", IF(ISNUMBER(SEARCH("ESTIRENO",Inventario!B5)),"EST", IF(ISNUMBER(SEARCH("FOAMBOARD",Inventario!B5)),"FOA", IF(ISNUMBER(SEARCH("SOLVENTE",Inventario!B5)),"SOL", IF(ISNUMBER(SEARCH("TINTA",Inventario!B5)),"TIN", IF(ISNUMBER(SEARCH("ACRILICO",Inventario!B5)),"ACR", IF(ISNUMBER(SEARCH("LED",Inventario!B5)),"LED", IF(ISNUMBER(SEARCH("FUENTE",Inventario!B5)),"FUE", IF(ISNUMBER(SEARCH("PETG",Inventario!B5)),"PET", IF(ISNUMBER(SEARCH("ALUMINIO",Inventario!B5)),"ALU", IF(ISNUMBER(SEARCH("CANAL",Inventario!B5)),"CAN", IF(ISNUMBER(SEARCH("ESCUADRA",Inventario!B5)),"ESC", IF(ISNUMBER(SEARCH("SOPORTE",Inventario!B5)),"SOP","OTR") ))))))))))))))))))) -> LON | B6: =IF(ISNUMBER(SEARCH("CORTE",Inventario!B5)),"COR", IF(ISNUMBER(SEARCH("CRISTAL",Inventario!B5)),"CR", IF(OR(ISNUMBER(SEARCH("OPTICO",Inventario!B5)),ISNUMBER(SEARCH("OPTICOS",Inventario!B5)),ISNUMBER(SEARCH("OPTICA",Inventario!B5))),"OP", IF(ISNUMBER(SEARCH("NANO",Inventario!B5)),"NA", IF(ISNUMBER(SEARCH("5050",Inventario!B5)),"5050", IF(ISNUMBER(SEARCH("MICRO",Inventario!B5)),"MI","")))))) | C6: =IF(ISNUMBER(SEARCH("PARED",Inventario!B5)),"PAR",IF(ISNUMBER(SEARCH("MATE",Inventario!B5)),"MAT", IF(ISNUMBER(SEARCH("FRONT",Inventario!B5)),"FRO", IF(ISNUMBER(SEARCH("BACK",Inventario!B5)),"BAC", IF(ISNUMBER(SEARCH("MESH",Inventario!B5)),"MES", IF(OR(ISNUMBER(SEARCH("BRILLANTE",Inventario!B5)),ISNUMBER(SEARCH("BTE",Inventario!B5))),"BRI", IF(ISNUMBER(SEARCH("SINTETICA DELGADA",Inventario!B5)),"SD", IF(ISNUMBER(SEARCH("SINTETICA GRUESA",Inventario!B5)),"SG", IF(ISNUMBER(SEARCH("ESTATICO",Inventario!B5)),"EST", IF(ISNUMBER(SEARCH("FLOOR",Inventario!B5)),"FLO", IF(ISNUMBER(SEARCH("REFLECTIVO",Inventario!B5)),"REF", IF(ISNUMBER(SEARCH("MICROPERFORADO",Inventario!B5)),"MI", IF(ISNUMBER(SEARCH("CEPILLADO",Inventario!B5)),"CEP", IF(ISNUMBER(SEARCH("ESPEJO",Inventario!B5)),"ESP", IF(OR(ISNUMBER(SEARCH("UNIDIODO",Inventario!B5)),ISNUMBER(SEARCH("1 DIODO",Inventario!B5))),"1D", IF(ISNUMBER(SEARCH("2 DIODOS",Inventario!B5)),"2D", IF(ISNUMBER(SEARCH("3 DIODOS",Inventario!B5)),"3D",""))))))))))))))))) -> FRO | D6: =IF(ISNUMBER(SEARCH("LX700",Inventario!B5)),"LX7", IF(ISNUMBER(SEARCH("GRANDO",Inventario!B5)),"GRA", IF(OR(ISNUMBER(SEARCH("CAMA PLANA",Inventario!B5)),ISNUMBER(SEARCH("FB700",Inventario!B5))),"CP", IF(ISNUMBER(SEARCH("LX360",Inventario!B5)),"LX3", IF(ISNUMBER(SEARCH("XEROX",Inventario!B5)),"XER", IF(ISNUMBER(SEARCH("18 OZ",Inventario!B5)),"18OZ", IF(ISNUMBER(SEARCH("15 OZ",Inventario!B5)),"15OZ", IF(OR(ISNUMBER(SEARCH("13 OZ",Inventario!B5)),ISNUMBER(SEARCH("13 ONZAS",Inventario!B5))),"13OZ", IF(OR(ISNUMBER(SEARCH("9 OZ",Inventario!B5)),ISNUMBER(SEARCH("9 ONZAS",Inventario!B5))),"09OZ",""))))))))) -> 13OZ | E6: =IF(OR(ISNUMBER(SEARCH("TRANSPARENTE",Inventario!B5)),ISNUMBER(SEARCH("TRANSPARENTES",Inventario!B5))),"TR", IF(OR(ISNUMBER(SEARCH("BLANCO",Inventario!B5)),ISNUMBER(SEARCH("BCO",Inventario!B5))),"BL", IF(ISNUMBER(SEARCH("VERDE",Inventario!B5)),"VR", IF(ISNUMBER(SEARCH("MORADO",Inventario!B5)),"MR", IF(ISNUMBER(SEARCH("PLATA",Inventario!B5)),"PL", IF(ISNUMBER(SEARCH("ORO",Inventario!B5)),"OR", IF(ISNUMBER(SEARCH("AMARILLO",Inventario!B5)),"AM", IF(ISNUMBER(SEARCH("NARANJA",Inventario!B5)),"NR", IF(ISNUMBER(SEARCH("NEGRO",Inventario!B5)),"NG", IF(ISNUMBER(SEARCH("ROJO",Inventario!B5)),"RJ", IF(ISNUMBER(SEARCH("AZUL",Inventario!B5)),"AZ",""))))))))))) | F6: =IF(ISNUMBER(SEARCH("1,2 MM",Inventario!B5)),"1MM2", IF(OR(ISNUMBER(SEARCH("2 MM",Inventario!B5)),ISNUMBER(SEARCH("2MM",Inventario!B5))),"2MM", IF(OR(ISNUMBER(SEARCH("3 MM",Inventario!B5)),ISNUMBER(SEARCH("3MM",Inventario!B5))),"3MM", IF(OR(ISNUMBER(SEARCH("4 MM",Inventario!B5)),ISNUMBER(SEARCH("4MM",Inventario!B5)),ISNUMBER(SEARCH("4 mm",Inventario!B5))),"4MM", IF(OR(ISNUMBER(SEARCH("5 MM",Inventario!B5)),ISNUMBER(SEARCH("5MM",Inventario!B5))),"5MM", IF(OR(ISNUMBER(SEARCH("6 MM",Inventario!B5)),ISNUMBER(SEARCH("6MM",Inventario!B5))),"6MM", IF(OR(ISNUMBER(SEARCH("10 MM",Inventario!B5)),ISNUMBER(SEARCH("10MM",Inventario!B5))),"10MM",""))))))) | G6: =IF(ISNUMBER(SEARCH("ALTA RESISTENCIA",Inventario!B5)),"AR",IF(ISNUMBER(SEARCH("CAMPAÑA",Inventario!B5)),"CA", IF(OR(ISNUMBER(SEARCH("CALIDO",Inventario!B5)),ISNUMBER(SEARCH("CÁLIDO",Inventario!B5))),"C", IF(OR(ISNUMBER(SEARCH("TRASLUCIDO",Inventario!B5)),ISNUMBER(SEARCH("TRANSLUCIDO",Inventario!B5))),"TL", IF(ISNUMBER(SEARCH("NEUTRO",Inventario!B5)),"N", IF(ISNUMBER(SEARCH("FRIO",Inventario!B5)),"F","")))))) | H6: =IF(ISNUMBER(SEARCH("SILED",Inventario!B5)),"SI", IF(ISNUMBER(SEARCH("SYDEMEX",Inventario!B5)),"SY", IF(ISNUMBER(SEARCH("ROHS",Inventario!B5)),"RO", IF(ISNUMBER(SEARCH("RISHANG",Inventario!B5)),"RS", IF(ISNUMBER(SEARCH("VYG",Inventario!B5)),"VYG", IF(ISNUMBER(SEARCH("COLED",Inventario!B5)),"CO",""))))))
A7: =IF(ISNUMBER(SEARCH("LONA",Inventario!B6)),"LON", IF(ISNUMBER(SEARCH("VINIL",Inventario!B6)),"VIN", IF(ISNUMBER(SEARCH("PANEL DE ALUMINIO COMPUESTO",Inventario!B6)),"PAN-ALU-COM", IF(ISNUMBER(SEARCH("PVC",Inventario!B6)),"PVC", IF(ISNUMBER(SEARCH("PAPEL",Inventario!B6)),"PAP", IF(ISNUMBER(SEARCH("TELA",Inventario!B6)),"TEL", IF(ISNUMBER(SEARCH("CARTULINA",Inventario!B6)),"CAR", IF(OR(ISNUMBER(SEARCH("LAMINA",Inventario!B6)),ISNUMBER(SEARCH("LÁMINA",Inventario!B6))),"LAM", IF(ISNUMBER(SEARCH("ESTIRENO",Inventario!B6)),"EST", IF(ISNUMBER(SEARCH("FOAMBOARD",Inventario!B6)),"FOA", IF(ISNUMBER(SEARCH("SOLVENTE",Inventario!B6)),"SOL", IF(ISNUMBER(SEARCH("TINTA",Inventario!B6)),"TIN", IF(ISNUMBER(SEARCH("ACRILICO",Inventario!B6)),"ACR", IF(ISNUMBER(SEARCH("LED",Inventario!B6)),"LED", IF(ISNUMBER(SEARCH("FUENTE",Inventario!B6)),"FUE", IF(ISNUMBER(SEARCH("PETG",Inventario!B6)),"PET", IF(ISNUMBER(SEARCH("ALUMINIO",Inventario!B6)),"ALU", IF(ISNUMBER(SEARCH("CANAL",Inventario!B6)),"CAN", IF(ISNUMBER(SEARCH("ESCUADRA",Inventario!B6)),"ESC", IF(ISNUMBER(SEARCH("SOPORTE",Inventario!B6)),"SOP","OTR") ))))))))))))))))))) -> LON | B7: =IF(ISNUMBER(SEARCH("CORTE",Inventario!B6)),"COR", IF(ISNUMBER(SEARCH("CRISTAL",Inventario!B6)),"CR", IF(OR(ISNUMBER(SEARCH("OPTICO",Inventario!B6)),ISNUMBER(SEARCH("OPTICOS",Inventario!B6)),ISNUMBER(SEARCH("OPTICA",Inventario!B6))),"OP", IF(ISNUMBER(SEARCH("NANO",Inventario!B6)),"NA", IF(ISNUMBER(SEARCH("5050",Inventario!B6)),"5050", IF(ISNUMBER(SEARCH("MICRO",Inventario!B6)),"MI","")))))) | C7: =IF(ISNUMBER(SEARCH("PARED",Inventario!B6)),"PAR",IF(ISNUMBER(SEARCH("MATE",Inventario!B6)),"MAT", IF(ISNUMBER(SEARCH("FRONT",Inventario!B6)),"FRO", IF(ISNUMBER(SEARCH("BACK",Inventario!B6)),"BAC", IF(ISNUMBER(SEARCH("MESH",Inventario!B6)),"MES", IF(OR(ISNUMBER(SEARCH("BRILLANTE",Inventario!B6)),ISNUMBER(SEARCH("BTE",Inventario!B6))),"BRI", IF(ISNUMBER(SEARCH("SINTETICA DELGADA",Inventario!B6)),"SD", IF(ISNUMBER(SEARCH("SINTETICA GRUESA",Inventario!B6)),"SG", IF(ISNUMBER(SEARCH("ESTATICO",Inventario!B6)),"EST", IF(ISNUMBER(SEARCH("FLOOR",Inventario!B6)),"FLO", IF(ISNUMBER(SEARCH("REFLECTIVO",Inventario!B6)),"REF", IF(ISNUMBER(SEARCH("MICROPERFORADO",Inventario!B6)),"MI", IF(ISNUMBER(SEARCH("CEPILLADO",Inventario!B6)),"CEP", IF(ISNUMBER(SEARCH("ESPEJO",Inventario!B6)),"ESP", IF(OR(ISNUMBER(SEARCH("UNIDIODO",Inventario!B6)),ISNUMBER(SEARCH("1 DIODO",Inventario!B6))),"1D", IF(ISNUMBER(SEARCH("2 DIODOS",Inventario!B6)),"2D", IF(ISNUMBER(SEARCH("3 DIODOS",Inventario!B6)),"3D",""))))))))))))))))) -> FRO | D7: =IF(ISNUMBER(SEARCH("LX700",Inventario!B6)),"LX7", IF(ISNUMBER(SEARCH("GRANDO",Inventario!B6)),"GRA", IF(OR(ISNUMBER(SEARCH("CAMA PLANA",Inventario!B6)),ISNUMBER(SEARCH("FB700",Inventario!B6))),"CP", IF(ISNUMBER(SEARCH("LX360",Inventario!B6)),"LX3", IF(ISNUMBER(SEARCH("XEROX",Inventario!B6)),"XER", IF(ISNUMBER(SEARCH("18 OZ",Inventario!B6)),"18OZ", IF(ISNUMBER(SEARCH("15 OZ",Inventario!B6)),"15OZ", IF(OR(ISNUMBER(SEARCH("13 OZ",Inventario!B6)),ISNUMBER(SEARCH("13 ONZAS",Inventario!B6))),"13OZ", IF(OR(ISNUMBER(SEARCH("9 OZ",Inventario!B6)),ISNUMBER(SEARCH("9 ONZAS",Inventario!B6))),"09OZ",""))))))))) -> 13OZ | E7: =IF(OR(ISNUMBER(SEARCH("TRANSPARENTE",Inventario!B6)),ISNUMBER(SEARCH("TRANSPARENTES",Inventario!B6))),"TR", IF(OR(ISNUMBER(SEARCH("BLANCO",Inventario!B6)),ISNUMBER(SEARCH("BCO",Inventario!B6))),"BL", IF(ISNUMBER(SEARCH("VERDE",Inventario!B6)),"VR", IF(ISNUMBER(SEARCH("MORADO",Inventario!B6)),"MR", IF(ISNUMBER(SEARCH("PLATA",Inventario!B6)),"PL", IF(ISNUMBER(SEARCH("ORO",Inventario!B6)),"OR", IF(ISNUMBER(SEARCH("AMARILLO",Inventario!B6)),"AM", IF(ISNUMBER(SEARCH("NARANJA",Inventario!B6)),"NR", IF(ISNUMBER(SEARCH("NEGRO",Inventario!B6)),"NG", IF(ISNUMBER(SEARCH("ROJO",Inventario!B6)),"RJ", IF(ISNUMBER(SEARCH("AZUL",Inventario!B6)),"AZ",""))))))))))) | F7: =IF(ISNUMBER(SEARCH("1,2 MM",Inventario!B6)),"1MM2", IF(OR(ISNUMBER(SEARCH("2 MM",Inventario!B6)),ISNUMBER(SEARCH("2MM",Inventario!B6))),"2MM", IF(OR(ISNUMBER(SEARCH("3 MM",Inventario!B6)),ISNUMBER(SEARCH("3MM",Inventario!B6))),"3MM", IF(OR(ISNUMBER(SEARCH("4 MM",Inventario!B6)),ISNUMBER(SEARCH("4MM",Inventario!B6)),ISNUMBER(SEARCH("4 mm",Inventario!B6))),"4MM", IF(OR(ISNUMBER(SEARCH("5 MM",Inventario!B6)),ISNUMBER(SEARCH("5MM",Inventario!B6))),"5MM", IF(OR(ISNUMBER(SEARCH("6 MM",Inventario!B6)),ISNUMBER(SEARCH("6MM",Inventario!B6))),"6MM", IF(OR(ISNUMBER(SEARCH("10 MM",Inventario!B6)),ISNUMBER(SEARCH("10MM",Inventario!B6))),"10MM",""))))))) | G7: =IF(ISNUMBER(SEARCH("ALTA RESISTENCIA",Inventario!B6)),"AR",IF(ISNUMBER(SEARCH("CAMPAÑA",Inventario!B6)),"CA", IF(OR(ISNUMBER(SEARCH("CALIDO",Inventario!B6)),ISNUMBER(SEARCH("CÁLIDO",Inventario!B6))),"C", IF(OR(ISNUMBER(SEARCH("TRASLUCIDO",Inventario!B6)),ISNUMBER(SEARCH("TRANSLUCIDO",Inventario!B6))),"TL", IF(ISNUMBER(SEARCH("NEUTRO",Inventario!B6)),"N", IF(ISNUMBER(SEARCH("FRIO",Inventario!B6)),"F","")))))) -> AR | H7: =IF(ISNUMBER(SEARCH("SILED",Inventario!B6)),"SI", IF(ISNUMBER(SEARCH("SYDEMEX",Inventario!B6)),"SY", IF(ISNUMBER(SEARCH("ROHS",Inventario!B6)),"RO", IF(ISNUMBER(SEARCH("RISHANG",Inventario!B6)),"RS", IF(ISNUMBER(SEARCH("VYG",Inventario!B6)),"VYG", IF(ISNUMBER(SEARCH("COLED",Inventario!B6)),"CO",""))))))
A8: =IF(ISNUMBER(SEARCH("LONA",Inventario!B7)),"LON", IF(ISNUMBER(SEARCH("VINIL",Inventario!B7)),"VIN", IF(ISNUMBER(SEARCH("PANEL DE ALUMINIO COMPUESTO",Inventario!B7)),"PAN-ALU-COM", IF(ISNUMBER(SEARCH("PVC",Inventario!B7)),"PVC", IF(ISNUMBER(SEARCH("PAPEL",Inventario!B7)),"PAP", IF(ISNUMBER(SEARCH("TELA",Inventario!B7)),"TEL", IF(ISNUMBER(SEARCH("CARTULINA",Inventario!B7)),"CAR", IF(OR(ISNUMBER(SEARCH("LAMINA",Inventario!B7)),ISNUMBER(SEARCH("LÁMINA",Inventario!B7))),"LAM", IF(ISNUMBER(SEARCH("ESTIRENO",Inventario!B7)),"EST", IF(ISNUMBER(SEARCH("FOAMBOARD",Inventario!B7)),"FOA", IF(ISNUMBER(SEARCH("SOLVENTE",Inventario!B7)),"SOL", IF(ISNUMBER(SEARCH("TINTA",Inventario!B7)),"TIN", IF(ISNUMBER(SEARCH("ACRILICO",Inventario!B7)),"ACR", IF(ISNUMBER(SEARCH("LED",Inventario!B7)),"LED", IF(ISNUMBER(SEARCH("FUENTE",Inventario!B7)),"FUE", IF(ISNUMBER(SEARCH("PETG",Inventario!B7)),"PET", IF(ISNUMBER(SEARCH("ALUMINIO",Inventario!B7)),"ALU", IF(ISNUMBER(SEARCH("CANAL",Inventario!B7)),"CAN", IF(ISNUMBER(SEARCH("ESCUADRA",Inventario!B7)),"ESC", IF(ISNUMBER(SEARCH("SOPORTE",Inventario!B7)),"SOP","OTR") ))))))))))))))))))) -> LON | B8: =IF(ISNUMBER(SEARCH("CORTE",Inventario!B7)),"COR", IF(ISNUMBER(SEARCH("CRISTAL",Inventario!B7)),"CR", IF(OR(ISNUMBER(SEARCH("OPTICO",Inventario!B7)),ISNUMBER(SEARCH("OPTICOS",Inventario!B7)),ISNUMBER(SEARCH("OPTICA",Inventario!B7))),"OP", IF(ISNUMBER(SEARCH("NANO",Inventario!B7)),"NA", IF(ISNUMBER(SEARCH("5050",Inventario!B7)),"5050", IF(ISNUMBER(SEARCH("MICRO",Inventario!B7)),"MI","")))))) | C8: =IF(ISNUMBER(SEARCH("PARED",Inventario!B7)),"PAR",IF(ISNUMBER(SEARCH("MATE",Inventario!B7)),"MAT", IF(ISNUMBER(SEARCH("FRONT",Inventario!B7)),"FRO", IF(ISNUMBER(SEARCH("BACK",Inventario!B7)),"BAC", IF(ISNUMBER(SEARCH("MESH",Inventario!B7)),"MES", IF(OR(ISNUMBER(SEARCH("BRILLANTE",Inventario!B7)),ISNUMBER(SEARCH("BTE",Inventario!B7))),"BRI", IF(ISNUMBER(SEARCH("SINTETICA DELGADA",Inventario!B7)),"SD", IF(ISNUMBER(SEARCH("SINTETICA GRUESA",Inventario!B7)),"SG", IF(ISNUMBER(SEARCH("ESTATICO",Inventario!B7)),"EST", IF(ISNUMBER(SEARCH("FLOOR",Inventario!B7)),"FLO", IF(ISNUMBER(SEARCH("REFLECTIVO",Inventario!B7)),"REF", IF(ISNUMBER(SEARCH("MICROPERFORADO",Inventario!B7)),"MI", IF(ISNUMBER(SEARCH("CEPILLADO",Inventario!B7)),"CEP", IF(ISNUMBER(SEARCH("ESPEJO",Inventario!B7)),"ESP", IF(OR(ISNUMBER(SEARCH("UNIDIODO",Inventario!B7)),ISNUMBER(SEARCH("1 DIODO",Inventario!B7))),"1D", IF(ISNUMBER(SEARCH("2 DIODOS",Inventario!B7)),"2D", IF(ISNUMBER(SEARCH("3 DIODOS",Inventario!B7)),"3D",""))))))))))))))))) -> FRO | D8: =IF(ISNUMBER(SEARCH("LX700",Inventario!B7)),"LX7", IF(ISNUMBER(SEARCH("GRANDO",Inventario!B7)),"GRA", IF(OR(ISNUMBER(SEARCH("CAMA PLANA",Inventario!B7)),ISNUMBER(SEARCH("FB700",Inventario!B7))),"CP", IF(ISNUMBER(SEARCH("LX360",Inventario!B7)),"LX3", IF(ISNUMBER(SEARCH("XEROX",Inventario!B7)),"XER", IF(ISNUMBER(SEARCH("18 OZ",Inventario!B7)),"18OZ", IF(ISNUMBER(SEARCH("15 OZ",Inventario!B7)),"15OZ", IF(OR(ISNUMBER(SEARCH("13 OZ",Inventario!B7)),ISNUMBER(SEARCH("13 ONZAS",Inventario!B7))),"13OZ", IF(OR(ISNUMBER(SEARCH("9 OZ",Inventario!B7)),ISNUMBER(SEARCH("9 ONZAS",Inventario!B7))),"09OZ",""))))))))) -> 09OZ | E8: =IF(OR(ISNUMBER(SEARCH("TRANSPARENTE",Inventario!B7)),ISNUMBER(SEARCH("TRANSPARENTES",Inventario!B7))),"TR", IF(OR(ISNUMBER(SEARCH("BLANCO",Inventario!B7)),ISNUMBER(SEARCH("BCO",Inventario!B7))),"BL", IF(ISNUMBER(SEARCH("VERDE",Inventario!B7)),"VR", IF(ISNUMBER(SEARCH("MORADO",Inventario!B7)),"MR", IF(ISNUMBER(SEARCH("PLATA",Inventario!B7)),"PL", IF(ISNUMBER(SEARCH("ORO",Inventario!B7)),"OR", IF(ISNUMBER(SEARCH("AMARILLO",Inventario!B7)),"AM", IF(ISNUMBER(SEARCH("NARANJA",Inventario!B7)),"NR", IF(ISNUMBER(SEARCH("NEGRO",Inventario!B7)),"NG", IF(ISNUMBER(SEARCH("ROJO",Inventario!B7)),"RJ", IF(ISNUMBER(SEARCH("AZUL",Inventario!B7)),"AZ",""))))))))))) | F8: =IF(ISNUMBER(SEARCH("1,2 MM",Inventario!B7)),"1MM2", IF(OR(ISNUMBER(SEARCH("2 MM",Inventario!B7)),ISNUMBER(SEARCH("2MM",Inventario!B7))),"2MM", IF(OR(ISNUMBER(SEARCH("3 MM",Inventario!B7)),ISNUMBER(SEARCH("3MM",Inventario!B7))),"3MM", IF(OR(ISNUMBER(SEARCH("4 MM",Inventario!B7)),ISNUMBER(SEARCH("4MM",Inventario!B7)),ISNUMBER(SEARCH("4 mm",Inventario!B7))),"4MM", IF(OR(ISNUMBER(SEARCH("5 MM",Inventario!B7)),ISNUMBER(SEARCH("5MM",Inventario!B7))),"5MM", IF(OR(ISNUMBER(SEARCH("6 MM",Inventario!B7)),ISNUMBER(SEARCH("6MM",Inventario!B7))),"6MM", IF(OR(ISNUMBER(SEARCH("10 MM",Inventario!B7)),ISNUMBER(SEARCH("10MM",Inventario!B7))),"10MM",""))))))) | G8: =IF(ISNUMBER(SEARCH("ALTA RESISTENCIA",Inventario!B7)),"AR",IF(ISNUMBER(SEARCH("CAMPAÑA",Inventario!B7)),"CA", IF(OR(ISNUMBER(SEARCH("CALIDO",Inventario!B7)),ISNUMBER(SEARCH("CÁLIDO",Inventario!B7))),"C", IF(OR(ISNUMBER(SEARCH("TRASLUCIDO",Inventario!B7)),ISNUMBER(SEARCH("TRANSLUCIDO",Inventario!B7))),"TL", IF(ISNUMBER(SEARCH("NEUTRO",Inventario!B7)),"N", IF(ISNUMBER(SEARCH("FRIO",Inventario!B7)),"F","")))))) -> CA | H8: =IF(ISNUMBER(SEARCH("SILED",Inventario!B7)),"SI", IF(ISNUMBER(SEARCH("SYDEMEX",Inventario!B7)),"SY", IF(ISNUMBER(SEARCH("ROHS",Inventario!B7)),"RO", IF(ISNUMBER(SEARCH("RISHANG",Inventario!B7)),"RS", IF(ISNUMBER(SEARCH("VYG",Inventario!B7)),"VYG", IF(ISNUMBER(SEARCH("COLED",Inventario!B7)),"CO",""))))))
A9: =IF(ISNUMBER(SEARCH("LONA",Inventario!B8)),"LON", IF(ISNUMBER(SEARCH("VINIL",Inventario!B8)),"VIN", IF(ISNUMBER(SEARCH("PANEL DE ALUMINIO COMPUESTO",Inventario!B8)),"PAN-ALU-COM", IF(ISNUMBER(SEARCH("PVC",Inventario!B8)),"PVC", IF(ISNUMBER(SEARCH("PAPEL",Inventario!B8)),"PAP", IF(ISNUMBER(SEARCH("TELA",Inventario!B8)),"TEL", IF(ISNUMBER(SEARCH("CARTULINA",Inventario!B8)),"CAR", IF(OR(ISNUMBER(SEARCH("LAMINA",Inventario!B8)),ISNUMBER(SEARCH("LÁMINA",Inventario!B8))),"LAM", IF(ISNUMBER(SEARCH("ESTIRENO",Inventario!B8)),"EST", IF(ISNUMBER(SEARCH("FOAMBOARD",Inventario!B8)),"FOA", IF(ISNUMBER(SEARCH("SOLVENTE",Inventario!B8)),"SOL", IF(ISNUMBER(SEARCH("TINTA",Inventario!B8)),"TIN", IF(ISNUMBER(SEARCH("ACRILICO",Inventario!B8)),"ACR", IF(ISNUMBER(SEARCH("LED",Inventario!B8)),"LED", IF(ISNUMBER(SEARCH("FUENTE",Inventario!B8)),"FUE", IF(ISNUMBER(SEARCH("PETG",Inventario!B8)),"PET", IF(ISNUMBER(SEARCH("ALUMINIO",Inventario!B8)),"ALU", IF(ISNUMBER(SEARCH("CANAL",Inventario!B8)),"CAN", IF(ISNUMBER(SEARCH("ESCUADRA",Inventario!B8)),"ESC", IF(ISNUMBER(SEARCH("SOPORTE",Inventario!B8)),"SOP","OTR") ))))))))))))))))))) -> LON | B9: =IF(ISNUMBER(SEARCH("CORTE",Inventario!B8)),"COR", IF(ISNUMBER(SEARCH("CRISTAL",Inventario!B8)),"CR", IF(OR(ISNUMBER(SEARCH("OPTICO",Inventario!B8)),ISNUMBER(SEARCH("OPTICOS",Inventario!B8)),ISNUMBER(SEARCH("OPTICA",Inventario!B8))),"OP", IF(ISNUMBER(SEARCH("NANO",Inventario!B8)),"NA", IF(ISNUMBER(SEARCH("5050",Inventario!B8)),"5050", IF(ISNUMBER(SEARCH("MICRO",Inventario!B8)),"MI","")))))) | C9: =IF(ISNUMBER(SEARCH("PARED",Inventario!B8)),"PAR",IF(ISNUMBER(SEARCH("MATE",Inventario!B8)),"MAT", IF(ISNUMBER(SEARCH("FRONT",Inventario!B8)),"FRO", IF(ISNUMBER(SEARCH("BACK",Inventario!B8)),"BAC", IF(ISNUMBER(SEARCH("MESH",Inventario!B8)),"MES", IF(OR(ISNUMBER(SEARCH("BRILLANTE",Inventario!B8)),ISNUMBER(SEARCH("BTE",Inventario!B8))),"BRI", IF(ISNUMBER(SEARCH("SINTETICA DELGADA",Inventario!B8)),"SD", IF(ISNUMBER(SEARCH("SINTETICA GRUESA",Inventario!B8)),"SG", IF(ISNUMBER(SEARCH("ESTATICO",Inventario!B8)),"EST", IF(ISNUMBER(SEARCH("FLOOR",Inventario!B8)),"FLO", IF(ISNUMBER(SEARCH("REFLECTIVO",Inventario!B8)),"REF", IF(ISNUMBER(SEARCH("MICROPERFORADO",Inventario!B8)),"MI", IF(ISNUMBER(SEARCH("CEPILLADO",Inventario!B8)),"CEP", IF(ISNUMBER(SEARCH("ESPEJO",Inventario!B8)),"ESP", IF(OR(ISNUMBER(SEARCH("UNIDIODO",Inventario!B8)),ISNUMBER(SEARCH("1 DIODO",Inventario!B8))),"1D", IF(ISNUMBER(SEARCH("2 DIODOS",Inventario!B8)),"2D", IF(ISNUMBER(SEARCH("3 DIODOS",Inventario!B8)),"3D",""))))))))))))))))) -> FRO | D9: =IF(ISNUMBER(SEARCH("LX700",Inventario!B8)),"LX7", IF(ISNUMBER(SEARCH("GRANDO",Inventario!B8)),"GRA", IF(OR(ISNUMBER(SEARCH("CAMA PLANA",Inventario!B8)),ISNUMBER(SEARCH("FB700",Inventario!B8))),"CP", IF(ISNUMBER(SEARCH("LX360",Inventario!B8)),"LX3", IF(ISNUMBER(SEARCH("XEROX",Inventario!B8)),"XER", IF(ISNUMBER(SEARCH("18 OZ",Inventario!B8)),"18OZ", IF(ISNUMBER(SEARCH("15 OZ",Inventario!B8)),"15OZ", IF(OR(ISNUMBER(SEARCH("13 OZ",Inventario!B8)),ISNUMBER(SEARCH("13 ONZAS",Inventario!B8))),"13OZ", IF(OR(ISNUMBER(SEARCH("9 OZ",Inventario!B8)),ISNUMBER(SEARCH("9 ONZAS",Inventario!B8))),"09OZ",""))))))))) -> 09OZ | E9: =IF(OR(ISNUMBER(SEARCH("TRANSPARENTE",Inventario!B8)),ISNUMBER(SEARCH("TRANSPARENTES",Inventario!B8))),"TR", IF(OR(ISNUMBER(SEARCH("BLANCO",Inventario!B8)),ISNUMBER(SEARCH("BCO",Inventario!B8))),"BL", IF(ISNUMBER(SEARCH("VERDE",Inventario!B8)),"VR", IF(ISNUMBER(SEARCH("MORADO",Inventario!B8)),"MR", IF(ISNUMBER(SEARCH("PLATA",Inventario!B8)),"PL", IF(ISNUMBER(SEARCH("ORO",Inventario!B8)),"OR", IF(ISNUMBER(SEARCH("AMARILLO",Inventario!B8)),"AM", IF(ISNUMBER(SEARCH("NARANJA",Inventario!B8)),"NR", IF(ISNUMBER(SEARCH("NEGRO",Inventario!B8)),"NG", IF(ISNUMBER(SEARCH("ROJO",Inventario!B8)),"RJ", IF(ISNUMBER(SEARCH("AZUL",Inventario!B8)),"AZ",""))))))))))) | F9: =IF(ISNUMBER(SEARCH("1,2 MM",Inventario!B8)),"1MM2", IF(OR(ISNUMBER(SEARCH("2 MM",Inventario!B8)),ISNUMBER(SEARCH("2MM",Inventario!B8))),"2MM", IF(OR(ISNUMBER(SEARCH("3 MM",Inventario!B8)),ISNUMBER(SEARCH("3MM",Inventario!B8))),"3MM", IF(OR(ISNUMBER(SEARCH("4 MM",Inventario!B8)),ISNUMBER(SEARCH("4MM",Inventario!B8)),ISNUMBER(SEARCH("4 mm",Inventario!B8))),"4MM", IF(OR(ISNUMBER(SEARCH("5 MM",Inventario!B8)),ISNUMBER(SEARCH("5MM",Inventario!B8))),"5MM", IF(OR(ISNUMBER(SEARCH("6 MM",Inventario!B8)),ISNUMBER(SEARCH("6MM",Inventario!B8))),"6MM", IF(OR(ISNUMBER(SEARCH("10 MM",Inventario!B8)),ISNUMBER(SEARCH("10MM",Inventario!B8))),"10MM",""))))))) | G9: =IF(ISNUMBER(SEARCH("ALTA RESISTENCIA",Inventario!B8)),"AR",IF(ISNUMBER(SEARCH("CAMPAÑA",Inventario!B8)),"CA", IF(OR(ISNUMBER(SEARCH("CALIDO",Inventario!B8)),ISNUMBER(SEARCH("CÁLIDO",Inventario!B8))),"C", IF(OR(ISNUMBER(SEARCH("TRASLUCIDO",Inventario!B8)),ISNUMBER(SEARCH("TRANSLUCIDO",Inventario!B8))),"TL", IF(ISNUMBER(SEARCH("NEUTRO",Inventario!B8)),"N", IF(ISNUMBER(SEARCH("FRIO",Inventario!B8)),"F","")))))) -> CA | H9: =IF(ISNUMBER(SEARCH("SILED",Inventario!B8)),"SI", IF(ISNUMBER(SEARCH("SYDEMEX",Inventario!B8)),"SY", IF(ISNUMBER(SEARCH("ROHS",Inventario!B8)),"RO", IF(ISNUMBER(SEARCH("RISHANG",Inventario!B8)),"RS", IF(ISNUMBER(SEARCH("VYG",Inventario!B8)),"VYG", IF(ISNUMBER(SEARCH("COLED",Inventario!B8)),"CO",""))))))
A10: =IF(ISNUMBER(SEARCH("LONA",Inventario!B9)),"LON", IF(ISNUMBER(SEARCH("VINIL",Inventario!B9)),"VIN", IF(ISNUMBER(SEARCH("PANEL DE ALUMINIO COMPUESTO",Inventario!B9)),"PAN-ALU-COM", IF(ISNUMBER(SEARCH("PVC",Inventario!B9)),"PVC", IF(ISNUMBER(SEARCH("PAPEL",Inventario!B9)),"PAP", IF(ISNUMBER(SEARCH("TELA",Inventario!B9)),"TEL", IF(ISNUMBER(SEARCH("CARTULINA",Inventario!B9)),"CAR", IF(OR(ISNUMBER(SEARCH("LAMINA",Inventario!B9)),ISNUMBER(SEARCH("LÁMINA",Inventario!B9))),"LAM", IF(ISNUMBER(SEARCH("ESTIRENO",Inventario!B9)),"EST", IF(ISNUMBER(SEARCH("FOAMBOARD",Inventario!B9)),"FOA", IF(ISNUMBER(SEARCH("SOLVENTE",Inventario!B9)),"SOL", IF(ISNUMBER(SEARCH("TINTA",Inventario!B9)),"TIN", IF(ISNUMBER(SEARCH("ACRILICO",Inventario!B9)),"ACR", IF(ISNUMBER(SEARCH("LED",Inventario!B9)),"LED", IF(ISNUMBER(SEARCH("FUENTE",Inventario!B9)),"FUE", IF(ISNUMBER(SEARCH("PETG",Inventario!B9)),"PET", IF(ISNUMBER(SEARCH("ALUMINIO",Inventario!B9)),"ALU", IF(ISNUMBER(SEARCH("CANAL",Inventario!B9)),"CAN", IF(ISNUMBER(SEARCH("ESCUADRA",Inventario!B9)),"ESC", IF(ISNUMBER(SEARCH("SOPORTE",Inventario!B9)),"SOP","OTR") ))))))))))))))))))) -> LON | B10: =IF(ISNUMBER(SEARCH("CORTE",Inventario!B9)),"COR", IF(ISNUMBER(SEARCH("CRISTAL",Inventario!B9)),"CR", IF(OR(ISNUMBER(SEARCH("OPTICO",Inventario!B9)),ISNUMBER(SEARCH("OPTICOS",Inventario!B9)),ISNUMBER(SEARCH("OPTICA",Inventario!B9))),"OP", IF(ISNUMBER(SEARCH("NANO",Inventario!B9)),"NA", IF(ISNUMBER(SEARCH("5050",Inventario!B9)),"5050", IF(ISNUMBER(SEARCH("MICRO",Inventario!B9)),"MI","")))))) | C10: =IF(ISNUMBER(SEARCH("PARED",Inventario!B9)),"PAR",IF(ISNUMBER(SEARCH("MATE",Inventario!B9)),"MAT", IF(ISNUMBER(SEARCH("FRONT",Inventario!B9)),"FRO", IF(ISNUMBER(SEARCH("BACK",Inventario!B9)),"BAC", IF(ISNUMBER(SEARCH("MESH",Inventario!B9)),"MES", IF(OR(ISNUMBER(SEARCH("BRILLANTE",Inventario!B9)),ISNUMBER(SEARCH("BTE",Inventario!B9))),"BRI", IF(ISNUMBER(SEARCH("SINTETICA DELGADA",Inventario!B9)),"SD", IF(ISNUMBER(SEARCH("SINTETICA GRUESA",Inventario!B9)),"SG", IF(ISNUMBER(SEARCH("ESTATICO",Inventario!B9)),"EST", IF(ISNUMBER(SEARCH("FLOOR",Inventario!B9)),"FLO", IF(ISNUMBER(SEARCH("REFLECTIVO",Inventario!B9)),"REF", IF(ISNUMBER(SEARCH("MICROPERFORADO",Inventario!B9)),"MI", IF(ISNUMBER(SEARCH("CEPILLADO",Inventario!B9)),"CEP", IF(ISNUMBER(SEARCH("ESPEJO",Inventario!B9)),"ESP", IF(OR(ISNUMBER(SEARCH("UNIDIODO",Inventario!B9)),ISNUMBER(SEARCH("1 DIODO",Inventario!B9))),"1D", IF(ISNUMBER(SEARCH("2 DIODOS",Inventario!B9)),"2D", IF(ISNUMBER(SEARCH("3 DIODOS",Inventario!B9)),"3D",""))))))))))))))))) -> FRO | D10: =IF(ISNUMBER(SEARCH("LX700",Inventario!B9)),"LX7", IF(ISNUMBER(SEARCH("GRANDO",Inventario!B9)),"GRA", IF(OR(ISNUMBER(SEARCH("CAMA PLANA",Inventario!B9)),ISNUMBER(SEARCH("FB700",Inventario!B9))),"CP", IF(ISNUMBER(SEARCH("LX360",Inventario!B9)),"LX3", IF(ISNUMBER(SEARCH("XEROX",Inventario!B9)),"XER", IF(ISNUMBER(SEARCH("18 OZ",Inventario!B9)),"18OZ", IF(ISNUMBER(SEARCH("15 OZ",Inventario!B9)),"15OZ", IF(OR(ISNUMBER(SEARCH("13 OZ",Inventario!B9)),ISNUMBER(SEARCH("13 ONZAS",Inventario!B9))),"13OZ", IF(OR(ISNUMBER(SEARCH("9 OZ",Inventario!B9)),ISNUMBER(SEARCH("9 ONZAS",Inventario!B9))),"09OZ",""))))))))) -> 13OZ | E10: =IF(OR(ISNUMBER(SEARCH("TRANSPARENTE",Inventario!B9)),ISNUMBER(SEARCH("TRANSPARENTES",Inventario!B9))),"TR", IF(OR(ISNUMBER(SEARCH("BLANCO",Inventario!B9)),ISNUMBER(SEARCH("BCO",Inventario!B9))),"BL", IF(ISNUMBER(SEARCH("VERDE",Inventario!B9)),"VR", IF(ISNUMBER(SEARCH("MORADO",Inventario!B9)),"MR", IF(ISNUMBER(SEARCH("PLATA",Inventario!B9)),"PL", IF(ISNUMBER(SEARCH("ORO",Inventario!B9)),"OR", IF(ISNUMBER(SEARCH("AMARILLO",Inventario!B9)),"AM", IF(ISNUMBER(SEARCH("NARANJA",Inventario!B9)),"NR", IF(ISNUMBER(SEARCH("NEGRO",Inventario!B9)),"NG", IF(ISNUMBER(SEARCH("ROJO",Inventario!B9)),"RJ", IF(ISNUMBER(SEARCH("AZUL",Inventario!B9)),"AZ",""))))))))))) | F10: =IF(ISNUMBER(SEARCH("1,2 MM",Inventario!B9)),"1MM2", IF(OR(ISNUMBER(SEARCH("2 MM",Inventario!B9)),ISNUMBER(SEARCH("2MM",Inventario!B9))),"2MM", IF(OR(ISNUMBER(SEARCH("3 MM",Inventario!B9)),ISNUMBER(SEARCH("3MM",Inventario!B9))),"3MM", IF(OR(ISNUMBER(SEARCH("4 MM",Inventario!B9)),ISNUMBER(SEARCH("4MM",Inventario!B9)),ISNUMBER(SEARCH("4 mm",Inventario!B9))),"4MM", IF(OR(ISNUMBER(SEARCH("5 MM",Inventario!B9)),ISNUMBER(SEARCH("5MM",Inventario!B9))),"5MM", IF(OR(ISNUMBER(SEARCH("6 MM",Inventario!B9)),ISNUMBER(SEARCH("6MM",Inventario!B9))),"6MM", IF(OR(ISNUMBER(SEARCH("10 MM",Inventario!B9)),ISNUMBER(SEARCH("10MM",Inventario!B9))),"10MM",""))))))) | G10: =IF(ISNUMBER(SEARCH("ALTA RESISTENCIA",Inventario!B9)),"AR",IF(ISNUMBER(SEARCH("CAMPAÑA",Inventario!B9)),"CA", IF(OR(ISNUMBER(SEARCH("CALIDO",Inventario!B9)),ISNUMBER(SEARCH("CÁLIDO",Inventario!B9))),"C", IF(OR(ISNUMBER(SEARCH("TRASLUCIDO",Inventario!B9)),ISNUMBER(SEARCH("TRANSLUCIDO",Inventario!B9))),"TL", IF(ISNUMBER(SEARCH("NEUTRO",Inventario!B9)),"N", IF(ISNUMBER(SEARCH("FRIO",Inventario!B9)),"F","")))))) -> AR | H10: =IF(ISNUMBER(SEARCH("SILED",Inventario!B9)),"SI", IF(ISNUMBER(SEARCH("SYDEMEX",Inventario!B9)),"SY", IF(ISNUMBER(SEARCH("ROHS",Inventario!B9)),"RO", IF(ISNUMBER(SEARCH("RISHANG",Inventario!B9)),"RS", IF(ISNUMBER(SEARCH("VYG",Inventario!B9)),"VYG", IF(ISNUMBER(SEARCH("COLED",Inventario!B9)),"CO",""))))))
A11: =IF(ISNUMBER(SEARCH("LONA",Inventario!B10)),"LON", IF(ISNUMBER(SEARCH("VINIL",Inventario!B10)),"VIN", IF(ISNUMBER(SEARCH("PANEL DE ALUMINIO COMPUESTO",Inventario!B10)),"PAN-ALU-COM", IF(ISNUMBER(SEARCH("PVC",Inventario!B10)),"PVC", IF(ISNUMBER(SEARCH("PAPEL",Inventario!B10)),"PAP", IF(ISNUMBER(SEARCH("TELA",Inventario!B10)),"TEL", IF(ISNUMBER(SEARCH("CARTULINA",Inventario!B10)),"CAR", IF(OR(ISNUMBER(SEARCH("LAMINA",Inventario!B10)),ISNUMBER(SEARCH("LÁMINA",Inventario!B10))),"LAM", IF(ISNUMBER(SEARCH("ESTIRENO",Inventario!B10)),"EST", IF(ISNUMBER(SEARCH("FOAMBOARD",Inventario!B10)),"FOA", IF(ISNUMBER(SEARCH("SOLVENTE",Inventario!B10)),"SOL", IF(ISNUMBER(SEARCH("TINTA",Inventario!B10)),"TIN", IF(ISNUMBER(SEARCH("ACRILICO",Inventario!B10)),"ACR", IF(ISNUMBER(SEARCH("LED",Inventario!B10)),"LED", IF(ISNUMBER(SEARCH("FUENTE",Inventario!B10)),"FUE", IF(ISNUMBER(SEARCH("PETG",Inventario!B10)),"PET", IF(ISNUMBER(SEARCH("ALUMINIO",Inventario!B10)),"ALU", IF(ISNUMBER(SEARCH("CANAL",Inventario!B10)),"CAN", IF(ISNUMBER(SEARCH("ESCUADRA",Inventario!B10)),"ESC", IF(ISNUMBER(SEARCH("SOPORTE",Inventario!B10)),"SOP","OTR") ))))))))))))))))))) -> LON | B11: =IF(ISNUMBER(SEARCH("CORTE",Inventario!B10)),"COR", IF(ISNUMBER(SEARCH("CRISTAL",Inventario!B10)),"CR", IF(OR(ISNUMBER(SEARCH("OPTICO",Inventario!B10)),ISNUMBER(SEARCH("OPTICOS",Inventario!B10)),ISNUMBER(SEARCH("OPTICA",Inventario!B10))),"OP", IF(ISNUMBER(SEARCH("NANO",Inventario!B10)),"NA", IF(ISNUMBER(SEARCH("5050",Inventario!B10)),"5050", IF(ISNUMBER(SEARCH("MICRO",Inventario!B10)),"MI","")))))) | C11: =IF(ISNUMBER(SEARCH("PARED",Inventario!B10)),"PAR",IF(ISNUMBER(SEARCH("MATE",Inventario!B10)),"MAT", IF(ISNUMBER(SEARCH("FRONT",Inventario!B10)),"FRO", IF(ISNUMBER(SEARCH("BACK",Inventario!B10)),"BAC", IF(ISNUMBER(SEARCH("MESH",Inventario!B10)),"MES", IF(OR(ISNUMBER(SEARCH("BRILLANTE",Inventario!B10)),ISNUMBER(SEARCH("BTE",Inventario!B10))),"BRI", IF(ISNUMBER(SEARCH("SINTETICA DELGADA",Inventario!B10)),"SD", IF(ISNUMBER(SEARCH("SINTETICA GRUESA",Inventario!B10)),"SG", IF(ISNUMBER(SEARCH("ESTATICO",Inventario!B10)),"EST", IF(ISNUMBER(SEARCH("FLOOR",Inventario!B10)),"FLO", IF(ISNUMBER(SEARCH("REFLECTIVO",Inventario!B10)),"REF", IF(ISNUMBER(SEARCH("MICROPERFORADO",Inventario!B10)),"MI", IF(ISNUMBER(SEARCH("CEPILLADO",Inventario!B10)),"CEP", IF(ISNUMBER(SEARCH("ESPEJO",Inventario!B10)),"ESP", IF(OR(ISNUMBER(SEARCH("UNIDIODO",Inventario!B10)),ISNUMBER(SEARCH("1 DIODO",Inventario!B10))),"1D", IF(ISNUMBER(SEARCH("2 DIODOS",Inventario!B10)),"2D", IF(ISNUMBER(SEARCH("3 DIODOS",Inventario!B10)),"3D",""))))))))))))))))) -> FRO | D11: =IF(ISNUMBER(SEARCH("LX700",Inventario!B10)),"LX7", IF(ISNUMBER(SEARCH("GRANDO",Inventario!B10)),"GRA", IF(OR(ISNUMBER(SEARCH("CAMA PLANA",Inventario!B10)),ISNUMBER(SEARCH("FB700",Inventario!B10))),"CP", IF(ISNUMBER(SEARCH("LX360",Inventario!B10)),"LX3", IF(ISNUMBER(SEARCH("XEROX",Inventario!B10)),"XER", IF(ISNUMBER(SEARCH("18 OZ",Inventario!B10)),"18OZ", IF(ISNUMBER(SEARCH("15 OZ",Inventario!B10)),"15OZ", IF(OR(ISNUMBER(SEARCH("13 OZ",Inventario!B10)),ISNUMBER(SEARCH("13 ONZAS",Inventario!B10))),"13OZ", IF(OR(ISNUMBER(SEARCH("9 OZ",Inventario!B10)),ISNUMBER(SEARCH("9 ONZAS",Inventario!B10))),"09OZ",""))))))))) -> 13OZ | E11: =IF(OR(ISNUMBER(SEARCH("TRANSPARENTE",Inventario!B10)),ISNUMBER(SEARCH("TRANSPARENTES",Inventario!B10))),"TR", IF(OR(ISNUMBER(SEARCH("BLANCO",Inventario!B10)),ISNUMBER(SEARCH("BCO",Inventario!B10))),"BL", IF(ISNUMBER(SEARCH("VERDE",Inventario!B10)),"VR", IF(ISNUMBER(SEARCH("MORADO",Inventario!B10)),"MR", IF(ISNUMBER(SEARCH("PLATA",Inventario!B10)),"PL", IF(ISNUMBER(SEARCH("ORO",Inventario!B10)),"OR", IF(ISNUMBER(SEARCH("AMARILLO",Inventario!B10)),"AM", IF(ISNUMBER(SEARCH("NARANJA",Inventario!B10)),"NR", IF(ISNUMBER(SEARCH("NEGRO",Inventario!B10)),"NG", IF(ISNUMBER(SEARCH("ROJO",Inventario!B10)),"RJ", IF(ISNUMBER(SEARCH("AZUL",Inventario!B10)),"AZ",""))))))))))) | F11: =IF(ISNUMBER(SEARCH("1,2 MM",Inventario!B10)),"1MM2", IF(OR(ISNUMBER(SEARCH("2 MM",Inventario!B10)),ISNUMBER(SEARCH("2MM",Inventario!B10))),"2MM", IF(OR(ISNUMBER(SEARCH("3 MM",Inventario!B10)),ISNUMBER(SEARCH("3MM",Inventario!B10))),"3MM", IF(OR(ISNUMBER(SEARCH("4 MM",Inventario!B10)),ISNUMBER(SEARCH("4MM",Inventario!B10)),ISNUMBER(SEARCH("4 mm",Inventario!B10))),"4MM", IF(OR(ISNUMBER(SEARCH("5 MM",Inventario!B10)),ISNUMBER(SEARCH("5MM",Inventario!B10))),"5MM", IF(OR(ISNUMBER(SEARCH("6 MM",Inventario!B10)),ISNUMBER(SEARCH("6MM",Inventario!B10))),"6MM", IF(OR(ISNUMBER(SEARCH("10 MM",Inventario!B10)),ISNUMBER(SEARCH("10MM",Inventario!B10))),"10MM",""))))))) | G11: =IF(ISNUMBER(SEARCH("ALTA RESISTENCIA",Inventario!B10)),"AR",IF(ISNUMBER(SEARCH("CAMPAÑA",Inventario!B10)),"CA", IF(OR(ISNUMBER(SEARCH("CALIDO",Inventario!B10)),ISNUMBER(SEARCH("CÁLIDO",Inventario!B10))),"C", IF(OR(ISNUMBER(SEARCH("TRASLUCIDO",Inventario!B10)),ISNUMBER(SEARCH("TRANSLUCIDO",Inventario!B10))),"TL", IF(ISNUMBER(SEARCH("NEUTRO",Inventario!B10)),"N", IF(ISNUMBER(SEARCH("FRIO",Inventario!B10)),"F","")))))) -> AR | H11: =IF(ISNUMBER(SEARCH("SILED",Inventario!B10)),"SI", IF(ISNUMBER(SEARCH("SYDEMEX",Inventario!B10)),"SY", IF(ISNUMBER(SEARCH("ROHS",Inventario!B10)),"RO", IF(ISNUMBER(SEARCH("RISHANG",Inventario!B10)),"RS", IF(ISNUMBER(SEARCH("VYG",Inventario!B10)),"VYG", IF(ISNUMBER(SEARCH("COLED",Inventario!B10)),"CO",""))))))
A12: =IF(ISNUMBER(SEARCH("LONA",Inventario!B11)),"LON", IF(ISNUMBER(SEARCH("VINIL",Inventario!B11)),"VIN", IF(ISNUMBER(SEARCH("PANEL DE ALUMINIO COMPUESTO",Inventario!B11)),"PAN-ALU-COM", IF(ISNUMBER(SEARCH("PVC",Inventario!B11)),"PVC", IF(ISNUMBER(SEARCH("PAPEL",Inventario!B11)),"PAP", IF(ISNUMBER(SEARCH("TELA",Inventario!B11)),"TEL", IF(ISNUMBER(SEARCH("CARTULINA",Inventario!B11)),"CAR", IF(OR(ISNUMBER(SEARCH("LAMINA",Inventario!B11)),ISNUMBER(SEARCH("LÁMINA",Inventario!B11))),"LAM", IF(ISNUMBER(SEARCH("ESTIRENO",Inventario!B11)),"EST", IF(ISNUMBER(SEARCH("FOAMBOARD",Inventario!B11)),"FOA", IF(ISNUMBER(SEARCH("SOLVENTE",Inventario!B11)),"SOL", IF(ISNUMBER(SEARCH("TINTA",Inventario!B11)),"TIN", IF(ISNUMBER(SEARCH("ACRILICO",Inventario!B11)),"ACR", IF(ISNUMBER(SEARCH("LED",Inventario!B11)),"LED", IF(ISNUMBER(SEARCH("FUENTE",Inventario!B11)),"FUE", IF(ISNUMBER(SEARCH("PETG",Inventario!B11)),"PET", IF(ISNUMBER(SEARCH("ALUMINIO",Inventario!B11)),"ALU", IF(ISNUMBER(SEARCH("CANAL",Inventario!B11)),"CAN", IF(ISNUMBER(SEARCH("ESCUADRA",Inventario!B11)),"ESC", IF(ISNUMBER(SEARCH("SOPORTE",Inventario!B11)),"SOP","OTR") ))))))))))))))))))) -> LON | B12: =IF(ISNUMBER(SEARCH("CORTE",Inventario!B11)),"COR", IF(ISNUMBER(SEARCH("CRISTAL",Inventario!B11)),"CR", IF(OR(ISNUMBER(SEARCH("OPTICO",Inventario!B11)),ISNUMBER(SEARCH("OPTICOS",Inventario!B11)),ISNUMBER(SEARCH("OPTICA",Inventario!B11))),"OP", IF(ISNUMBER(SEARCH("NANO",Inventario!B11)),"NA", IF(ISNUMBER(SEARCH("5050",Inventario!B11)),"5050", IF(ISNUMBER(SEARCH("MICRO",Inventario!B11)),"MI","")))))) | C12: =IF(ISNUMBER(SEARCH("PARED",Inventario!B11)),"PAR",IF(ISNUMBER(SEARCH("MATE",Inventario!B11)),"MAT", IF(ISNUMBER(SEARCH("FRONT",Inventario!B11)),"FRO", IF(ISNUMBER(SEARCH("BACK",Inventario!B11)),"BAC", IF(ISNUMBER(SEARCH("MESH",Inventario!B11)),"MES", IF(OR(ISNUMBER(SEARCH("BRILLANTE",Inventario!B11)),ISNUMBER(SEARCH("BTE",Inventario!B11))),"BRI", IF(ISNUMBER(SEARCH("SINTETICA DELGADA",Inventario!B11)),"SD", IF(ISNUMBER(SEARCH("SINTETICA GRUESA",Inventario!B11)),"SG", IF(ISNUMBER(SEARCH("ESTATICO",Inventario!B11)),"EST", IF(ISNUMBER(SEARCH("FLOOR",Inventario!B11)),"FLO", IF(ISNUMBER(SEARCH("REFLECTIVO",Inventario!B11)),"REF", IF(ISNUMBER(SEARCH("MICROPERFORADO",Inventario!B11)),"MI", IF(ISNUMBER(SEARCH("CEPILLADO",Inventario!B11)),"CEP", IF(ISNUMBER(SEARCH("ESPEJO",Inventario!B11)),"ESP", IF(OR(ISNUMBER(SEARCH("UNIDIODO",Inventario!B11)),ISNUMBER(SEARCH("1 DIODO",Inventario!B11))),"1D", IF(ISNUMBER(SEARCH("2 DIODOS",Inventario!B11)),"2D", IF(ISNUMBER(SEARCH("3 DIODOS",Inventario!B11)),"3D",""))))))))))))))))) -> FRO | D12: =IF(ISNUMBER(SEARCH("LX700",Inventario!B11)),"LX7", IF(ISNUMBER(SEARCH("GRANDO",Inventario!B11)),"GRA", IF(OR(ISNUMBER(SEARCH("CAMA PLANA",Inventario!B11)),ISNUMBER(SEARCH("FB700",Inventario!B11))),"CP", IF(ISNUMBER(SEARCH("LX360",Inventario!B11)),"LX3", IF(ISNUMBER(SEARCH("XEROX",Inventario!B11)),"XER", IF(ISNUMBER(SEARCH("18 OZ",Inventario!B11)),"18OZ", IF(ISNUMBER(SEARCH("15 OZ",Inventario!B11)),"15OZ", IF(OR(ISNUMBER(SEARCH("13 OZ",Inventario!B11)),ISNUMBER(SEARCH("13 ONZAS",Inventario!B11))),"13OZ", IF(OR(ISNUMBER(SEARCH("9 OZ",Inventario!B11)),ISNUMBER(SEARCH("9 ONZAS",Inventario!B11))),"09OZ",""))))))))) -> 13OZ | E12: =IF(OR(ISNUMBER(SEARCH("TRANSPARENTE",Inventario!B11)),ISNUMBER(SEARCH("TRANSPARENTES",Inventario!B11))),"TR", IF(OR(ISNUMBER(SEARCH("BLANCO",Inventario!B11)),ISNUMBER(SEARCH("BCO",Inventario!B11))),"BL", IF(ISNUMBER(SEARCH("VERDE",Inventario!B11)),"VR", IF(ISNUMBER(SEARCH("MORADO",Inventario!B11)),"MR", IF(ISNUMBER(SEARCH("PLATA",Inventario!B11)),"PL", IF(ISNUMBER(SEARCH("ORO",Inventario!B11)),"OR", IF(ISNUMBER(SEARCH("AMARILLO",Inventario!B11)),"AM", IF(ISNUMBER(SEARCH("NARANJA",Inventario!B11)),"NR", IF(ISNUMBER(SEARCH("NEGRO",Inventario!B11)),"NG", IF(ISNUMBER(SEARCH("ROJO",Inventario!B11)),"RJ", IF(ISNUMBER(SEARCH("AZUL",Inventario!B11)),"AZ",""))))))))))) | F12: =IF(ISNUMBER(SEARCH("1,2 MM",Inventario!B11)),"1MM2", IF(OR(ISNUMBER(SEARCH("2 MM",Inventario!B11)),ISNUMBER(SEARCH("2MM",Inventario!B11))),"2MM", IF(OR(ISNUMBER(SEARCH("3 MM",Inventario!B11)),ISNUMBER(SEARCH("3MM",Inventario!B11))),"3MM", IF(OR(ISNUMBER(SEARCH("4 MM",Inventario!B11)),ISNUMBER(SEARCH("4MM",Inventario!B11)),ISNUMBER(SEARCH("4 mm",Inventario!B11))),"4MM", IF(OR(ISNUMBER(SEARCH("5 MM",Inventario!B11)),ISNUMBER(SEARCH("5MM",Inventario!B11))),"5MM", IF(OR(ISNUMBER(SEARCH("6 MM",Inventario!B11)),ISNUMBER(SEARCH("6MM",Inventario!B11))),"6MM", IF(OR(ISNUMBER(SEARCH("10 MM",Inventario!B11)),ISNUMBER(SEARCH("10MM",Inventario!B11))),"10MM",""))))))) | G12: =IF(ISNUMBER(SEARCH("ALTA RESISTENCIA",Inventario!B11)),"AR",IF(ISNUMBER(SEARCH("CAMPAÑA",Inventario!B11)),"CA", IF(OR(ISNUMBER(SEARCH("CALIDO",Inventario!B11)),ISNUMBER(SEARCH("CÁLIDO",Inventario!B11))),"C", IF(OR(ISNUMBER(SEARCH("TRASLUCIDO",Inventario!B11)),ISNUMBER(SEARCH("TRANSLUCIDO",Inventario!B11))),"TL", IF(ISNUMBER(SEARCH("NEUTRO",Inventario!B11)),"N", IF(ISNUMBER(SEARCH("FRIO",Inventario!B11)),"F","")))))) -> AR | H12: =IF(ISNUMBER(SEARCH("SILED",Inventario!B11)),"SI", IF(ISNUMBER(SEARCH("SYDEMEX",Inventario!B11)),"SY", IF(ISNUMBER(SEARCH("ROHS",Inventario!B11)),"RO", IF(ISNUMBER(SEARCH("RISHANG",Inventario!B11)),"RS", IF(ISNUMBER(SEARCH("VYG",Inventario!B11)),"VYG", IF(ISNUMBER(SEARCH("COLED",Inventario!B11)),"CO",""))))))
A13: =IF(ISNUMBER(SEARCH("LONA",Inventario!B12)),"LON", IF(ISNUMBER(SEARCH("VINIL",Inventario!B12)),"VIN", IF(ISNUMBER(SEARCH("PANEL DE ALUMINIO COMPUESTO",Inventario!B12)),"PAN-ALU-COM", IF(ISNUMBER(SEARCH("PVC",Inventario!B12)),"PVC", IF(ISNUMBER(SEARCH("PAPEL",Inventario!B12)),"PAP", IF(ISNUMBER(SEARCH("TELA",Inventario!B12)),"TEL", IF(ISNUMBER(SEARCH("CARTULINA",Inventario!B12)),"CAR", IF(OR(ISNUMBER(SEARCH("LAMINA",Inventario!B12)),ISNUMBER(SEARCH("LÁMINA",Inventario!B12))),"LAM", IF(ISNUMBER(SEARCH("ESTIRENO",Inventario!B12)),"EST", IF(ISNUMBER(SEARCH("FOAMBOARD",Inventario!B12)),"FOA", IF(ISNUMBER(SEARCH("SOLVENTE",Inventario!B12)),"SOL", IF(ISNUMBER(SEARCH("TINTA",Inventario!B12)),"TIN", IF(ISNUMBER(SEARCH("ACRILICO",Inventario!B12)),"ACR", IF(ISNUMBER(SEARCH("LED",Inventario!B12)),"LED", IF(ISNUMBER(SEARCH("FUENTE",Inventario!B12)),"FUE", IF(ISNUMBER(SEARCH("PETG",Inventario!B12)),"PET", IF(ISNUMBER(SEARCH("ALUMINIO",Inventario!B12)),"ALU", IF(ISNUMBER(SEARCH("CANAL",Inventario!B12)),"CAN", IF(ISNUMBER(SEARCH("ESCUADRA",Inventario!B12)),"ESC", IF(ISNUMBER(SEARCH("SOPORTE",Inventario!B12)),"SOP","OTR") ))))))))))))))))))) -> LON | B13: =IF(ISNUMBER(SEARCH("CORTE",Inventario!B12)),"COR", IF(ISNUMBER(SEARCH("CRISTAL",Inventario!B12)),"CR", IF(OR(ISNUMBER(SEARCH("OPTICO",Inventario!B12)),ISNUMBER(SEARCH("OPTICOS",Inventario!B12)),ISNUMBER(SEARCH("OPTICA",Inventario!B12))),"OP", IF(ISNUMBER(SEARCH("NANO",Inventario!B12)),"NA", IF(ISNUMBER(SEARCH("5050",Inventario!B12)),"5050", IF(ISNUMBER(SEARCH("MICRO",Inventario!B12)),"MI","")))))) | C13: =IF(ISNUMBER(SEARCH("PARED",Inventario!B12)),"PAR",IF(ISNUMBER(SEARCH("MATE",Inventario!B12)),"MAT", IF(ISNUMBER(SEARCH("FRONT",Inventario!B12)),"FRO", IF(ISNUMBER(SEARCH("BACK",Inventario!B12)),"BAC", IF(ISNUMBER(SEARCH("MESH",Inventario!B12)),"MES", IF(OR(ISNUMBER(SEARCH("BRILLANTE",Inventario!B12)),ISNUMBER(SEARCH("BTE",Inventario!B12))),"BRI", IF(ISNUMBER(SEARCH("SINTETICA DELGADA",Inventario!B12)),"SD", IF(ISNUMBER(SEARCH("SINTETICA GRUESA",Inventario!B12)),"SG", IF(ISNUMBER(SEARCH("ESTATICO",Inventario!B12)),"EST", IF(ISNUMBER(SEARCH("FLOOR",Inventario!B12)),"FLO", IF(ISNUMBER(SEARCH("REFLECTIVO",Inventario!B12)),"REF", IF(ISNUMBER(SEARCH("MICROPERFORADO",Inventario!B12)),"MI", IF(ISNUMBER(SEARCH("CEPILLADO",Inventario!B12)),"CEP", IF(ISNUMBER(SEARCH("ESPEJO",Inventario!B12)),"ESP", IF(OR(ISNUMBER(SEARCH("UNIDIODO",Inventario!B12)),ISNUMBER(SEARCH("1 DIODO",Inventario!B12))),"1D", IF(ISNUMBER(SEARCH("2 DIODOS",Inventario!B12)),"2D", IF(ISNUMBER(SEARCH("3 DIODOS",Inventario!B12)),"3D",""))))))))))))))))) -> FRO | D13: =IF(ISNUMBER(SEARCH("LX700",Inventario!B12)),"LX7", IF(ISNUMBER(SEARCH("GRANDO",Inventario!B12)),"GRA", IF(OR(ISNUMBER(SEARCH("CAMA PLANA",Inventario!B12)),ISNUMBER(SEARCH("FB700",Inventario!B12))),"CP", IF(ISNUMBER(SEARCH("LX360",Inventario!B12)),"LX3", IF(ISNUMBER(SEARCH("XEROX",Inventario!B12)),"XER", IF(ISNUMBER(SEARCH("18 OZ",Inventario!B12)),"18OZ", IF(ISNUMBER(SEARCH("15 OZ",Inventario!B12)),"15OZ", IF(OR(ISNUMBER(SEARCH("13 OZ",Inventario!B12)),ISNUMBER(SEARCH("13 ONZAS",Inventario!B12))),"13OZ", IF(OR(ISNUMBER(SEARCH("9 OZ",Inventario!B12)),ISNUMBER(SEARCH("9 ONZAS",Inventario!B12))),"09OZ",""))))))))) -> 13OZ | E13: =IF(OR(ISNUMBER(SEARCH("TRANSPARENTE",Inventario!B12)),ISNUMBER(SEARCH("TRANSPARENTES",Inventario!B12))),"TR", IF(OR(ISNUMBER(SEARCH("BLANCO",Inventario!B12)),ISNUMBER(SEARCH("BCO",Inventario!B12))),"BL", IF(ISNUMBER(SEARCH("VERDE",Inventario!B12)),"VR", IF(ISNUMBER(SEARCH("MORADO",Inventario!B12)),"MR", IF(ISNUMBER(SEARCH("PLATA",Inventario!B12)),"PL", IF(ISNUMBER(SEARCH("ORO",Inventario!B12)),"OR", IF(ISNUMBER(SEARCH("AMARILLO",Inventario!B12)),"AM", IF(ISNUMBER(SEARCH("NARANJA",Inventario!B12)),"NR", IF(ISNUMBER(SEARCH("NEGRO",Inventario!B12)),"NG", IF(ISNUMBER(SEARCH("ROJO",Inventario!B12)),"RJ", IF(ISNUMBER(SEARCH("AZUL",Inventario!B12)),"AZ",""))))))))))) | F13: =IF(ISNUMBER(SEARCH("1,2 MM",Inventario!B12)),"1MM2", IF(OR(ISNUMBER(SEARCH("2 MM",Inventario!B12)),ISNUMBER(SEARCH("2MM",Inventario!B12))),"2MM", IF(OR(ISNUMBER(SEARCH("3 MM",Inventario!B12)),ISNUMBER(SEARCH("3MM",Inventario!B12))),"3MM", IF(OR(ISNUMBER(SEARCH("4 MM",Inventario!B12)),ISNUMBER(SEARCH("4MM",Inventario!B12)),ISNUMBER(SEARCH("4 mm",Inventario!B12))),"4MM", IF(OR(ISNUMBER(SEARCH("5 MM",Inventario!B12)),ISNUMBER(SEARCH("5MM",Inventario!B12))),"5MM", IF(OR(ISNUMBER(SEARCH("6 MM",Inventario!B12)),ISNUMBER(SEARCH("6MM",Inventario!B12))),"6MM", IF(OR(ISNUMBER(SEARCH("10 MM",Inventario!B12)),ISNUMBER(SEARCH("10MM",Inventario!B12))),"10MM",""))))))) | G13: =IF(ISNUMBER(SEARCH("ALTA RESISTENCIA",Inventario!B12)),"AR",IF(ISNUMBER(SEARCH("CAMPAÑA",Inventario!B12)),"CA", IF(OR(ISNUMBER(SEARCH("CALIDO",Inventario!B12)),ISNUMBER(SEARCH("CÁLIDO",Inventario!B12))),"C", IF(OR(ISNUMBER(SEARCH("TRASLUCIDO",Inventario!B12)),ISNUMBER(SEARCH("TRANSLUCIDO",Inventario!B12))),"TL", IF(ISNUMBER(SEARCH("NEUTRO",Inventario!B12)),"N", IF(ISNUMBER(SEARCH("FRIO",Inventario!B12)),"F","")))))) -> AR | H13: =IF(ISNUMBER(SEARCH("SILED",Inventario!B12)),"SI", IF(ISNUMBER(SEARCH("SYDEMEX",Inventario!B12)),"SY", IF(ISNUMBER(SEARCH("ROHS",Inventario!B12)),"RO", IF(ISNUMBER(SEARCH("RISHANG",Inventario!B12)),"RS", IF(ISNUMBER(SEARCH("VYG",Inventario!B12)),"VYG", IF(ISNUMBER(SEARCH("COLED",Inventario!B12)),"CO",""))))))
A14: =IF(ISNUMBER(SEARCH("LONA",Inventario!B13)),"LON", IF(ISNUMBER(SEARCH("VINIL",Inventario!B13)),"VIN", IF(ISNUMBER(SEARCH("PANEL DE ALUMINIO COMPUESTO",Inventario!B13)),"PAN-ALU-COM", IF(ISNUMBER(SEARCH("PVC",Inventario!B13)),"PVC", IF(ISNUMBER(SEARCH("PAPEL",Inventario!B13)),"PAP", IF(ISNUMBER(SEARCH("TELA",Inventario!B13)),"TEL", IF(ISNUMBER(SEARCH("CARTULINA",Inventario!B13)),"CAR", IF(OR(ISNUMBER(SEARCH("LAMINA",Inventario!B13)),ISNUMBER(SEARCH("LÁMINA",Inventario!B13))),"LAM", IF(ISNUMBER(SEARCH("ESTIRENO",Inventario!B13)),"EST", IF(ISNUMBER(SEARCH("FOAMBOARD",Inventario!B13)),"FOA", IF(ISNUMBER(SEARCH("SOLVENTE",Inventario!B13)),"SOL", IF(ISNUMBER(SEARCH("TINTA",Inventario!B13)),"TIN", IF(ISNUMBER(SEARCH("ACRILICO",Inventario!B13)),"ACR", IF(ISNUMBER(SEARCH("LED",Inventario!B13)),"LED", IF(ISNUMBER(SEARCH("FUENTE",Inventario!B13)),"FUE", IF(ISNUMBER(SEARCH("PETG",Inventario!B13)),"PET", IF(ISNUMBER(SEARCH("ALUMINIO",Inventario!B13)),"ALU", IF(ISNUMBER(SEARCH("CANAL",Inventario!B13)),"CAN", IF(ISNUMBER(SEARCH("ESCUADRA",Inventario!B13)),"ESC", IF(ISNUMBER(SEARCH("SOPORTE",Inventario!B13)),"SOP","OTR") ))))))))))))))))))) -> LON | B14: =IF(ISNUMBER(SEARCH("CORTE",Inventario!B13)),"COR", IF(ISNUMBER(SEARCH("CRISTAL",Inventario!B13)),"CR", IF(OR(ISNUMBER(SEARCH("OPTICO",Inventario!B13)),ISNUMBER(SEARCH("OPTICOS",Inventario!B13)),ISNUMBER(SEARCH("OPTICA",Inventario!B13))),"OP", IF(ISNUMBER(SEARCH("NANO",Inventario!B13)),"NA", IF(ISNUMBER(SEARCH("5050",Inventario!B13)),"5050", IF(ISNUMBER(SEARCH("MICRO",Inventario!B13)),"MI","")))))) | C14: =IF(ISNUMBER(SEARCH("PARED",Inventario!B13)),"PAR",IF(ISNUMBER(SEARCH("MATE",Inventario!B13)),"MAT", IF(ISNUMBER(SEARCH("FRONT",Inventario!B13)),"FRO", IF(ISNUMBER(SEARCH("BACK",Inventario!B13)),"BAC", IF(ISNUMBER(SEARCH("MESH",Inventario!B13)),"MES", IF(OR(ISNUMBER(SEARCH("BRILLANTE",Inventario!B13)),ISNUMBER(SEARCH("BTE",Inventario!B13))),"BRI", IF(ISNUMBER(SEARCH("SINTETICA DELGADA",Inventario!B13)),"SD", IF(ISNUMBER(SEARCH("SINTETICA GRUESA",Inventario!B13)),"SG", IF(ISNUMBER(SEARCH("ESTATICO",Inventario!B13)),"EST", IF(ISNUMBER(SEARCH("FLOOR",Inventario!B13)),"FLO", IF(ISNUMBER(SEARCH("REFLECTIVO",Inventario!B13)),"REF", IF(ISNUMBER(SEARCH("MICROPERFORADO",Inventario!B13)),"MI", IF(ISNUMBER(SEARCH("CEPILLADO",Inventario!B13)),"CEP", IF(ISNUMBER(SEARCH("ESPEJO",Inventario!B13)),"ESP", IF(OR(ISNUMBER(SEARCH("UNIDIODO",Inventario!B13)),ISNUMBER(SEARCH("1 DIODO",Inventario!B13))),"1D", IF(ISNUMBER(SEARCH("2 DIODOS",Inventario!B13)),"2D", IF(ISNUMBER(SEARCH("3 DIODOS",Inventario!B13)),"3D",""))))))))))))))))) -> FRO | D14: =IF(ISNUMBER(SEARCH("LX700",Inventario!B13)),"LX7", IF(ISNUMBER(SEARCH("GRANDO",Inventario!B13)),"GRA", IF(OR(ISNUMBER(SEARCH("CAMA PLANA",Inventario!B13)),ISNUMBER(SEARCH("FB700",Inventario!B13))),"CP", IF(ISNUMBER(SEARCH("LX360",Inventario!B13)),"LX3", IF(ISNUMBER(SEARCH("XEROX",Inventario!B13)),"XER", IF(ISNUMBER(SEARCH("18 OZ",Inventario!B13)),"18OZ", IF(ISNUMBER(SEARCH("15 OZ",Inventario!B13)),"15OZ", IF(OR(ISNUMBER(SEARCH("13 OZ",Inventario!B13)),ISNUMBER(SEARCH("13 ONZAS",Inventario!B13))),"13OZ", IF(OR(ISNUMBER(SEARCH("9 OZ",Inventario!B13)),ISNUMBER(SEARCH("9 ONZAS",Inventario!B13))),"09OZ",""))))))))) -> 13OZ | E14: =IF(OR(ISNUMBER(SEARCH("TRANSPARENTE",Inventario!B13)),ISNUMBER(SEARCH("TRANSPARENTES",Inventario!B13))),"TR", IF(OR(ISNUMBER(SEARCH("BLANCO",Inventario!B13)),ISNUMBER(SEARCH("BCO",Inventario!B13))),"BL", IF(ISNUMBER(SEARCH("VERDE",Inventario!B13)),"VR", IF(ISNUMBER(SEARCH("MORADO",Inventario!B13)),"MR", IF(ISNUMBER(SEARCH("PLATA",Inventario!B13)),"PL", IF(ISNUMBER(SEARCH("ORO",Inventario!B13)),"OR", IF(ISNUMBER(SEARCH("AMARILLO",Inventario!B13)),"AM", IF(ISNUMBER(SEARCH("NARANJA",Inventario!B13)),"NR", IF(ISNUMBER(SEARCH("NEGRO",Inventario!B13)),"NG", IF(ISNUMBER(SEARCH("ROJO",Inventario!B13)),"RJ", IF(ISNUMBER(SEARCH("AZUL",Inventario!B13)),"AZ",""))))))))))) | F14: =IF(ISNUMBER(SEARCH("1,2 MM",Inventario!B13)),"1MM2", IF(OR(ISNUMBER(SEARCH("2 MM",Inventario!B13)),ISNUMBER(SEARCH("2MM",Inventario!B13))),"2MM", IF(OR(ISNUMBER(SEARCH("3 MM",Inventario!B13)),ISNUMBER(SEARCH("3MM",Inventario!B13))),"3MM", IF(OR(ISNUMBER(SEARCH("4 MM",Inventario!B13)),ISNUMBER(SEARCH("4MM",Inventario!B13)),ISNUMBER(SEARCH("4 mm",Inventario!B13))),"4MM", IF(OR(ISNUMBER(SEARCH("5 MM",Inventario!B13)),ISNUMBER(SEARCH("5MM",Inventario!B13))),"5MM", IF(OR(ISNUMBER(SEARCH("6 MM",Inventario!B13)),ISNUMBER(SEARCH("6MM",Inventario!B13))),"6MM", IF(OR(ISNUMBER(SEARCH("10 MM",Inventario!B13)),ISNUMBER(SEARCH("10MM",Inventario!B13))),"10MM",""))))))) | G14: =IF(ISNUMBER(SEARCH("ALTA RESISTENCIA",Inventario!B13)),"AR",IF(ISNUMBER(SEARCH("CAMPAÑA",Inventario!B13)),"CA", IF(OR(ISNUMBER(SEARCH("CALIDO",Inventario!B13)),ISNUMBER(SEARCH("CÁLIDO",Inventario!B13))),"C", IF(OR(ISNUMBER(SEARCH("TRASLUCIDO",Inventario!B13)),ISNUMBER(SEARCH("TRANSLUCIDO",Inventario!B13))),"TL", IF(ISNUMBER(SEARCH("NEUTRO",Inventario!B13)),"N", IF(ISNUMBER(SEARCH("FRIO",Inventario!B13)),"F","")))))) -> AR | H14: =IF(ISNUMBER(SEARCH("SILED",Inventario!B13)),"SI", IF(ISNUMBER(SEARCH("SYDEMEX",Inventario!B13)),"SY", IF(ISNUMBER(SEARCH("ROHS",Inventario!B13)),"RO", IF(ISNUMBER(SEARCH("RISHANG",Inventario!B13)),"RS", IF(ISNUMBER(SEARCH("VYG",Inventario!B13)),"VYG", IF(ISNUMBER(SEARCH("COLED",Inventario!B13)),"CO",""))))))
... A184: =IF(ISNUMBER(SEARCH("LONA",Inventario!B183)),"LON", IF(ISNUMBER(SEARCH("VINIL",Inventario!B183)),"VIN", IF(ISNUMBER(SEARCH("PANEL DE ALUMINIO COMPUESTO",Inventario!B183)),"PAN-ALU-COM", IF(ISNUMBER(SEARCH("PVC",Inventario!B183)),"PVC", IF(ISNUMBER(SEARCH("PAPEL",Inventario!B183)),"PAP", IF(ISNUMBER(SEARCH("TELA",Inventario!B183)),"TEL", IF(ISNUMBER(SEARCH("CARTULINA",Inventario!B183)),"CAR", IF(OR(ISNUMBER(SEARCH("LAMINA",Inventario!B183)),ISNUMBER(SEARCH("LÁMINA",Inventario!B183))),"LAM", IF(ISNUMBER(SEARCH("ESTIRENO",Inventario!B183)),"EST", IF(ISNUMBER(SEARCH("FOAMBOARD",Inventario!B183)),"FOA", IF(ISNUMBER(SEARCH("SOLVENTE",Inventario!B183)),"SOL", IF(ISNUMBER(SEARCH("TINTA",Inventario!B183)),"TIN", IF(ISNUMBER(SEARCH("ACRILICO",Inventario!B183)),"ACR", IF(ISNUMBER(SEARCH("LED",Inventario!B183)),"LED", IF(ISNUMBER(SEARCH("FUENTE",Inventario!B183)),"FUE", IF(ISNUMBER(SEARCH("PETG",Inventario!B183)),"PET", IF(ISNUMBER(SEARCH("ALUMINIO",Inventario!B183)),"ALU", IF(ISNUMBER(SEARCH("CANAL",Inventario!B183)),"CAN", IF(ISNUMBER(SEARCH("ESCUADRA",Inventario!B183)),"ESC", IF(ISNUMBER(SEARCH("SOPORTE",Inventario!B183)),"SOP","OTR") ))))))))))))))))))) -> ACR | B184: =IF(ISNUMBER(SEARCH("CORTE",Inventario!B183)),"COR", IF(ISNUMBER(SEARCH("CRISTAL",Inventario!B183)),"CR", IF(OR(ISNUMBER(SEARCH("OPTICO",Inventario!B183)),ISNUMBER(SEARCH("OPTICOS",Inventario!B183)),ISNUMBER(SEARCH("OPTICA",Inventario!B183))),"OP", IF(ISNUMBER(SEARCH("NANO",Inventario!B183)),"NA", IF(ISNUMBER(SEARCH("5050",Inventario!B183)),"5050", IF(ISNUMBER(SEARCH("MICRO",Inventario!B183)),"MI","")))))) | C184: =IF(ISNUMBER(SEARCH("PARED",Inventario!B183)),"PAR",IF(ISNUMBER(SEARCH("MATE",Inventario!B183)),"MAT", IF(ISNUMBER(SEARCH("FRONT",Inventario!B183)),"FRO", IF(ISNUMBER(SEARCH("BACK",Inventario!B183)),"BAC", IF(ISNUMBER(SEARCH("MESH",Inventario!B183)),"MES", IF(OR(ISNUMBER(SEARCH("BRILLANTE",Inventario!B183)),ISNUMBER(SEARCH("BTE",Inventario!B183))),"BRI", IF(ISNUMBER(SEARCH("SINTETICA DELGADA",Inventario!B183)),"SD", IF(ISNUMBER(SEARCH("SINTETICA GRUESA",Inventario!B183)),"SG", IF(ISNUMBER(SEARCH("ESTATICO",Inventario!B183)),"EST", IF(ISNUMBER(SEARCH("FLOOR",Inventario!B183)),"FLO", IF(ISNUMBER(SEARCH("REFLECTIVO",Inventario!B183)),"REF", IF(ISNUMBER(SEARCH("MICROPERFORADO",Inventario!B183)),"MI", IF(ISNUMBER(SEARCH("CEPILLADO",Inventario!B183)),"CEP", IF(ISNUMBER(SEARCH("ESPEJO",Inventario!B183)),"ESP", IF(OR(ISNUMBER(SEARCH("UNIDIODO",Inventario!B183)),ISNUMBER(SEARCH("1 DIODO",Inventario!B183))),"1D", IF(ISNUMBER(SEARCH("2 DIODOS",Inventario!B183)),"2D", IF(ISNUMBER(SEARCH("3 DIODOS",Inventario!B183)),"3D",""))))))))))))))))) | D184: =IF(ISNUMBER(SEARCH("LX700",Inventario!B183)),"LX7", IF(ISNUMBER(SEARCH("GRANDO",Inventario!B183)),"GRA", IF(OR(ISNUMBER(SEARCH("CAMA PLANA",Inventario!B183)),ISNUMBER(SEARCH("FB700",Inventario!B183))),"CP", IF(ISNUMBER(SEARCH("LX360",Inventario!B183)),"LX3", IF(ISNUMBER(SEARCH("XEROX",Inventario!B183)),"XER", IF(ISNUMBER(SEARCH("18 OZ",Inventario!B183)),"18OZ", IF(ISNUMBER(SEARCH("15 OZ",Inventario!B183)),"15OZ", IF(OR(ISNUMBER(SEARCH("13 OZ",Inventario!B183)),ISNUMBER(SEARCH("13 ONZAS",Inventario!B183))),"13OZ", IF(OR(ISNUMBER(SEARCH("9 OZ",Inventario!B183)),ISNUMBER(SEARCH("9 ONZAS",Inventario!B183))),"09OZ",""))))))))) | E184: =IF(OR(ISNUMBER(SEARCH("TRANSPARENTE",Inventario!B183)),ISNUMBER(SEARCH("TRANSPARENTES",Inventario!B183))),"TR", IF(OR(ISNUMBER(SEARCH("BLANCO",Inventario!B183)),ISNUMBER(SEARCH("BCO",Inventario!B183))),"BL", IF(ISNUMBER(SEARCH("VERDE",Inventario!B183)),"VR", IF(ISNUMBER(SEARCH("MORADO",Inventario!B183)),"MR", IF(ISNUMBER(SEARCH("PLATA",Inventario!B183)),"PL", IF(ISNUMBER(SEARCH("ORO",Inventario!B183)),"OR", IF(ISNUMBER(SEARCH("AMARILLO",Inventario!B183)),"AM", IF(ISNUMBER(SEARCH("NARANJA",Inventario!B183)),"NR", IF(ISNUMBER(SEARCH("NEGRO",Inventario!B183)),"NG", IF(ISNUMBER(SEARCH("ROJO",Inventario!B183)),"RJ", IF(ISNUMBER(SEARCH("AZUL",Inventario!B183)),"AZ",""))))))))))) -> VR | F184: =IF(ISNUMBER(SEARCH("1,2 MM",Inventario!B183)),"1MM2", IF(OR(ISNUMBER(SEARCH("2 MM",Inventario!B183)),ISNUMBER(SEARCH("2MM",Inventario!B183))),"2MM", IF(OR(ISNUMBER(SEARCH("3 MM",Inventario!B183)),ISNUMBER(SEARCH("3MM",Inventario!B183))),"3MM", IF(OR(ISNUMBER(SEARCH("4 MM",Inventario!B183)),ISNUMBER(SEARCH("4MM",Inventario!B183)),ISNUMBER(SEARCH("4 mm",Inventario!B183))),"4MM", IF(OR(ISNUMBER(SEARCH("5 MM",Inventario!B183)),ISNUMBER(SEARCH("5MM",Inventario!B183))),"5MM", IF(OR(ISNUMBER(SEARCH("6 MM",Inventario!B183)),ISNUMBER(SEARCH("6MM",Inventario!B183))),"6MM", IF(OR(ISNUMBER(SEARCH("10 MM",Inventario!B183)),ISNUMBER(SEARCH("10MM",Inventario!B183))),"10MM",""))))))) -> 3MM | G184: =IF(ISNUMBER(SEARCH("ALTA RESISTENCIA",Inventario!B183)),"AR",IF(ISNUMBER(SEARCH("CAMPAÑA",Inventario!B183)),"CA", IF(OR(ISNUMBER(SEARCH("CALIDO",Inventario!B183)),ISNUMBER(SEARCH("CÁLIDO",Inventario!B183))),"C", IF(OR(ISNUMBER(SEARCH("TRASLUCIDO",Inventario!B183)),ISNUMBER(SEARCH("TRANSLUCIDO",Inventario!B183))),"TL", IF(ISNUMBER(SEARCH("NEUTRO",Inventario!B183)),"N", IF(ISNUMBER(SEARCH("FRIO",Inventario!B183)),"F","")))))) | H184: =IF(ISNUMBER(SEARCH("SILED",Inventario!B183)),"SI", IF(ISNUMBER(SEARCH("SYDEMEX",Inventario!B183)),"SY", IF(ISNUMBER(SEARCH("ROHS",Inventario!B183)),"RO", IF(ISNUMBER(SEARCH("RISHANG",Inventario!B183)),"RS", IF(ISNUMBER(SEARCH("VYG",Inventario!B183)),"VYG", IF(ISNUMBER(SEARCH("COLED",Inventario!B183)),"CO",""))))))
A185: =IF(ISNUMBER(SEARCH("LONA",Inventario!B184)),"LON", IF(ISNUMBER(SEARCH("VINIL",Inventario!B184)),"VIN", IF(ISNUMBER(SEARCH("PANEL DE ALUMINIO COMPUESTO",Inventario!B184)),"PAN-ALU-COM", IF(ISNUMBER(SEARCH("PVC",Inventario!B184)),"PVC", IF(ISNUMBER(SEARCH("PAPEL",Inventario!B184)),"PAP", IF(ISNUMBER(SEARCH("TELA",Inventario!B184)),"TEL", IF(ISNUMBER(SEARCH("CARTULINA",Inventario!B184)),"CAR", IF(OR(ISNUMBER(SEARCH("LAMINA",Inventario!B184)),ISNUMBER(SEARCH("LÁMINA",Inventario!B184))),"LAM", IF(ISNUMBER(SEARCH("ESTIRENO",Inventario!B184)),"EST", IF(ISNUMBER(SEARCH("FOAMBOARD",Inventario!B184)),"FOA", IF(ISNUMBER(SEARCH("SOLVENTE",Inventario!B184)),"SOL", IF(ISNUMBER(SEARCH("TINTA",Inventario!B184)),"TIN", IF(ISNUMBER(SEARCH("ACRILICO",Inventario!B184)),"ACR", IF(ISNUMBER(SEARCH("LED",Inventario!B184)),"LED", IF(ISNUMBER(SEARCH("FUENTE",Inventario!B184)),"FUE", IF(ISNUMBER(SEARCH("PETG",Inventario!B184)),"PET", IF(ISNUMBER(SEARCH("ALUMINIO",Inventario!B184)),"ALU", IF(ISNUMBER(SEARCH("CANAL",Inventario!B184)),"CAN", IF(ISNUMBER(SEARCH("ESCUADRA",Inventario!B184)),"ESC", IF(ISNUMBER(SEARCH("SOPORTE",Inventario!B184)),"SOP","OTR") ))))))))))))))))))) -> PAN-ALU-COM | B185: =IF(ISNUMBER(SEARCH("CORTE",Inventario!B184)),"COR", IF(ISNUMBER(SEARCH("CRISTAL",Inventario!B184)),"CR", IF(OR(ISNUMBER(SEARCH("OPTICO",Inventario!B184)),ISNUMBER(SEARCH("OPTICOS",Inventario!B184)),ISNUMBER(SEARCH("OPTICA",Inventario!B184))),"OP", IF(ISNUMBER(SEARCH("NANO",Inventario!B184)),"NA", IF(ISNUMBER(SEARCH("5050",Inventario!B184)),"5050", IF(ISNUMBER(SEARCH("MICRO",Inventario!B184)),"MI","")))))) | C185: =IF(ISNUMBER(SEARCH("PARED",Inventario!B184)),"PAR",IF(ISNUMBER(SEARCH("MATE",Inventario!B184)),"MAT", IF(ISNUMBER(SEARCH("FRONT",Inventario!B184)),"FRO", IF(ISNUMBER(SEARCH("BACK",Inventario!B184)),"BAC", IF(ISNUMBER(SEARCH("MESH",Inventario!B184)),"MES", IF(OR(ISNUMBER(SEARCH("BRILLANTE",Inventario!B184)),ISNUMBER(SEARCH("BTE",Inventario!B184))),"BRI", IF(ISNUMBER(SEARCH("SINTETICA DELGADA",Inventario!B184)),"SD", IF(ISNUMBER(SEARCH("SINTETICA GRUESA",Inventario!B184)),"SG", IF(ISNUMBER(SEARCH("ESTATICO",Inventario!B184)),"EST", IF(ISNUMBER(SEARCH("FLOOR",Inventario!B184)),"FLO", IF(ISNUMBER(SEARCH("REFLECTIVO",Inventario!B184)),"REF", IF(ISNUMBER(SEARCH("MICROPERFORADO",Inventario!B184)),"MI", IF(ISNUMBER(SEARCH("CEPILLADO",Inventario!B184)),"CEP", IF(ISNUMBER(SEARCH("ESPEJO",Inventario!B184)),"ESP", IF(OR(ISNUMBER(SEARCH("UNIDIODO",Inventario!B184)),ISNUMBER(SEARCH("1 DIODO",Inventario!B184))),"1D", IF(ISNUMBER(SEARCH("2 DIODOS",Inventario!B184)),"2D", IF(ISNUMBER(SEARCH("3 DIODOS",Inventario!B184)),"3D",""))))))))))))))))) -> BRI | D185: =IF(ISNUMBER(SEARCH("LX700",Inventario!B184)),"LX7", IF(ISNUMBER(SEARCH("GRANDO",Inventario!B184)),"GRA", IF(OR(ISNUMBER(SEARCH("CAMA PLANA",Inventario!B184)),ISNUMBER(SEARCH("FB700",Inventario!B184))),"CP", IF(ISNUMBER(SEARCH("LX360",Inventario!B184)),"LX3", IF(ISNUMBER(SEARCH("XEROX",Inventario!B184)),"XER", IF(ISNUMBER(SEARCH("18 OZ",Inventario!B184)),"18OZ", IF(ISNUMBER(SEARCH("15 OZ",Inventario!B184)),"15OZ", IF(OR(ISNUMBER(SEARCH("13 OZ",Inventario!B184)),ISNUMBER(SEARCH("13 ONZAS",Inventario!B184))),"13OZ", IF(OR(ISNUMBER(SEARCH("9 OZ",Inventario!B184)),ISNUMBER(SEARCH("9 ONZAS",Inventario!B184))),"09OZ",""))))))))) | E185: =IF(OR(ISNUMBER(SEARCH("TRANSPARENTE",Inventario!B184)),ISNUMBER(SEARCH("TRANSPARENTES",Inventario!B184))),"TR", IF(OR(ISNUMBER(SEARCH("BLANCO",Inventario!B184)),ISNUMBER(SEARCH("BCO",Inventario!B184))),"BL", IF(ISNUMBER(SEARCH("VERDE",Inventario!B184)),"VR", IF(ISNUMBER(SEARCH("MORADO",Inventario!B184)),"MR", IF(ISNUMBER(SEARCH("PLATA",Inventario!B184)),"PL", IF(ISNUMBER(SEARCH("ORO",Inventario!B184)),"OR", IF(ISNUMBER(SEARCH("AMARILLO",Inventario!B184)),"AM", IF(ISNUMBER(SEARCH("NARANJA",Inventario!B184)),"NR", IF(ISNUMBER(SEARCH("NEGRO",Inventario!B184)),"NG", IF(ISNUMBER(SEARCH("ROJO",Inventario!B184)),"RJ", IF(ISNUMBER(SEARCH("AZUL",Inventario!B184)),"AZ",""))))))))))) -> PL | F185: =IF(ISNUMBER(SEARCH("1,2 MM",Inventario!B184)),"1MM2", IF(OR(ISNUMBER(SEARCH("2 MM",Inventario!B184)),ISNUMBER(SEARCH("2MM",Inventario!B184))),"2MM", IF(OR(ISNUMBER(SEARCH("3 MM",Inventario!B184)),ISNUMBER(SEARCH("3MM",Inventario!B184))),"3MM", IF(OR(ISNUMBER(SEARCH("4 MM",Inventario!B184)),ISNUMBER(SEARCH("4MM",Inventario!B184)),ISNUMBER(SEARCH("4 mm",Inventario!B184))),"4MM", IF(OR(ISNUMBER(SEARCH("5 MM",Inventario!B184)),ISNUMBER(SEARCH("5MM",Inventario!B184))),"5MM", IF(OR(ISNUMBER(SEARCH("6 MM",Inventario!B184)),ISNUMBER(SEARCH("6MM",Inventario!B184))),"6MM", IF(OR(ISNUMBER(SEARCH("10 MM",Inventario!B184)),ISNUMBER(SEARCH("10MM",Inventario!B184))),"10MM",""))))))) | H185: =IF(ISNUMBER(SEARCH("SILED",Inventario!B184)),"SI", IF(ISNUMBER(SEARCH("SYDEMEX",Inventario!B184)),"SY", IF(ISNUMBER(SEARCH("ROHS",Inventario!B184)),"RO", IF(ISNUMBER(SEARCH("RISHANG",Inventario!B184)),"RS", IF(ISNUMBER(SEARCH("VYG",Inventario!B184)),"VYG", IF(ISNUMBER(SEARCH("COLED",Inventario!B184)),"CO",""))))))
A186: =IF(ISNUMBER(SEARCH("LONA",Inventario!B185)),"LON", IF(ISNUMBER(SEARCH("VINIL",Inventario!B185)),"VIN", IF(ISNUMBER(SEARCH("PANEL DE ALUMINIO COMPUESTO",Inventario!B185)),"PAN-ALU-COM", IF(ISNUMBER(SEARCH("PVC",Inventario!B185)),"PVC", IF(ISNUMBER(SEARCH("PAPEL",Inventario!B185)),"PAP", IF(ISNUMBER(SEARCH("TELA",Inventario!B185)),"TEL", IF(ISNUMBER(SEARCH("CARTULINA",Inventario!B185)),"CAR", IF(OR(ISNUMBER(SEARCH("LAMINA",Inventario!B185)),ISNUMBER(SEARCH("LÁMINA",Inventario!B185))),"LAM", IF(ISNUMBER(SEARCH("ESTIRENO",Inventario!B185)),"EST", IF(ISNUMBER(SEARCH("FOAMBOARD",Inventario!B185)),"FOA", IF(ISNUMBER(SEARCH("SOLVENTE",Inventario!B185)),"SOL", IF(ISNUMBER(SEARCH("TINTA",Inventario!B185)),"TIN", IF(ISNUMBER(SEARCH("ACRILICO",Inventario!B185)),"ACR", IF(ISNUMBER(SEARCH("LED",Inventario!B185)),"LED", IF(ISNUMBER(SEARCH("FUENTE",Inventario!B185)),"FUE", IF(ISNUMBER(SEARCH("PETG",Inventario!B185)),"PET", IF(ISNUMBER(SEARCH("ALUMINIO",Inventario!B185)),"ALU", IF(ISNUMBER(SEARCH("CANAL",Inventario!B185)),"CAN", IF(ISNUMBER(SEARCH("ESCUADRA",Inventario!B185)),"ESC", IF(ISNUMBER(SEARCH("SOPORTE",Inventario!B185)),"SOP","OTR") ))))))))))))))))))) -> PAN-ALU-COM | B186: =IF(ISNUMBER(SEARCH("CORTE",Inventario!B185)),"COR", IF(ISNUMBER(SEARCH("CRISTAL",Inventario!B185)),"CR", IF(OR(ISNUMBER(SEARCH("OPTICO",Inventario!B185)),ISNUMBER(SEARCH("OPTICOS",Inventario!B185)),ISNUMBER(SEARCH("OPTICA",Inventario!B185))),"OP", IF(ISNUMBER(SEARCH("NANO",Inventario!B185)),"NA", IF(ISNUMBER(SEARCH("5050",Inventario!B185)),"5050", IF(ISNUMBER(SEARCH("MICRO",Inventario!B185)),"MI","")))))) | C186: =IF(ISNUMBER(SEARCH("PARED",Inventario!B185)),"PAR",IF(ISNUMBER(SEARCH("MATE",Inventario!B185)),"MAT", IF(ISNUMBER(SEARCH("FRONT",Inventario!B185)),"FRO", IF(ISNUMBER(SEARCH("BACK",Inventario!B185)),"BAC", IF(ISNUMBER(SEARCH("MESH",Inventario!B185)),"MES", IF(OR(ISNUMBER(SEARCH("BRILLANTE",Inventario!B185)),ISNUMBER(SEARCH("BTE",Inventario!B185))),"BRI", IF(ISNUMBER(SEARCH("SINTETICA DELGADA",Inventario!B185)),"SD", IF(ISNUMBER(SEARCH("SINTETICA GRUESA",Inventario!B185)),"SG", IF(ISNUMBER(SEARCH("ESTATICO",Inventario!B185)),"EST", IF(ISNUMBER(SEARCH("FLOOR",Inventario!B185)),"FLO", IF(ISNUMBER(SEARCH("REFLECTIVO",Inventario!B185)),"REF", IF(ISNUMBER(SEARCH("MICROPERFORADO",Inventario!B185)),"MI", IF(ISNUMBER(SEARCH("CEPILLADO",Inventario!B185)),"CEP", IF(ISNUMBER(SEARCH("ESPEJO",Inventario!B185)),"ESP", IF(OR(ISNUMBER(SEARCH("UNIDIODO",Inventario!B185)),ISNUMBER(SEARCH("1 DIODO",Inventario!B185))),"1D", IF(ISNUMBER(SEARCH("2 DIODOS",Inventario!B185)),"2D", IF(ISNUMBER(SEARCH("3 DIODOS",Inventario!B185)),"3D",""))))))))))))))))) -> BRI | D186: =IF(ISNUMBER(SEARCH("LX700",Inventario!B185)),"LX7", IF(ISNUMBER(SEARCH("GRANDO",Inventario!B185)),"GRA", IF(OR(ISNUMBER(SEARCH("CAMA PLANA",Inventario!B185)),ISNUMBER(SEARCH("FB700",Inventario!B185))),"CP", IF(ISNUMBER(SEARCH("LX360",Inventario!B185)),"LX3", IF(ISNUMBER(SEARCH("XEROX",Inventario!B185)),"XER", IF(ISNUMBER(SEARCH("18 OZ",Inventario!B185)),"18OZ", IF(ISNUMBER(SEARCH("15 OZ",Inventario!B185)),"15OZ", IF(OR(ISNUMBER(SEARCH("13 OZ",Inventario!B185)),ISNUMBER(SEARCH("13 ONZAS",Inventario!B185))),"13OZ", IF(OR(ISNUMBER(SEARCH("9 OZ",Inventario!B185)),ISNUMBER(SEARCH("9 ONZAS",Inventario!B185))),"09OZ",""))))))))) | E186: =IF(OR(ISNUMBER(SEARCH("TRANSPARENTE",Inventario!B185)),ISNUMBER(SEARCH("TRANSPARENTES",Inventario!B185))),"TR", IF(OR(ISNUMBER(SEARCH("BLANCO",Inventario!B185)),ISNUMBER(SEARCH("BCO",Inventario!B185))),"BL", IF(ISNUMBER(SEARCH("VERDE",Inventario!B185)),"VR", IF(ISNUMBER(SEARCH("MORADO",Inventario!B185)),"MR", IF(ISNUMBER(SEARCH("PLATA",Inventario!B185)),"PL", IF(ISNUMBER(SEARCH("ORO",Inventario!B185)),"OR", IF(ISNUMBER(SEARCH("AMARILLO",Inventario!B185)),"AM", IF(ISNUMBER(SEARCH("NARANJA",Inventario!B185)),"NR", IF(ISNUMBER(SEARCH("NEGRO",Inventario!B185)),"NG", IF(ISNUMBER(SEARCH("ROJO",Inventario!B185)),"RJ", IF(ISNUMBER(SEARCH("AZUL",Inventario!B185)),"AZ",""))))))))))) -> RJ | F186: =IF(ISNUMBER(SEARCH("1,2 MM",Inventario!B185)),"1MM2", IF(OR(ISNUMBER(SEARCH("2 MM",Inventario!B185)),ISNUMBER(SEARCH("2MM",Inventario!B185))),"2MM", IF(OR(ISNUMBER(SEARCH("3 MM",Inventario!B185)),ISNUMBER(SEARCH("3MM",Inventario!B185))),"3MM", IF(OR(ISNUMBER(SEARCH("4 MM",Inventario!B185)),ISNUMBER(SEARCH("4MM",Inventario!B185)),ISNUMBER(SEARCH("4 mm",Inventario!B185))),"4MM", IF(OR(ISNUMBER(SEARCH("5 MM",Inventario!B185)),ISNUMBER(SEARCH("5MM",Inventario!B185))),"5MM", IF(OR(ISNUMBER(SEARCH("6 MM",Inventario!B185)),ISNUMBER(SEARCH("6MM",Inventario!B185))),"6MM", IF(OR(ISNUMBER(SEARCH("10 MM",Inventario!B185)),ISNUMBER(SEARCH("10MM",Inventario!B185))),"10MM",""))))))) | H186: =IF(ISNUMBER(SEARCH("SILED",Inventario!B185)),"SI", IF(ISNUMBER(SEARCH("SYDEMEX",Inventario!B185)),"SY", IF(ISNUMBER(SEARCH("ROHS",Inventario!B185)),"RO", IF(ISNUMBER(SEARCH("RISHANG",Inventario!B185)),"RS", IF(ISNUMBER(SEARCH("VYG",Inventario!B185)),"VYG", IF(ISNUMBER(SEARCH("COLED",Inventario!B185)),"CO",""))))))
A187: =IF(ISNUMBER(SEARCH("LONA",Inventario!B186)),"LON", IF(ISNUMBER(SEARCH("VINIL",Inventario!B186)),"VIN", IF(ISNUMBER(SEARCH("PANEL DE ALUMINIO COMPUESTO",Inventario!B186)),"PAN-ALU-COM", IF(ISNUMBER(SEARCH("PVC",Inventario!B186)),"PVC", IF(ISNUMBER(SEARCH("PAPEL",Inventario!B186)),"PAP", IF(ISNUMBER(SEARCH("TELA",Inventario!B186)),"TEL", IF(ISNUMBER(SEARCH("CARTULINA",Inventario!B186)),"CAR", IF(OR(ISNUMBER(SEARCH("LAMINA",Inventario!B186)),ISNUMBER(SEARCH("LÁMINA",Inventario!B186))),"LAM", IF(ISNUMBER(SEARCH("ESTIRENO",Inventario!B186)),"EST", IF(ISNUMBER(SEARCH("FOAMBOARD",Inventario!B186)),"FOA", IF(ISNUMBER(SEARCH("SOLVENTE",Inventario!B186)),"SOL", IF(ISNUMBER(SEARCH("TINTA",Inventario!B186)),"TIN", IF(ISNUMBER(SEARCH("ACRILICO",Inventario!B186)),"ACR", IF(ISNUMBER(SEARCH("LED",Inventario!B186)),"LED", IF(ISNUMBER(SEARCH("FUENTE",Inventario!B186)),"FUE", IF(ISNUMBER(SEARCH("PETG",Inventario!B186)),"PET", IF(ISNUMBER(SEARCH("ALUMINIO",Inventario!B186)),"ALU", IF(ISNUMBER(SEARCH("CANAL",Inventario!B186)),"CAN", IF(ISNUMBER(SEARCH("ESCUADRA",Inventario!B186)),"ESC", IF(ISNUMBER(SEARCH("SOPORTE",Inventario!B186)),"SOP","OTR") ))))))))))))))))))) -> PAN-ALU-COM | B187: =IF(ISNUMBER(SEARCH("CORTE",Inventario!B186)),"COR", IF(ISNUMBER(SEARCH("CRISTAL",Inventario!B186)),"CR", IF(OR(ISNUMBER(SEARCH("OPTICO",Inventario!B186)),ISNUMBER(SEARCH("OPTICOS",Inventario!B186)),ISNUMBER(SEARCH("OPTICA",Inventario!B186))),"OP", IF(ISNUMBER(SEARCH("NANO",Inventario!B186)),"NA", IF(ISNUMBER(SEARCH("5050",Inventario!B186)),"5050", IF(ISNUMBER(SEARCH("MICRO",Inventario!B186)),"MI","")))))) | C187: =IF(ISNUMBER(SEARCH("PARED",Inventario!B186)),"PAR",IF(ISNUMBER(SEARCH("MATE",Inventario!B186)),"MAT", IF(ISNUMBER(SEARCH("FRONT",Inventario!B186)),"FRO", IF(ISNUMBER(SEARCH("BACK",Inventario!B186)),"BAC", IF(ISNUMBER(SEARCH("MESH",Inventario!B186)),"MES", IF(OR(ISNUMBER(SEARCH("BRILLANTE",Inventario!B186)),ISNUMBER(SEARCH("BTE",Inventario!B186))),"BRI", IF(ISNUMBER(SEARCH("SINTETICA DELGADA",Inventario!B186)),"SD", IF(ISNUMBER(SEARCH("SINTETICA GRUESA",Inventario!B186)),"SG", IF(ISNUMBER(SEARCH("ESTATICO",Inventario!B186)),"EST", IF(ISNUMBER(SEARCH("FLOOR",Inventario!B186)),"FLO", IF(ISNUMBER(SEARCH("REFLECTIVO",Inventario!B186)),"REF", IF(ISNUMBER(SEARCH("MICROPERFORADO",Inventario!B186)),"MI", IF(ISNUMBER(SEARCH("CEPILLADO",Inventario!B186)),"CEP", IF(ISNUMBER(SEARCH("ESPEJO",Inventario!B186)),"ESP", IF(OR(ISNUMBER(SEARCH("UNIDIODO",Inventario!B186)),ISNUMBER(SEARCH("1 DIODO",Inventario!B186))),"1D", IF(ISNUMBER(SEARCH("2 DIODOS",Inventario!B186)),"2D", IF(ISNUMBER(SEARCH("3 DIODOS",Inventario!B186)),"3D",""))))))))))))))))) -> BRI | D187: =IF(ISNUMBER(SEARCH("LX700",Inventario!B186)),"LX7", IF(ISNUMBER(SEARCH("GRANDO",Inventario!B186)),"GRA", IF(OR(ISNUMBER(SEARCH("CAMA PLANA",Inventario!B186)),ISNUMBER(SEARCH("FB700",Inventario!B186))),"CP", IF(ISNUMBER(SEARCH("LX360",Inventario!B186)),"LX3", IF(ISNUMBER(SEARCH("XEROX",Inventario!B186)),"XER", IF(ISNUMBER(SEARCH("18 OZ",Inventario!B186)),"18OZ", IF(ISNUMBER(SEARCH("15 OZ",Inventario!B186)),"15OZ", IF(OR(ISNUMBER(SEARCH("13 OZ",Inventario!B186)),ISNUMBER(SEARCH("13 ONZAS",Inventario!B186))),"13OZ", IF(OR(ISNUMBER(SEARCH("9 OZ",Inventario!B186)),ISNUMBER(SEARCH("9 ONZAS",Inventario!B186))),"09OZ",""))))))))) | E187: =IF(OR(ISNUMBER(SEARCH("TRANSPARENTE",Inventario!B186)),ISNUMBER(SEARCH("TRANSPARENTES",Inventario!B186))),"TR", IF(OR(ISNUMBER(SEARCH("BLANCO",Inventario!B186)),ISNUMBER(SEARCH("BCO",Inventario!B186))),"BL", IF(ISNUMBER(SEARCH("VERDE",Inventario!B186)),"VR", IF(ISNUMBER(SEARCH("MORADO",Inventario!B186)),"MR", IF(ISNUMBER(SEARCH("PLATA",Inventario!B186)),"PL", IF(ISNUMBER(SEARCH("ORO",Inventario!B186)),"OR", IF(ISNUMBER(SEARCH("AMARILLO",Inventario!B186)),"AM", IF(ISNUMBER(SEARCH("NARANJA",Inventario!B186)),"NR", IF(ISNUMBER(SEARCH("NEGRO",Inventario!B186)),"NG", IF(ISNUMBER(SEARCH("ROJO",Inventario!B186)),"RJ", IF(ISNUMBER(SEARCH("AZUL",Inventario!B186)),"AZ",""))))))))))) -> RJ | F187: =IF(ISNUMBER(SEARCH("1,2 MM",Inventario!B186)),"1MM2", IF(OR(ISNUMBER(SEARCH("2 MM",Inventario!B186)),ISNUMBER(SEARCH("2MM",Inventario!B186))),"2MM", IF(OR(ISNUMBER(SEARCH("3 MM",Inventario!B186)),ISNUMBER(SEARCH("3MM",Inventario!B186))),"3MM", IF(OR(ISNUMBER(SEARCH("4 MM",Inventario!B186)),ISNUMBER(SEARCH("4MM",Inventario!B186)),ISNUMBER(SEARCH("4 mm",Inventario!B186))),"4MM", IF(OR(ISNUMBER(SEARCH("5 MM",Inventario!B186)),ISNUMBER(SEARCH("5MM",Inventario!B186))),"5MM", IF(OR(ISNUMBER(SEARCH("6 MM",Inventario!B186)),ISNUMBER(SEARCH("6MM",Inventario!B186))),"6MM", IF(OR(ISNUMBER(SEARCH("10 MM",Inventario!B186)),ISNUMBER(SEARCH("10MM",Inventario!B186))),"10MM",""))))))) | H187: =IF(ISNUMBER(SEARCH("SILED",Inventario!B186)),"SI", IF(ISNUMBER(SEARCH("SYDEMEX",Inventario!B186)),"SY", IF(ISNUMBER(SEARCH("ROHS",Inventario!B186)),"RO", IF(ISNUMBER(SEARCH("RISHANG",Inventario!B186)),"RS", IF(ISNUMBER(SEARCH("VYG",Inventario!B186)),"VYG", IF(ISNUMBER(SEARCH("COLED",Inventario!B186)),"CO",""))))))
A188: =IF(ISNUMBER(SEARCH("LONA",Inventario!B187)),"LON", IF(ISNUMBER(SEARCH("VINIL",Inventario!B187)),"VIN", IF(ISNUMBER(SEARCH("PANEL DE ALUMINIO COMPUESTO",Inventario!B187)),"PAN-ALU-COM", IF(ISNUMBER(SEARCH("PVC",Inventario!B187)),"PVC", IF(ISNUMBER(SEARCH("PAPEL",Inventario!B187)),"PAP", IF(ISNUMBER(SEARCH("TELA",Inventario!B187)),"TEL", IF(ISNUMBER(SEARCH("CARTULINA",Inventario!B187)),"CAR", IF(OR(ISNUMBER(SEARCH("LAMINA",Inventario!B187)),ISNUMBER(SEARCH("LÁMINA",Inventario!B187))),"LAM", IF(ISNUMBER(SEARCH("ESTIRENO",Inventario!B187)),"EST", IF(ISNUMBER(SEARCH("FOAMBOARD",Inventario!B187)),"FOA", IF(ISNUMBER(SEARCH("SOLVENTE",Inventario!B187)),"SOL", IF(ISNUMBER(SEARCH("TINTA",Inventario!B187)),"TIN", IF(ISNUMBER(SEARCH("ACRILICO",Inventario!B187)),"ACR", IF(ISNUMBER(SEARCH("LED",Inventario!B187)),"LED", IF(ISNUMBER(SEARCH("FUENTE",Inventario!B187)),"FUE", IF(ISNUMBER(SEARCH("PETG",Inventario!B187)),"PET", IF(ISNUMBER(SEARCH("ALUMINIO",Inventario!B187)),"ALU", IF(ISNUMBER(SEARCH("CANAL",Inventario!B187)),"CAN", IF(ISNUMBER(SEARCH("ESCUADRA",Inventario!B187)),"ESC", IF(ISNUMBER(SEARCH("SOPORTE",Inventario!B187)),"SOP","OTR") ))))))))))))))))))) -> PAN-ALU-COM | B188: =IF(ISNUMBER(SEARCH("CORTE",Inventario!B187)),"COR", IF(ISNUMBER(SEARCH("CRISTAL",Inventario!B187)),"CR", IF(OR(ISNUMBER(SEARCH("OPTICO",Inventario!B187)),ISNUMBER(SEARCH("OPTICOS",Inventario!B187)),ISNUMBER(SEARCH("OPTICA",Inventario!B187))),"OP", IF(ISNUMBER(SEARCH("NANO",Inventario!B187)),"NA", IF(ISNUMBER(SEARCH("5050",Inventario!B187)),"5050", IF(ISNUMBER(SEARCH("MICRO",Inventario!B187)),"MI","")))))) | C188: =IF(ISNUMBER(SEARCH("PARED",Inventario!B187)),"PAR",IF(ISNUMBER(SEARCH("MATE",Inventario!B187)),"MAT", IF(ISNUMBER(SEARCH("FRONT",Inventario!B187)),"FRO", IF(ISNUMBER(SEARCH("BACK",Inventario!B187)),"BAC", IF(ISNUMBER(SEARCH("MESH",Inventario!B187)),"MES", IF(OR(ISNUMBER(SEARCH("BRILLANTE",Inventario!B187)),ISNUMBER(SEARCH("BTE",Inventario!B187))),"BRI", IF(ISNUMBER(SEARCH("SINTETICA DELGADA",Inventario!B187)),"SD", IF(ISNUMBER(SEARCH("SINTETICA GRUESA",Inventario!B187)),"SG", IF(ISNUMBER(SEARCH("ESTATICO",Inventario!B187)),"EST", IF(ISNUMBER(SEARCH("FLOOR",Inventario!B187)),"FLO", IF(ISNUMBER(SEARCH("REFLECTIVO",Inventario!B187)),"REF", IF(ISNUMBER(SEARCH("MICROPERFORADO",Inventario!B187)),"MI", IF(ISNUMBER(SEARCH("CEPILLADO",Inventario!B187)),"CEP", IF(ISNUMBER(SEARCH("ESPEJO",Inventario!B187)),"ESP", IF(OR(ISNUMBER(SEARCH("UNIDIODO",Inventario!B187)),ISNUMBER(SEARCH("1 DIODO",Inventario!B187))),"1D", IF(ISNUMBER(SEARCH("2 DIODOS",Inventario!B187)),"2D", IF(ISNUMBER(SEARCH("3 DIODOS",Inventario!B187)),"3D",""))))))))))))))))) -> CEP | D188: =IF(ISNUMBER(SEARCH("LX700",Inventario!B187)),"LX7", IF(ISNUMBER(SEARCH("GRANDO",Inventario!B187)),"GRA", IF(OR(ISNUMBER(SEARCH("CAMA PLANA",Inventario!B187)),ISNUMBER(SEARCH("FB700",Inventario!B187))),"CP", IF(ISNUMBER(SEARCH("LX360",Inventario!B187)),"LX3", IF(ISNUMBER(SEARCH("XEROX",Inventario!B187)),"XER", IF(ISNUMBER(SEARCH("18 OZ",Inventario!B187)),"18OZ", IF(ISNUMBER(SEARCH("15 OZ",Inventario!B187)),"15OZ", IF(OR(ISNUMBER(SEARCH("13 OZ",Inventario!B187)),ISNUMBER(SEARCH("13 ONZAS",Inventario!B187))),"13OZ", IF(OR(ISNUMBER(SEARCH("9 OZ",Inventario!B187)),ISNUMBER(SEARCH("9 ONZAS",Inventario!B187))),"09OZ",""))))))))) | E188: =IF(OR(ISNUMBER(SEARCH("TRANSPARENTE",Inventario!B187)),ISNUMBER(SEARCH("TRANSPARENTES",Inventario!B187))),"TR", IF(OR(ISNUMBER(SEARCH("BLANCO",Inventario!B187)),ISNUMBER(SEARCH("BCO",Inventario!B187))),"BL", IF(ISNUMBER(SEARCH("VERDE",Inventario!B187)),"VR", IF(ISNUMBER(SEARCH("MORADO",Inventario!B187)),"MR", IF(ISNUMBER(SEARCH("PLATA",Inventario!B187)),"PL", IF(ISNUMBER(SEARCH("ORO",Inventario!B187)),"OR", IF(ISNUMBER(SEARCH("AMARILLO",Inventario!B187)),"AM", IF(ISNUMBER(SEARCH("NARANJA",Inventario!B187)),"NR", IF(ISNUMBER(SEARCH("NEGRO",Inventario!B187)),"NG", IF(ISNUMBER(SEARCH("ROJO",Inventario!B187)),"RJ", IF(ISNUMBER(SEARCH("AZUL",Inventario!B187)),"AZ",""))))))))))) -> OR | F188: =IF(ISNUMBER(SEARCH("1,2 MM",Inventario!B187)),"1MM2", IF(OR(ISNUMBER(SEARCH("2 MM",Inventario!B187)),ISNUMBER(SEARCH("2MM",Inventario!B187))),"2MM", IF(OR(ISNUMBER(SEARCH("3 MM",Inventario!B187)),ISNUMBER(SEARCH("3MM",Inventario!B187))),"3MM", IF(OR(ISNUMBER(SEARCH("4 MM",Inventario!B187)),ISNUMBER(SEARCH("4MM",Inventario!B187)),ISNUMBER(SEARCH("4 mm",Inventario!B187))),"4MM", IF(OR(ISNUMBER(SEARCH("5 MM",Inventario!B187)),ISNUMBER(SEARCH("5MM",Inventario!B187))),"5MM", IF(OR(ISNUMBER(SEARCH("6 MM",Inventario!B187)),ISNUMBER(SEARCH("6MM",Inventario!B187))),"6MM", IF(OR(ISNUMBER(SEARCH("10 MM",Inventario!B187)),ISNUMBER(SEARCH("10MM",Inventario!B187))),"10MM",""))))))) | H188: =IF(ISNUMBER(SEARCH("SILED",Inventario!B187)),"SI", IF(ISNUMBER(SEARCH("SYDEMEX",Inventario!B187)),"SY", IF(ISNUMBER(SEARCH("ROHS",Inventario!B187)),"RO", IF(ISNUMBER(SEARCH("RISHANG",Inventario!B187)),"RS", IF(ISNUMBER(SEARCH("VYG",Inventario!B187)),"VYG", IF(ISNUMBER(SEARCH("COLED",Inventario!B187)),"CO",""))))))
A189: =IF(ISNUMBER(SEARCH("LONA",Inventario!B188)),"LON", IF(ISNUMBER(SEARCH("VINIL",Inventario!B188)),"VIN", IF(ISNUMBER(SEARCH("PANEL DE ALUMINIO COMPUESTO",Inventario!B188)),"PAN-ALU-COM", IF(ISNUMBER(SEARCH("PVC",Inventario!B188)),"PVC", IF(ISNUMBER(SEARCH("PAPEL",Inventario!B188)),"PAP", IF(ISNUMBER(SEARCH("TELA",Inventario!B188)),"TEL", IF(ISNUMBER(SEARCH("CARTULINA",Inventario!B188)),"CAR", IF(OR(ISNUMBER(SEARCH("LAMINA",Inventario!B188)),ISNUMBER(SEARCH("LÁMINA",Inventario!B188))),"LAM", IF(ISNUMBER(SEARCH("ESTIRENO",Inventario!B188)),"EST", IF(ISNUMBER(SEARCH("FOAMBOARD",Inventario!B188)),"FOA", IF(ISNUMBER(SEARCH("SOLVENTE",Inventario!B188)),"SOL", IF(ISNUMBER(SEARCH("TINTA",Inventario!B188)),"TIN", IF(ISNUMBER(SEARCH("ACRILICO",Inventario!B188)),"ACR", IF(ISNUMBER(SEARCH("LED",Inventario!B188)),"LED", IF(ISNUMBER(SEARCH("FUENTE",Inventario!B188)),"FUE", IF(ISNUMBER(SEARCH("PETG",Inventario!B188)),"PET", IF(ISNUMBER(SEARCH("ALUMINIO",Inventario!B188)),"ALU", IF(ISNUMBER(SEARCH("CANAL",Inventario!B188)),"CAN", IF(ISNUMBER(SEARCH("ESCUADRA",Inventario!B188)),"ESC", IF(ISNUMBER(SEARCH("SOPORTE",Inventario!B188)),"SOP","OTR") ))))))))))))))))))) -> PAN-ALU-COM | B189: =IF(ISNUMBER(SEARCH("CORTE",Inventario!B188)),"COR", IF(ISNUMBER(SEARCH("CRISTAL",Inventario!B188)),"CR", IF(OR(ISNUMBER(SEARCH("OPTICO",Inventario!B188)),ISNUMBER(SEARCH("OPTICOS",Inventario!B188)),ISNUMBER(SEARCH("OPTICA",Inventario!B188))),"OP", IF(ISNUMBER(SEARCH("NANO",Inventario!B188)),"NA", IF(ISNUMBER(SEARCH("5050",Inventario!B188)),"5050", IF(ISNUMBER(SEARCH("MICRO",Inventario!B188)),"MI","")))))) | C189: =IF(ISNUMBER(SEARCH("PARED",Inventario!B188)),"PAR",IF(ISNUMBER(SEARCH("MATE",Inventario!B188)),"MAT", IF(ISNUMBER(SEARCH("FRONT",Inventario!B188)),"FRO", IF(ISNUMBER(SEARCH("BACK",Inventario!B188)),"BAC", IF(ISNUMBER(SEARCH("MESH",Inventario!B188)),"MES", IF(OR(ISNUMBER(SEARCH("BRILLANTE",Inventario!B188)),ISNUMBER(SEARCH("BTE",Inventario!B188))),"BRI", IF(ISNUMBER(SEARCH("SINTETICA DELGADA",Inventario!B188)),"SD", IF(ISNUMBER(SEARCH("SINTETICA GRUESA",Inventario!B188)),"SG", IF(ISNUMBER(SEARCH("ESTATICO",Inventario!B188)),"EST", IF(ISNUMBER(SEARCH("FLOOR",Inventario!B188)),"FLO", IF(ISNUMBER(SEARCH("REFLECTIVO",Inventario!B188)),"REF", IF(ISNUMBER(SEARCH("MICROPERFORADO",Inventario!B188)),"MI", IF(ISNUMBER(SEARCH("CEPILLADO",Inventario!B188)),"CEP", IF(ISNUMBER(SEARCH("ESPEJO",Inventario!B188)),"ESP", IF(OR(ISNUMBER(SEARCH("UNIDIODO",Inventario!B188)),ISNUMBER(SEARCH("1 DIODO",Inventario!B188))),"1D", IF(ISNUMBER(SEARCH("2 DIODOS",Inventario!B188)),"2D", IF(ISNUMBER(SEARCH("3 DIODOS",Inventario!B188)),"3D",""))))))))))))))))) -> BRI | D189: =IF(ISNUMBER(SEARCH("LX700",Inventario!B188)),"LX7", IF(ISNUMBER(SEARCH("GRANDO",Inventario!B188)),"GRA", IF(OR(ISNUMBER(SEARCH("CAMA PLANA",Inventario!B188)),ISNUMBER(SEARCH("FB700",Inventario!B188))),"CP", IF(ISNUMBER(SEARCH("LX360",Inventario!B188)),"LX3", IF(ISNUMBER(SEARCH("XEROX",Inventario!B188)),"XER", IF(ISNUMBER(SEARCH("18 OZ",Inventario!B188)),"18OZ", IF(ISNUMBER(SEARCH("15 OZ",Inventario!B188)),"15OZ", IF(OR(ISNUMBER(SEARCH("13 OZ",Inventario!B188)),ISNUMBER(SEARCH("13 ONZAS",Inventario!B188))),"13OZ", IF(OR(ISNUMBER(SEARCH("9 OZ",Inventario!B188)),ISNUMBER(SEARCH("9 ONZAS",Inventario!B188))),"09OZ",""))))))))) | E189: =IF(OR(ISNUMBER(SEARCH("TRANSPARENTE",Inventario!B188)),ISNUMBER(SEARCH("TRANSPARENTES",Inventario!B188))),"TR", IF(OR(ISNUMBER(SEARCH("BLANCO",Inventario!B188)),ISNUMBER(SEARCH("BCO",Inventario!B188))),"BL", IF(ISNUMBER(SEARCH("VERDE",Inventario!B188)),"VR", IF(ISNUMBER(SEARCH("MORADO",Inventario!B188)),"MR", IF(ISNUMBER(SEARCH("PLATA",Inventario!B188)),"PL", IF(ISNUMBER(SEARCH("ORO",Inventario!B188)),"OR", IF(ISNUMBER(SEARCH("AMARILLO",Inventario!B188)),"AM", IF(ISNUMBER(SEARCH("NARANJA",Inventario!B188)),"NR", IF(ISNUMBER(SEARCH("NEGRO",Inventario!B188)),"NG", IF(ISNUMBER(SEARCH("ROJO",Inventario!B188)),"RJ", IF(ISNUMBER(SEARCH("AZUL",Inventario!B188)),"AZ",""))))))))))) -> AZ | F189: =IF(ISNUMBER(SEARCH("1,2 MM",Inventario!B188)),"1MM2", IF(OR(ISNUMBER(SEARCH("2 MM",Inventario!B188)),ISNUMBER(SEARCH("2MM",Inventario!B188))),"2MM", IF(OR(ISNUMBER(SEARCH("3 MM",Inventario!B188)),ISNUMBER(SEARCH("3MM",Inventario!B188))),"3MM", IF(OR(ISNUMBER(SEARCH("4 MM",Inventario!B188)),ISNUMBER(SEARCH("4MM",Inventario!B188)),ISNUMBER(SEARCH("4 mm",Inventario!B188))),"4MM", IF(OR(ISNUMBER(SEARCH("5 MM",Inventario!B188)),ISNUMBER(SEARCH("5MM",Inventario!B188))),"5MM", IF(OR(ISNUMBER(SEARCH("6 MM",Inventario!B188)),ISNUMBER(SEARCH("6MM",Inventario!B188))),"6MM", IF(OR(ISNUMBER(SEARCH("10 MM",Inventario!B188)),ISNUMBER(SEARCH("10MM",Inventario!B188))),"10MM",""))))))) | H189: =IF(ISNUMBER(SEARCH("SILED",Inventario!B188)),"SI", IF(ISNUMBER(SEARCH("SYDEMEX",Inventario!B188)),"SY", IF(ISNUMBER(SEARCH("ROHS",Inventario!B188)),"RO", IF(ISNUMBER(SEARCH("RISHANG",Inventario!B188)),"RS", IF(ISNUMBER(SEARCH("VYG",Inventario!B188)),"VYG", IF(ISNUMBER(SEARCH("COLED",Inventario!B188)),"CO",""))))))
A190: =IF(ISNUMBER(SEARCH("LONA",Inventario!B189)),"LON", IF(ISNUMBER(SEARCH("VINIL",Inventario!B189)),"VIN", IF(ISNUMBER(SEARCH("PANEL DE ALUMINIO COMPUESTO",Inventario!B189)),"PAN-ALU-COM", IF(ISNUMBER(SEARCH("PVC",Inventario!B189)),"PVC", IF(ISNUMBER(SEARCH("PAPEL",Inventario!B189)),"PAP", IF(ISNUMBER(SEARCH("TELA",Inventario!B189)),"TEL", IF(ISNUMBER(SEARCH("CARTULINA",Inventario!B189)),"CAR", IF(OR(ISNUMBER(SEARCH("LAMINA",Inventario!B189)),ISNUMBER(SEARCH("LÁMINA",Inventario!B189))),"LAM", IF(ISNUMBER(SEARCH("ESTIRENO",Inventario!B189)),"EST", IF(ISNUMBER(SEARCH("FOAMBOARD",Inventario!B189)),"FOA", IF(ISNUMBER(SEARCH("SOLVENTE",Inventario!B189)),"SOL", IF(ISNUMBER(SEARCH("TINTA",Inventario!B189)),"TIN", IF(ISNUMBER(SEARCH("ACRILICO",Inventario!B189)),"ACR", IF(ISNUMBER(SEARCH("LED",Inventario!B189)),"LED", IF(ISNUMBER(SEARCH("FUENTE",Inventario!B189)),"FUE", IF(ISNUMBER(SEARCH("PETG",Inventario!B189)),"PET", IF(ISNUMBER(SEARCH("ALUMINIO",Inventario!B189)),"ALU", IF(ISNUMBER(SEARCH("CANAL",Inventario!B189)),"CAN", IF(ISNUMBER(SEARCH("ESCUADRA",Inventario!B189)),"ESC", IF(ISNUMBER(SEARCH("SOPORTE",Inventario!B189)),"SOP","OTR") ))))))))))))))))))) -> PAN-ALU-COM | B190: =IF(ISNUMBER(SEARCH("CORTE",Inventario!B189)),"COR", IF(ISNUMBER(SEARCH("CRISTAL",Inventario!B189)),"CR", IF(OR(ISNUMBER(SEARCH("OPTICO",Inventario!B189)),ISNUMBER(SEARCH("OPTICOS",Inventario!B189)),ISNUMBER(SEARCH("OPTICA",Inventario!B189))),"OP", IF(ISNUMBER(SEARCH("NANO",Inventario!B189)),"NA", IF(ISNUMBER(SEARCH("5050",Inventario!B189)),"5050", IF(ISNUMBER(SEARCH("MICRO",Inventario!B189)),"MI","")))))) | C190: =IF(ISNUMBER(SEARCH("PARED",Inventario!B189)),"PAR",IF(ISNUMBER(SEARCH("MATE",Inventario!B189)),"MAT", IF(ISNUMBER(SEARCH("FRONT",Inventario!B189)),"FRO", IF(ISNUMBER(SEARCH("BACK",Inventario!B189)),"BAC", IF(ISNUMBER(SEARCH("MESH",Inventario!B189)),"MES", IF(OR(ISNUMBER(SEARCH("BRILLANTE",Inventario!B189)),ISNUMBER(SEARCH("BTE",Inventario!B189))),"BRI", IF(ISNUMBER(SEARCH("SINTETICA DELGADA",Inventario!B189)),"SD", IF(ISNUMBER(SEARCH("SINTETICA GRUESA",Inventario!B189)),"SG", IF(ISNUMBER(SEARCH("ESTATICO",Inventario!B189)),"EST", IF(ISNUMBER(SEARCH("FLOOR",Inventario!B189)),"FLO", IF(ISNUMBER(SEARCH("REFLECTIVO",Inventario!B189)),"REF", IF(ISNUMBER(SEARCH("MICROPERFORADO",Inventario!B189)),"MI", IF(ISNUMBER(SEARCH("CEPILLADO",Inventario!B189)),"CEP", IF(ISNUMBER(SEARCH("ESPEJO",Inventario!B189)),"ESP", IF(OR(ISNUMBER(SEARCH("UNIDIODO",Inventario!B189)),ISNUMBER(SEARCH("1 DIODO",Inventario!B189))),"1D", IF(ISNUMBER(SEARCH("2 DIODOS",Inventario!B189)),"2D", IF(ISNUMBER(SEARCH("3 DIODOS",Inventario!B189)),"3D",""))))))))))))))))) -> BRI | D190: =IF(ISNUMBER(SEARCH("LX700",Inventario!B189)),"LX7", IF(ISNUMBER(SEARCH("GRANDO",Inventario!B189)),"GRA", IF(OR(ISNUMBER(SEARCH("CAMA PLANA",Inventario!B189)),ISNUMBER(SEARCH("FB700",Inventario!B189))),"CP", IF(ISNUMBER(SEARCH("LX360",Inventario!B189)),"LX3", IF(ISNUMBER(SEARCH("XEROX",Inventario!B189)),"XER", IF(ISNUMBER(SEARCH("18 OZ",Inventario!B189)),"18OZ", IF(ISNUMBER(SEARCH("15 OZ",Inventario!B189)),"15OZ", IF(OR(ISNUMBER(SEARCH("13 OZ",Inventario!B189)),ISNUMBER(SEARCH("13 ONZAS",Inventario!B189))),"13OZ", IF(OR(ISNUMBER(SEARCH("9 OZ",Inventario!B189)),ISNUMBER(SEARCH("9 ONZAS",Inventario!B189))),"09OZ",""))))))))) | E190: =IF(OR(ISNUMBER(SEARCH("TRANSPARENTE",Inventario!B189)),ISNUMBER(SEARCH("TRANSPARENTES",Inventario!B189))),"TR", IF(OR(ISNUMBER(SEARCH("BLANCO",Inventario!B189)),ISNUMBER(SEARCH("BCO",Inventario!B189))),"BL", IF(ISNUMBER(SEARCH("VERDE",Inventario!B189)),"VR", IF(ISNUMBER(SEARCH("MORADO",Inventario!B189)),"MR", IF(ISNUMBER(SEARCH("PLATA",Inventario!B189)),"PL", IF(ISNUMBER(SEARCH("ORO",Inventario!B189)),"OR", IF(ISNUMBER(SEARCH("AMARILLO",Inventario!B189)),"AM", IF(ISNUMBER(SEARCH("NARANJA",Inventario!B189)),"NR", IF(ISNUMBER(SEARCH("NEGRO",Inventario!B189)),"NG", IF(ISNUMBER(SEARCH("ROJO",Inventario!B189)),"RJ", IF(ISNUMBER(SEARCH("AZUL",Inventario!B189)),"AZ",""))))))))))) -> AZ | F190: =IF(ISNUMBER(SEARCH("1,2 MM",Inventario!B189)),"1MM2", IF(OR(ISNUMBER(SEARCH("2 MM",Inventario!B189)),ISNUMBER(SEARCH("2MM",Inventario!B189))),"2MM", IF(OR(ISNUMBER(SEARCH("3 MM",Inventario!B189)),ISNUMBER(SEARCH("3MM",Inventario!B189))),"3MM", IF(OR(ISNUMBER(SEARCH("4 MM",Inventario!B189)),ISNUMBER(SEARCH("4MM",Inventario!B189)),ISNUMBER(SEARCH("4 mm",Inventario!B189))),"4MM", IF(OR(ISNUMBER(SEARCH("5 MM",Inventario!B189)),ISNUMBER(SEARCH("5MM",Inventario!B189))),"5MM", IF(OR(ISNUMBER(SEARCH("6 MM",Inventario!B189)),ISNUMBER(SEARCH("6MM",Inventario!B189))),"6MM", IF(OR(ISNUMBER(SEARCH("10 MM",Inventario!B189)),ISNUMBER(SEARCH("10MM",Inventario!B189))),"10MM",""))))))) | H190: =IF(ISNUMBER(SEARCH("SILED",Inventario!B189)),"SI", IF(ISNUMBER(SEARCH("SYDEMEX",Inventario!B189)),"SY", IF(ISNUMBER(SEARCH("ROHS",Inventario!B189)),"RO", IF(ISNUMBER(SEARCH("RISHANG",Inventario!B189)),"RS", IF(ISNUMBER(SEARCH("VYG",Inventario!B189)),"VYG", IF(ISNUMBER(SEARCH("COLED",Inventario!B189)),"CO",""))))))
A191: =IF(ISNUMBER(SEARCH("LONA",Inventario!B190)),"LON", IF(ISNUMBER(SEARCH("VINIL",Inventario!B190)),"VIN", IF(ISNUMBER(SEARCH("PANEL DE ALUMINIO COMPUESTO",Inventario!B190)),"PAN-ALU-COM", IF(ISNUMBER(SEARCH("PVC",Inventario!B190)),"PVC", IF(ISNUMBER(SEARCH("PAPEL",Inventario!B190)),"PAP", IF(ISNUMBER(SEARCH("TELA",Inventario!B190)),"TEL", IF(ISNUMBER(SEARCH("CARTULINA",Inventario!B190)),"CAR", IF(OR(ISNUMBER(SEARCH("LAMINA",Inventario!B190)),ISNUMBER(SEARCH("LÁMINA",Inventario!B190))),"LAM", IF(ISNUMBER(SEARCH("ESTIRENO",Inventario!B190)),"EST", IF(ISNUMBER(SEARCH("FOAMBOARD",Inventario!B190)),"FOA", IF(ISNUMBER(SEARCH("SOLVENTE",Inventario!B190)),"SOL", IF(ISNUMBER(SEARCH("TINTA",Inventario!B190)),"TIN", IF(ISNUMBER(SEARCH("ACRILICO",Inventario!B190)),"ACR", IF(ISNUMBER(SEARCH("LED",Inventario!B190)),"LED", IF(ISNUMBER(SEARCH("FUENTE",Inventario!B190)),"FUE", IF(ISNUMBER(SEARCH("PETG",Inventario!B190)),"PET", IF(ISNUMBER(SEARCH("ALUMINIO",Inventario!B190)),"ALU", IF(ISNUMBER(SEARCH("CANAL",Inventario!B190)),"CAN", IF(ISNUMBER(SEARCH("ESCUADRA",Inventario!B190)),"ESC", IF(ISNUMBER(SEARCH("SOPORTE",Inventario!B190)),"SOP","OTR") ))))))))))))))))))) -> PAN-ALU-COM | B191: =IF(ISNUMBER(SEARCH("CORTE",Inventario!B190)),"COR", IF(ISNUMBER(SEARCH("CRISTAL",Inventario!B190)),"CR", IF(OR(ISNUMBER(SEARCH("OPTICO",Inventario!B190)),ISNUMBER(SEARCH("OPTICOS",Inventario!B190)),ISNUMBER(SEARCH("OPTICA",Inventario!B190))),"OP", IF(ISNUMBER(SEARCH("NANO",Inventario!B190)),"NA", IF(ISNUMBER(SEARCH("5050",Inventario!B190)),"5050", IF(ISNUMBER(SEARCH("MICRO",Inventario!B190)),"MI","")))))) | C191: =IF(ISNUMBER(SEARCH("PARED",Inventario!B190)),"PAR",IF(ISNUMBER(SEARCH("MATE",Inventario!B190)),"MAT", IF(ISNUMBER(SEARCH("FRONT",Inventario!B190)),"FRO", IF(ISNUMBER(SEARCH("BACK",Inventario!B190)),"BAC", IF(ISNUMBER(SEARCH("MESH",Inventario!B190)),"MES", IF(OR(ISNUMBER(SEARCH("BRILLANTE",Inventario!B190)),ISNUMBER(SEARCH("BTE",Inventario!B190))),"BRI", IF(ISNUMBER(SEARCH("SINTETICA DELGADA",Inventario!B190)),"SD", IF(ISNUMBER(SEARCH("SINTETICA GRUESA",Inventario!B190)),"SG", IF(ISNUMBER(SEARCH("ESTATICO",Inventario!B190)),"EST", IF(ISNUMBER(SEARCH("FLOOR",Inventario!B190)),"FLO", IF(ISNUMBER(SEARCH("REFLECTIVO",Inventario!B190)),"REF", IF(ISNUMBER(SEARCH("MICROPERFORADO",Inventario!B190)),"MI", IF(ISNUMBER(SEARCH("CEPILLADO",Inventario!B190)),"CEP", IF(ISNUMBER(SEARCH("ESPEJO",Inventario!B190)),"ESP", IF(OR(ISNUMBER(SEARCH("UNIDIODO",Inventario!B190)),ISNUMBER(SEARCH("1 DIODO",Inventario!B190))),"1D", IF(ISNUMBER(SEARCH("2 DIODOS",Inventario!B190)),"2D", IF(ISNUMBER(SEARCH("3 DIODOS",Inventario!B190)),"3D",""))))))))))))))))) | D191: =IF(ISNUMBER(SEARCH("LX700",Inventario!B190)),"LX7", IF(ISNUMBER(SEARCH("GRANDO",Inventario!B190)),"GRA", IF(OR(ISNUMBER(SEARCH("CAMA PLANA",Inventario!B190)),ISNUMBER(SEARCH("FB700",Inventario!B190))),"CP", IF(ISNUMBER(SEARCH("LX360",Inventario!B190)),"LX3", IF(ISNUMBER(SEARCH("XEROX",Inventario!B190)),"XER", IF(ISNUMBER(SEARCH("18 OZ",Inventario!B190)),"18OZ", IF(ISNUMBER(SEARCH("15 OZ",Inventario!B190)),"15OZ", IF(OR(ISNUMBER(SEARCH("13 OZ",Inventario!B190)),ISNUMBER(SEARCH("13 ONZAS",Inventario!B190))),"13OZ", IF(OR(ISNUMBER(SEARCH("9 OZ",Inventario!B190)),ISNUMBER(SEARCH("9 ONZAS",Inventario!B190))),"09OZ",""))))))))) | E191: =IF(OR(ISNUMBER(SEARCH("TRANSPARENTE",Inventario!B190)),ISNUMBER(SEARCH("TRANSPARENTES",Inventario!B190))),"TR", IF(OR(ISNUMBER(SEARCH("BLANCO",Inventario!B190)),ISNUMBER(SEARCH("BCO",Inventario!B190))),"BL", IF(ISNUMBER(SEARCH("VERDE",Inventario!B190)),"VR", IF(ISNUMBER(SEARCH("MORADO",Inventario!B190)),"MR", IF(ISNUMBER(SEARCH("PLATA",Inventario!B190)),"PL", IF(ISNUMBER(SEARCH("ORO",Inventario!B190)),"OR", IF(ISNUMBER(SEARCH("AMARILLO",Inventario!B190)),"AM", IF(ISNUMBER(SEARCH("NARANJA",Inventario!B190)),"NR", IF(ISNUMBER(SEARCH("NEGRO",Inventario!B190)),"NG", IF(ISNUMBER(SEARCH("ROJO",Inventario!B190)),"RJ", IF(ISNUMBER(SEARCH("AZUL",Inventario!B190)),"AZ",""))))))))))) -> NR | F191: =IF(ISNUMBER(SEARCH("1,2 MM",Inventario!B190)),"1MM2", IF(OR(ISNUMBER(SEARCH("2 MM",Inventario!B190)),ISNUMBER(SEARCH("2MM",Inventario!B190))),"2MM", IF(OR(ISNUMBER(SEARCH("3 MM",Inventario!B190)),ISNUMBER(SEARCH("3MM",Inventario!B190))),"3MM", IF(OR(ISNUMBER(SEARCH("4 MM",Inventario!B190)),ISNUMBER(SEARCH("4MM",Inventario!B190)),ISNUMBER(SEARCH("4 mm",Inventario!B190))),"4MM", IF(OR(ISNUMBER(SEARCH("5 MM",Inventario!B190)),ISNUMBER(SEARCH("5MM",Inventario!B190))),"5MM", IF(OR(ISNUMBER(SEARCH("6 MM",Inventario!B190)),ISNUMBER(SEARCH("6MM",Inventario!B190))),"6MM", IF(OR(ISNUMBER(SEARCH("10 MM",Inventario!B190)),ISNUMBER(SEARCH("10MM",Inventario!B190))),"10MM",""))))))) -> 4MM | H191: =IF(ISNUMBER(SEARCH("SILED",Inventario!B190)),"SI", IF(ISNUMBER(SEARCH("SYDEMEX",Inventario!B190)),"SY", IF(ISNUMBER(SEARCH("ROHS",Inventario!B190)),"RO", IF(ISNUMBER(SEARCH("RISHANG",Inventario!B190)),"RS", IF(ISNUMBER(SEARCH("VYG",Inventario!B190)),"VYG", IF(ISNUMBER(SEARCH("COLED",Inventario!B190)),"CO",""))))))
A192: =IF(ISNUMBER(SEARCH("LONA",Inventario!B191)),"LON", IF(ISNUMBER(SEARCH("VINIL",Inventario!B191)),"VIN", IF(ISNUMBER(SEARCH("PANEL DE ALUMINIO COMPUESTO",Inventario!B191)),"PAN-ALU-COM", IF(ISNUMBER(SEARCH("PVC",Inventario!B191)),"PVC", IF(ISNUMBER(SEARCH("PAPEL",Inventario!B191)),"PAP", IF(ISNUMBER(SEARCH("TELA",Inventario!B191)),"TEL", IF(ISNUMBER(SEARCH("CARTULINA",Inventario!B191)),"CAR", IF(OR(ISNUMBER(SEARCH("LAMINA",Inventario!B191)),ISNUMBER(SEARCH("LÁMINA",Inventario!B191))),"LAM", IF(ISNUMBER(SEARCH("ESTIRENO",Inventario!B191)),"EST", IF(ISNUMBER(SEARCH("FOAMBOARD",Inventario!B191)),"FOA", IF(ISNUMBER(SEARCH("SOLVENTE",Inventario!B191)),"SOL", IF(ISNUMBER(SEARCH("TINTA",Inventario!B191)),"TIN", IF(ISNUMBER(SEARCH("ACRILICO",Inventario!B191)),"ACR", IF(ISNUMBER(SEARCH("LED",Inventario!B191)),"LED", IF(ISNUMBER(SEARCH("FUENTE",Inventario!B191)),"FUE", IF(ISNUMBER(SEARCH("PETG",Inventario!B191)),"PET", IF(ISNUMBER(SEARCH("ALUMINIO",Inventario!B191)),"ALU", IF(ISNUMBER(SEARCH("CANAL",Inventario!B191)),"CAN", IF(ISNUMBER(SEARCH("ESCUADRA",Inventario!B191)),"ESC", IF(ISNUMBER(SEARCH("SOPORTE",Inventario!B191)),"SOP","OTR") ))))))))))))))))))) -> PAN-ALU-COM | B192: =IF(ISNUMBER(SEARCH("CORTE",Inventario!B191)),"COR", IF(ISNUMBER(SEARCH("CRISTAL",Inventario!B191)),"CR", IF(OR(ISNUMBER(SEARCH("OPTICO",Inventario!B191)),ISNUMBER(SEARCH("OPTICOS",Inventario!B191)),ISNUMBER(SEARCH("OPTICA",Inventario!B191))),"OP", IF(ISNUMBER(SEARCH("NANO",Inventario!B191)),"NA", IF(ISNUMBER(SEARCH("5050",Inventario!B191)),"5050", IF(ISNUMBER(SEARCH("MICRO",Inventario!B191)),"MI","")))))) | C192: =IF(ISNUMBER(SEARCH("PARED",Inventario!B191)),"PAR",IF(ISNUMBER(SEARCH("MATE",Inventario!B191)),"MAT", IF(ISNUMBER(SEARCH("FRONT",Inventario!B191)),"FRO", IF(ISNUMBER(SEARCH("BACK",Inventario!B191)),"BAC", IF(ISNUMBER(SEARCH("MESH",Inventario!B191)),"MES", IF(OR(ISNUMBER(SEARCH("BRILLANTE",Inventario!B191)),ISNUMBER(SEARCH("BTE",Inventario!B191))),"BRI", IF(ISNUMBER(SEARCH("SINTETICA DELGADA",Inventario!B191)),"SD", IF(ISNUMBER(SEARCH("SINTETICA GRUESA",Inventario!B191)),"SG", IF(ISNUMBER(SEARCH("ESTATICO",Inventario!B191)),"EST", IF(ISNUMBER(SEARCH("FLOOR",Inventario!B191)),"FLO", IF(ISNUMBER(SEARCH("REFLECTIVO",Inventario!B191)),"REF", IF(ISNUMBER(SEARCH("MICROPERFORADO",Inventario!B191)),"MI", IF(ISNUMBER(SEARCH("CEPILLADO",Inventario!B191)),"CEP", IF(ISNUMBER(SEARCH("ESPEJO",Inventario!B191)),"ESP", IF(OR(ISNUMBER(SEARCH("UNIDIODO",Inventario!B191)),ISNUMBER(SEARCH("1 DIODO",Inventario!B191))),"1D", IF(ISNUMBER(SEARCH("2 DIODOS",Inventario!B191)),"2D", IF(ISNUMBER(SEARCH("3 DIODOS",Inventario!B191)),"3D",""))))))))))))))))) | D192: =IF(ISNUMBER(SEARCH("LX700",Inventario!B191)),"LX7", IF(ISNUMBER(SEARCH("GRANDO",Inventario!B191)),"GRA", IF(OR(ISNUMBER(SEARCH("CAMA PLANA",Inventario!B191)),ISNUMBER(SEARCH("FB700",Inventario!B191))),"CP", IF(ISNUMBER(SEARCH("LX360",Inventario!B191)),"LX3", IF(ISNUMBER(SEARCH("XEROX",Inventario!B191)),"XER", IF(ISNUMBER(SEARCH("18 OZ",Inventario!B191)),"18OZ", IF(ISNUMBER(SEARCH("15 OZ",Inventario!B191)),"15OZ", IF(OR(ISNUMBER(SEARCH("13 OZ",Inventario!B191)),ISNUMBER(SEARCH("13 ONZAS",Inventario!B191))),"13OZ", IF(OR(ISNUMBER(SEARCH("9 OZ",Inventario!B191)),ISNUMBER(SEARCH("9 ONZAS",Inventario!B191))),"09OZ",""))))))))) | E192: =IF(OR(ISNUMBER(SEARCH("TRANSPARENTE",Inventario!B191)),ISNUMBER(SEARCH("TRANSPARENTES",Inventario!B191))),"TR", IF(OR(ISNUMBER(SEARCH("BLANCO",Inventario!B191)),ISNUMBER(SEARCH("BCO",Inventario!B191))),"BL", IF(ISNUMBER(SEARCH("VERDE",Inventario!B191)),"VR", IF(ISNUMBER(SEARCH("MORADO",Inventario!B191)),"MR", IF(ISNUMBER(SEARCH("PLATA",Inventario!B191)),"PL", IF(ISNUMBER(SEARCH("ORO",Inventario!B191)),"OR", IF(ISNUMBER(SEARCH("AMARILLO",Inventario!B191)),"AM", IF(ISNUMBER(SEARCH("NARANJA",Inventario!B191)),"NR", IF(ISNUMBER(SEARCH("NEGRO",Inventario!B191)),"NG", IF(ISNUMBER(SEARCH("ROJO",Inventario!B191)),"RJ", IF(ISNUMBER(SEARCH("AZUL",Inventario!B191)),"AZ",""))))))))))) -> NR | F192: =IF(ISNUMBER(SEARCH("1,2 MM",Inventario!B191)),"1MM2", IF(OR(ISNUMBER(SEARCH("2 MM",Inventario!B191)),ISNUMBER(SEARCH("2MM",Inventario!B191))),"2MM", IF(OR(ISNUMBER(SEARCH("3 MM",Inventario!B191)),ISNUMBER(SEARCH("3MM",Inventario!B191))),"3MM", IF(OR(ISNUMBER(SEARCH("4 MM",Inventario!B191)),ISNUMBER(SEARCH("4MM",Inventario!B191)),ISNUMBER(SEARCH("4 mm",Inventario!B191))),"4MM", IF(OR(ISNUMBER(SEARCH("5 MM",Inventario!B191)),ISNUMBER(SEARCH("5MM",Inventario!B191))),"5MM", IF(OR(ISNUMBER(SEARCH("6 MM",Inventario!B191)),ISNUMBER(SEARCH("6MM",Inventario!B191))),"6MM", IF(OR(ISNUMBER(SEARCH("10 MM",Inventario!B191)),ISNUMBER(SEARCH("10MM",Inventario!B191))),"10MM",""))))))) -> 4MM | H192: =IF(ISNUMBER(SEARCH("SILED",Inventario!B191)),"SI", IF(ISNUMBER(SEARCH("SYDEMEX",Inventario!B191)),"SY", IF(ISNUMBER(SEARCH("ROHS",Inventario!B191)),"RO", IF(ISNUMBER(SEARCH("RISHANG",Inventario!B191)),"RS", IF(ISNUMBER(SEARCH("VYG",Inventario!B191)),"VYG", IF(ISNUMBER(SEARCH("COLED",Inventario!B191)),"CO",""))))))
A193: =IF(ISNUMBER(SEARCH("LONA",Inventario!B192)),"LON", IF(ISNUMBER(SEARCH("VINIL",Inventario!B192)),"VIN", IF(ISNUMBER(SEARCH("PANEL DE ALUMINIO COMPUESTO",Inventario!B192)),"PAN-ALU-COM", IF(ISNUMBER(SEARCH("PVC",Inventario!B192)),"PVC", IF(ISNUMBER(SEARCH("PAPEL",Inventario!B192)),"PAP", IF(ISNUMBER(SEARCH("TELA",Inventario!B192)),"TEL", IF(ISNUMBER(SEARCH("CARTULINA",Inventario!B192)),"CAR", IF(OR(ISNUMBER(SEARCH("LAMINA",Inventario!B192)),ISNUMBER(SEARCH("LÁMINA",Inventario!B192))),"LAM", IF(ISNUMBER(SEARCH("ESTIRENO",Inventario!B192)),"EST", IF(ISNUMBER(SEARCH("FOAMBOARD",Inventario!B192)),"FOA", IF(ISNUMBER(SEARCH("SOLVENTE",Inventario!B192)),"SOL", IF(ISNUMBER(SEARCH("TINTA",Inventario!B192)),"TIN", IF(ISNUMBER(SEARCH("ACRILICO",Inventario!B192)),"ACR", IF(ISNUMBER(SEARCH("LED",Inventario!B192)),"LED", IF(ISNUMBER(SEARCH("FUENTE",Inventario!B192)),"FUE", IF(ISNUMBER(SEARCH("PETG",Inventario!B192)),"PET", IF(ISNUMBER(SEARCH("ALUMINIO",Inventario!B192)),"ALU", IF(ISNUMBER(SEARCH("CANAL",Inventario!B192)),"CAN", IF(ISNUMBER(SEARCH("ESCUADRA",Inventario!B192)),"ESC", IF(ISNUMBER(SEARCH("SOPORTE",Inventario!B192)),"SOP","OTR") ))))))))))))))))))) -> PAN-ALU-COM | B193: =IF(ISNUMBER(SEARCH("CORTE",Inventario!B192)),"COR", IF(ISNUMBER(SEARCH("CRISTAL",Inventario!B192)),"CR", IF(OR(ISNUMBER(SEARCH("OPTICO",Inventario!B192)),ISNUMBER(SEARCH("OPTICOS",Inventario!B192)),ISNUMBER(SEARCH("OPTICA",Inventario!B192))),"OP", IF(ISNUMBER(SEARCH("NANO",Inventario!B192)),"NA", IF(ISNUMBER(SEARCH("5050",Inventario!B192)),"5050", IF(ISNUMBER(SEARCH("MICRO",Inventario!B192)),"MI","")))))) | C193: =IF(ISNUMBER(SEARCH("PARED",Inventario!B192)),"PAR",IF(ISNUMBER(SEARCH("MATE",Inventario!B192)),"MAT", IF(ISNUMBER(SEARCH("FRONT",Inventario!B192)),"FRO", IF(ISNUMBER(SEARCH("BACK",Inventario!B192)),"BAC", IF(ISNUMBER(SEARCH("MESH",Inventario!B192)),"MES", IF(OR(ISNUMBER(SEARCH("BRILLANTE",Inventario!B192)),ISNUMBER(SEARCH("BTE",Inventario!B192))),"BRI", IF(ISNUMBER(SEARCH("SINTETICA DELGADA",Inventario!B192)),"SD", IF(ISNUMBER(SEARCH("SINTETICA GRUESA",Inventario!B192)),"SG", IF(ISNUMBER(SEARCH("ESTATICO",Inventario!B192)),"EST", IF(ISNUMBER(SEARCH("FLOOR",Inventario!B192)),"FLO", IF(ISNUMBER(SEARCH("REFLECTIVO",Inventario!B192)),"REF", IF(ISNUMBER(SEARCH("MICROPERFORADO",Inventario!B192)),"MI", IF(ISNUMBER(SEARCH("CEPILLADO",Inventario!B192)),"CEP", IF(ISNUMBER(SEARCH("ESPEJO",Inventario!B192)),"ESP", IF(OR(ISNUMBER(SEARCH("UNIDIODO",Inventario!B192)),ISNUMBER(SEARCH("1 DIODO",Inventario!B192))),"1D", IF(ISNUMBER(SEARCH("2 DIODOS",Inventario!B192)),"2D", IF(ISNUMBER(SEARCH("3 DIODOS",Inventario!B192)),"3D",""))))))))))))))))) | D193: =IF(ISNUMBER(SEARCH("LX700",Inventario!B192)),"LX7", IF(ISNUMBER(SEARCH("GRANDO",Inventario!B192)),"GRA", IF(OR(ISNUMBER(SEARCH("CAMA PLANA",Inventario!B192)),ISNUMBER(SEARCH("FB700",Inventario!B192))),"CP", IF(ISNUMBER(SEARCH("LX360",Inventario!B192)),"LX3", IF(ISNUMBER(SEARCH("XEROX",Inventario!B192)),"XER", IF(ISNUMBER(SEARCH("18 OZ",Inventario!B192)),"18OZ", IF(ISNUMBER(SEARCH("15 OZ",Inventario!B192)),"15OZ", IF(OR(ISNUMBER(SEARCH("13 OZ",Inventario!B192)),ISNUMBER(SEARCH("13 ONZAS",Inventario!B192))),"13OZ", IF(OR(ISNUMBER(SEARCH("9 OZ",Inventario!B192)),ISNUMBER(SEARCH("9 ONZAS",Inventario!B192))),"09OZ",""))))))))) | E193: =IF(OR(ISNUMBER(SEARCH("TRANSPARENTE",Inventario!B192)),ISNUMBER(SEARCH("TRANSPARENTES",Inventario!B192))),"TR", IF(OR(ISNUMBER(SEARCH("BLANCO",Inventario!B192)),ISNUMBER(SEARCH("BCO",Inventario!B192))),"BL", IF(ISNUMBER(SEARCH("VERDE",Inventario!B192)),"VR", IF(ISNUMBER(SEARCH("MORADO",Inventario!B192)),"MR", IF(ISNUMBER(SEARCH("PLATA",Inventario!B192)),"PL", IF(ISNUMBER(SEARCH("ORO",Inventario!B192)),"OR", IF(ISNUMBER(SEARCH("AMARILLO",Inventario!B192)),"AM", IF(ISNUMBER(SEARCH("NARANJA",Inventario!B192)),"NR", IF(ISNUMBER(SEARCH("NEGRO",Inventario!B192)),"NG", IF(ISNUMBER(SEARCH("ROJO",Inventario!B192)),"RJ", IF(ISNUMBER(SEARCH("AZUL",Inventario!B192)),"AZ",""))))))))))) -> AZ | F193: =IF(ISNUMBER(SEARCH("1,2 MM",Inventario!B192)),"1MM2", IF(OR(ISNUMBER(SEARCH("2 MM",Inventario!B192)),ISNUMBER(SEARCH("2MM",Inventario!B192))),"2MM", IF(OR(ISNUMBER(SEARCH("3 MM",Inventario!B192)),ISNUMBER(SEARCH("3MM",Inventario!B192))),"3MM", IF(OR(ISNUMBER(SEARCH("4 MM",Inventario!B192)),ISNUMBER(SEARCH("4MM",Inventario!B192)),ISNUMBER(SEARCH("4 mm",Inventario!B192))),"4MM", IF(OR(ISNUMBER(SEARCH("5 MM",Inventario!B192)),ISNUMBER(SEARCH("5MM",Inventario!B192))),"5MM", IF(OR(ISNUMBER(SEARCH("6 MM",Inventario!B192)),ISNUMBER(SEARCH("6MM",Inventario!B192))),"6MM", IF(OR(ISNUMBER(SEARCH("10 MM",Inventario!B192)),ISNUMBER(SEARCH("10MM",Inventario!B192))),"10MM",""))))))) | H193: =IF(ISNUMBER(SEARCH("SILED",Inventario!B192)),"SI", IF(ISNUMBER(SEARCH("SYDEMEX",Inventario!B192)),"SY", IF(ISNUMBER(SEARCH("ROHS",Inventario!B192)),"RO", IF(ISNUMBER(SEARCH("RISHANG",Inventario!B192)),"RS", IF(ISNUMBER(SEARCH("VYG",Inventario!B192)),"VYG", IF(ISNUMBER(SEARCH("COLED",Inventario!B192)),"CO",""))))))
A194: =IF(ISNUMBER(SEARCH("LONA",Inventario!B193)),"LON", IF(ISNUMBER(SEARCH("VINIL",Inventario!B193)),"VIN", IF(ISNUMBER(SEARCH("PANEL DE ALUMINIO COMPUESTO",Inventario!B193)),"PAN-ALU-COM", IF(ISNUMBER(SEARCH("PVC",Inventario!B193)),"PVC", IF(ISNUMBER(SEARCH("PAPEL",Inventario!B193)),"PAP", IF(ISNUMBER(SEARCH("TELA",Inventario!B193)),"TEL", IF(ISNUMBER(SEARCH("CARTULINA",Inventario!B193)),"CAR", IF(OR(ISNUMBER(SEARCH("LAMINA",Inventario!B193)),ISNUMBER(SEARCH("LÁMINA",Inventario!B193))),"LAM", IF(ISNUMBER(SEARCH("ESTIRENO",Inventario!B193)),"EST", IF(ISNUMBER(SEARCH("FOAMBOARD",Inventario!B193)),"FOA", IF(ISNUMBER(SEARCH("SOLVENTE",Inventario!B193)),"SOL", IF(ISNUMBER(SEARCH("TINTA",Inventario!B193)),"TIN", IF(ISNUMBER(SEARCH("ACRILICO",Inventario!B193)),"ACR", IF(ISNUMBER(SEARCH("LED",Inventario!B193)),"LED", IF(ISNUMBER(SEARCH("FUENTE",Inventario!B193)),"FUE", IF(ISNUMBER(SEARCH("PETG",Inventario!B193)),"PET", IF(ISNUMBER(SEARCH("ALUMINIO",Inventario!B193)),"ALU", IF(ISNUMBER(SEARCH("CANAL",Inventario!B193)),"CAN", IF(ISNUMBER(SEARCH("ESCUADRA",Inventario!B193)),"ESC", IF(ISNUMBER(SEARCH("SOPORTE",Inventario!B193)),"SOP","OTR") ))))))))))))))))))) -> PAN-ALU-COM | B194: =IF(ISNUMBER(SEARCH("CORTE",Inventario!B193)),"COR", IF(ISNUMBER(SEARCH("CRISTAL",Inventario!B193)),"CR", IF(OR(ISNUMBER(SEARCH("OPTICO",Inventario!B193)),ISNUMBER(SEARCH("OPTICOS",Inventario!B193)),ISNUMBER(SEARCH("OPTICA",Inventario!B193))),"OP", IF(ISNUMBER(SEARCH("NANO",Inventario!B193)),"NA", IF(ISNUMBER(SEARCH("5050",Inventario!B193)),"5050", IF(ISNUMBER(SEARCH("MICRO",Inventario!B193)),"MI","")))))) | C194: =IF(ISNUMBER(SEARCH("PARED",Inventario!B193)),"PAR",IF(ISNUMBER(SEARCH("MATE",Inventario!B193)),"MAT", IF(ISNUMBER(SEARCH("FRONT",Inventario!B193)),"FRO", IF(ISNUMBER(SEARCH("BACK",Inventario!B193)),"BAC", IF(ISNUMBER(SEARCH("MESH",Inventario!B193)),"MES", IF(OR(ISNUMBER(SEARCH("BRILLANTE",Inventario!B193)),ISNUMBER(SEARCH("BTE",Inventario!B193))),"BRI", IF(ISNUMBER(SEARCH("SINTETICA DELGADA",Inventario!B193)),"SD", IF(ISNUMBER(SEARCH("SINTETICA GRUESA",Inventario!B193)),"SG", IF(ISNUMBER(SEARCH("ESTATICO",Inventario!B193)),"EST", IF(ISNUMBER(SEARCH("FLOOR",Inventario!B193)),"FLO", IF(ISNUMBER(SEARCH("REFLECTIVO",Inventario!B193)),"REF", IF(ISNUMBER(SEARCH("MICROPERFORADO",Inventario!B193)),"MI", IF(ISNUMBER(SEARCH("CEPILLADO",Inventario!B193)),"CEP", IF(ISNUMBER(SEARCH("ESPEJO",Inventario!B193)),"ESP", IF(OR(ISNUMBER(SEARCH("UNIDIODO",Inventario!B193)),ISNUMBER(SEARCH("1 DIODO",Inventario!B193))),"1D", IF(ISNUMBER(SEARCH("2 DIODOS",Inventario!B193)),"2D", IF(ISNUMBER(SEARCH("3 DIODOS",Inventario!B193)),"3D",""))))))))))))))))) | D194: =IF(ISNUMBER(SEARCH("LX700",Inventario!B193)),"LX7", IF(ISNUMBER(SEARCH("GRANDO",Inventario!B193)),"GRA", IF(OR(ISNUMBER(SEARCH("CAMA PLANA",Inventario!B193)),ISNUMBER(SEARCH("FB700",Inventario!B193))),"CP", IF(ISNUMBER(SEARCH("LX360",Inventario!B193)),"LX3", IF(ISNUMBER(SEARCH("XEROX",Inventario!B193)),"XER", IF(ISNUMBER(SEARCH("18 OZ",Inventario!B193)),"18OZ", IF(ISNUMBER(SEARCH("15 OZ",Inventario!B193)),"15OZ", IF(OR(ISNUMBER(SEARCH("13 OZ",Inventario!B193)),ISNUMBER(SEARCH("13 ONZAS",Inventario!B193))),"13OZ", IF(OR(ISNUMBER(SEARCH("9 OZ",Inventario!B193)),ISNUMBER(SEARCH("9 ONZAS",Inventario!B193))),"09OZ",""))))))))) | E194: =IF(OR(ISNUMBER(SEARCH("TRANSPARENTE",Inventario!B193)),ISNUMBER(SEARCH("TRANSPARENTES",Inventario!B193))),"TR", IF(OR(ISNUMBER(SEARCH("BLANCO",Inventario!B193)),ISNUMBER(SEARCH("BCO",Inventario!B193))),"BL", IF(ISNUMBER(SEARCH("VERDE",Inventario!B193)),"VR", IF(ISNUMBER(SEARCH("MORADO",Inventario!B193)),"MR", IF(ISNUMBER(SEARCH("PLATA",Inventario!B193)),"PL", IF(ISNUMBER(SEARCH("ORO",Inventario!B193)),"OR", IF(ISNUMBER(SEARCH("AMARILLO",Inventario!B193)),"AM", IF(ISNUMBER(SEARCH("NARANJA",Inventario!B193)),"NR", IF(ISNUMBER(SEARCH("NEGRO",Inventario!B193)),"NG", IF(ISNUMBER(SEARCH("ROJO",Inventario!B193)),"RJ", IF(ISNUMBER(SEARCH("AZUL",Inventario!B193)),"AZ",""))))))))))) -> RJ | F194: =IF(ISNUMBER(SEARCH("1,2 MM",Inventario!B193)),"1MM2", IF(OR(ISNUMBER(SEARCH("2 MM",Inventario!B193)),ISNUMBER(SEARCH("2MM",Inventario!B193))),"2MM", IF(OR(ISNUMBER(SEARCH("3 MM",Inventario!B193)),ISNUMBER(SEARCH("3MM",Inventario!B193))),"3MM", IF(OR(ISNUMBER(SEARCH("4 MM",Inventario!B193)),ISNUMBER(SEARCH("4MM",Inventario!B193)),ISNUMBER(SEARCH("4 mm",Inventario!B193))),"4MM", IF(OR(ISNUMBER(SEARCH("5 MM",Inventario!B193)),ISNUMBER(SEARCH("5MM",Inventario!B193))),"5MM", IF(OR(ISNUMBER(SEARCH("6 MM",Inventario!B193)),ISNUMBER(SEARCH("6MM",Inventario!B193))),"6MM", IF(OR(ISNUMBER(SEARCH("10 MM",Inventario!B193)),ISNUMBER(SEARCH("10MM",Inventario!B193))),"10MM",""))))))) -> 4MM | H194: =IF(ISNUMBER(SEARCH("SILED",Inventario!B193)),"SI", IF(ISNUMBER(SEARCH("SYDEMEX",Inventario!B193)),"SY", IF(ISNUMBER(SEARCH("ROHS",Inventario!B193)),"RO", IF(ISNUMBER(SEARCH("RISHANG",Inventario!B193)),"RS", IF(ISNUMBER(SEARCH("VYG",Inventario!B193)),"VYG", IF(ISNUMBER(SEARCH("COLED",Inventario!B193)),"CO",""))))))
A195: =IF(ISNUMBER(SEARCH("LONA",Inventario!B194)),"LON", IF(ISNUMBER(SEARCH("VINIL",Inventario!B194)),"VIN", IF(ISNUMBER(SEARCH("PANEL DE ALUMINIO COMPUESTO",Inventario!B194)),"PAN-ALU-COM", IF(ISNUMBER(SEARCH("PVC",Inventario!B194)),"PVC", IF(ISNUMBER(SEARCH("PAPEL",Inventario!B194)),"PAP", IF(ISNUMBER(SEARCH("TELA",Inventario!B194)),"TEL", IF(ISNUMBER(SEARCH("CARTULINA",Inventario!B194)),"CAR", IF(OR(ISNUMBER(SEARCH("LAMINA",Inventario!B194)),ISNUMBER(SEARCH("LÁMINA",Inventario!B194))),"LAM", IF(ISNUMBER(SEARCH("ESTIRENO",Inventario!B194)),"EST", IF(ISNUMBER(SEARCH("FOAMBOARD",Inventario!B194)),"FOA", IF(ISNUMBER(SEARCH("SOLVENTE",Inventario!B194)),"SOL", IF(ISNUMBER(SEARCH("TINTA",Inventario!B194)),"TIN", IF(ISNUMBER(SEARCH("ACRILICO",Inventario!B194)),"ACR", IF(ISNUMBER(SEARCH("LED",Inventario!B194)),"LED", IF(ISNUMBER(SEARCH("FUENTE",Inventario!B194)),"FUE", IF(ISNUMBER(SEARCH("PETG",Inventario!B194)),"PET", IF(ISNUMBER(SEARCH("ALUMINIO",Inventario!B194)),"ALU", IF(ISNUMBER(SEARCH("CANAL",Inventario!B194)),"CAN", IF(ISNUMBER(SEARCH("ESCUADRA",Inventario!B194)),"ESC", IF(ISNUMBER(SEARCH("SOPORTE",Inventario!B194)),"SOP","OTR") ))))))))))))))))))) -> PAN-ALU-COM | B195: =IF(ISNUMBER(SEARCH("CORTE",Inventario!B194)),"COR", IF(ISNUMBER(SEARCH("CRISTAL",Inventario!B194)),"CR", IF(OR(ISNUMBER(SEARCH("OPTICO",Inventario!B194)),ISNUMBER(SEARCH("OPTICOS",Inventario!B194)),ISNUMBER(SEARCH("OPTICA",Inventario!B194))),"OP", IF(ISNUMBER(SEARCH("NANO",Inventario!B194)),"NA", IF(ISNUMBER(SEARCH("5050",Inventario!B194)),"5050", IF(ISNUMBER(SEARCH("MICRO",Inventario!B194)),"MI","")))))) | C195: =IF(ISNUMBER(SEARCH("PARED",Inventario!B194)),"PAR",IF(ISNUMBER(SEARCH("MATE",Inventario!B194)),"MAT", IF(ISNUMBER(SEARCH("FRONT",Inventario!B194)),"FRO", IF(ISNUMBER(SEARCH("BACK",Inventario!B194)),"BAC", IF(ISNUMBER(SEARCH("MESH",Inventario!B194)),"MES", IF(OR(ISNUMBER(SEARCH("BRILLANTE",Inventario!B194)),ISNUMBER(SEARCH("BTE",Inventario!B194))),"BRI", IF(ISNUMBER(SEARCH("SINTETICA DELGADA",Inventario!B194)),"SD", IF(ISNUMBER(SEARCH("SINTETICA GRUESA",Inventario!B194)),"SG", IF(ISNUMBER(SEARCH("ESTATICO",Inventario!B194)),"EST", IF(ISNUMBER(SEARCH("FLOOR",Inventario!B194)),"FLO", IF(ISNUMBER(SEARCH("REFLECTIVO",Inventario!B194)),"REF", IF(ISNUMBER(SEARCH("MICROPERFORADO",Inventario!B194)),"MI", IF(ISNUMBER(SEARCH("CEPILLADO",Inventario!B194)),"CEP", IF(ISNUMBER(SEARCH("ESPEJO",Inventario!B194)),"ESP", IF(OR(ISNUMBER(SEARCH("UNIDIODO",Inventario!B194)),ISNUMBER(SEARCH("1 DIODO",Inventario!B194))),"1D", IF(ISNUMBER(SEARCH("2 DIODOS",Inventario!B194)),"2D", IF(ISNUMBER(SEARCH("3 DIODOS",Inventario!B194)),"3D",""))))))))))))))))) | D195: =IF(ISNUMBER(SEARCH("LX700",Inventario!B194)),"LX7", IF(ISNUMBER(SEARCH("GRANDO",Inventario!B194)),"GRA", IF(OR(ISNUMBER(SEARCH("CAMA PLANA",Inventario!B194)),ISNUMBER(SEARCH("FB700",Inventario!B194))),"CP", IF(ISNUMBER(SEARCH("LX360",Inventario!B194)),"LX3", IF(ISNUMBER(SEARCH("XEROX",Inventario!B194)),"XER", IF(ISNUMBER(SEARCH("18 OZ",Inventario!B194)),"18OZ", IF(ISNUMBER(SEARCH("15 OZ",Inventario!B194)),"15OZ", IF(OR(ISNUMBER(SEARCH("13 OZ",Inventario!B194)),ISNUMBER(SEARCH("13 ONZAS",Inventario!B194))),"13OZ", IF(OR(ISNUMBER(SEARCH("9 OZ",Inventario!B194)),ISNUMBER(SEARCH("9 ONZAS",Inventario!B194))),"09OZ",""))))))))) | E195: =IF(OR(ISNUMBER(SEARCH("TRANSPARENTE",Inventario!B194)),ISNUMBER(SEARCH("TRANSPARENTES",Inventario!B194))),"TR", IF(OR(ISNUMBER(SEARCH("BLANCO",Inventario!B194)),ISNUMBER(SEARCH("BCO",Inventario!B194))),"BL", IF(ISNUMBER(SEARCH("VERDE",Inventario!B194)),"VR", IF(ISNUMBER(SEARCH("MORADO",Inventario!B194)),"MR", IF(ISNUMBER(SEARCH("PLATA",Inventario!B194)),"PL", IF(ISNUMBER(SEARCH("ORO",Inventario!B194)),"OR", IF(ISNUMBER(SEARCH("AMARILLO",Inventario!B194)),"AM", IF(ISNUMBER(SEARCH("NARANJA",Inventario!B194)),"NR", IF(ISNUMBER(SEARCH("NEGRO",Inventario!B194)),"NG", IF(ISNUMBER(SEARCH("ROJO",Inventario!B194)),"RJ", IF(ISNUMBER(SEARCH("AZUL",Inventario!B194)),"AZ",""))))))))))) -> RJ | F195: =IF(ISNUMBER(SEARCH("1,2 MM",Inventario!B194)),"1MM2", IF(OR(ISNUMBER(SEARCH("2 MM",Inventario!B194)),ISNUMBER(SEARCH("2MM",Inventario!B194))),"2MM", IF(OR(ISNUMBER(SEARCH("3 MM",Inventario!B194)),ISNUMBER(SEARCH("3MM",Inventario!B194))),"3MM", IF(OR(ISNUMBER(SEARCH("4 MM",Inventario!B194)),ISNUMBER(SEARCH("4MM",Inventario!B194)),ISNUMBER(SEARCH("4 mm",Inventario!B194))),"4MM", IF(OR(ISNUMBER(SEARCH("5 MM",Inventario!B194)),ISNUMBER(SEARCH("5MM",Inventario!B194))),"5MM", IF(OR(ISNUMBER(SEARCH("6 MM",Inventario!B194)),ISNUMBER(SEARCH("6MM",Inventario!B194))),"6MM", IF(OR(ISNUMBER(SEARCH("10 MM",Inventario!B194)),ISNUMBER(SEARCH("10MM",Inventario!B194))),"10MM",""))))))) -> 4MM | H195: =IF(ISNUMBER(SEARCH("SILED",Inventario!B194)),"SI", IF(ISNUMBER(SEARCH("SYDEMEX",Inventario!B194)),"SY", IF(ISNUMBER(SEARCH("ROHS",Inventario!B194)),"RO", IF(ISNUMBER(SEARCH("RISHANG",Inventario!B194)),"RS", IF(ISNUMBER(SEARCH("VYG",Inventario!B194)),"VYG", IF(ISNUMBER(SEARCH("COLED",Inventario!B194)),"CO",""))))))
A196: =IF(ISNUMBER(SEARCH("LONA",Inventario!B195)),"LON", IF(ISNUMBER(SEARCH("VINIL",Inventario!B195)),"VIN", IF(ISNUMBER(SEARCH("PANEL DE ALUMINIO COMPUESTO",Inventario!B195)),"PAN-ALU-COM", IF(ISNUMBER(SEARCH("PVC",Inventario!B195)),"PVC", IF(ISNUMBER(SEARCH("PAPEL",Inventario!B195)),"PAP", IF(ISNUMBER(SEARCH("TELA",Inventario!B195)),"TEL", IF(ISNUMBER(SEARCH("CARTULINA",Inventario!B195)),"CAR", IF(OR(ISNUMBER(SEARCH("LAMINA",Inventario!B195)),ISNUMBER(SEARCH("LÁMINA",Inventario!B195))),"LAM", IF(ISNUMBER(SEARCH("ESTIRENO",Inventario!B195)),"EST", IF(ISNUMBER(SEARCH("FOAMBOARD",Inventario!B195)),"FOA", IF(ISNUMBER(SEARCH("SOLVENTE",Inventario!B195)),"SOL", IF(ISNUMBER(SEARCH("TINTA",Inventario!B195)),"TIN", IF(ISNUMBER(SEARCH("ACRILICO",Inventario!B195)),"ACR", IF(ISNUMBER(SEARCH("LED",Inventario!B195)),"LED", IF(ISNUMBER(SEARCH("FUENTE",Inventario!B195)),"FUE", IF(ISNUMBER(SEARCH("PETG",Inventario!B195)),"PET", IF(ISNUMBER(SEARCH("ALUMINIO",Inventario!B195)),"ALU", IF(ISNUMBER(SEARCH("CANAL",Inventario!B195)),"CAN", IF(ISNUMBER(SEARCH("ESCUADRA",Inventario!B195)),"ESC", IF(ISNUMBER(SEARCH("SOPORTE",Inventario!B195)),"SOP","OTR") ))))))))))))))))))) -> PAN-ALU-COM | B196: =IF(ISNUMBER(SEARCH("CORTE",Inventario!B195)),"COR", IF(ISNUMBER(SEARCH("CRISTAL",Inventario!B195)),"CR", IF(OR(ISNUMBER(SEARCH("OPTICO",Inventario!B195)),ISNUMBER(SEARCH("OPTICOS",Inventario!B195)),ISNUMBER(SEARCH("OPTICA",Inventario!B195))),"OP", IF(ISNUMBER(SEARCH("NANO",Inventario!B195)),"NA", IF(ISNUMBER(SEARCH("5050",Inventario!B195)),"5050", IF(ISNUMBER(SEARCH("MICRO",Inventario!B195)),"MI","")))))) | C196: =IF(ISNUMBER(SEARCH("PARED",Inventario!B195)),"PAR",IF(ISNUMBER(SEARCH("MATE",Inventario!B195)),"MAT", IF(ISNUMBER(SEARCH("FRONT",Inventario!B195)),"FRO", IF(ISNUMBER(SEARCH("BACK",Inventario!B195)),"BAC", IF(ISNUMBER(SEARCH("MESH",Inventario!B195)),"MES", IF(OR(ISNUMBER(SEARCH("BRILLANTE",Inventario!B195)),ISNUMBER(SEARCH("BTE",Inventario!B195))),"BRI", IF(ISNUMBER(SEARCH("SINTETICA DELGADA",Inventario!B195)),"SD", IF(ISNUMBER(SEARCH("SINTETICA GRUESA",Inventario!B195)),"SG", IF(ISNUMBER(SEARCH("ESTATICO",Inventario!B195)),"EST", IF(ISNUMBER(SEARCH("FLOOR",Inventario!B195)),"FLO", IF(ISNUMBER(SEARCH("REFLECTIVO",Inventario!B195)),"REF", IF(ISNUMBER(SEARCH("MICROPERFORADO",Inventario!B195)),"MI", IF(ISNUMBER(SEARCH("CEPILLADO",Inventario!B195)),"CEP", IF(ISNUMBER(SEARCH("ESPEJO",Inventario!B195)),"ESP", IF(OR(ISNUMBER(SEARCH("UNIDIODO",Inventario!B195)),ISNUMBER(SEARCH("1 DIODO",Inventario!B195))),"1D", IF(ISNUMBER(SEARCH("2 DIODOS",Inventario!B195)),"2D", IF(ISNUMBER(SEARCH("3 DIODOS",Inventario!B195)),"3D",""))))))))))))))))) -> BRI | D196: =IF(ISNUMBER(SEARCH("LX700",Inventario!B195)),"LX7", IF(ISNUMBER(SEARCH("GRANDO",Inventario!B195)),"GRA", IF(OR(ISNUMBER(SEARCH("CAMA PLANA",Inventario!B195)),ISNUMBER(SEARCH("FB700",Inventario!B195))),"CP", IF(ISNUMBER(SEARCH("LX360",Inventario!B195)),"LX3", IF(ISNUMBER(SEARCH("XEROX",Inventario!B195)),"XER", IF(ISNUMBER(SEARCH("18 OZ",Inventario!B195)),"18OZ", IF(ISNUMBER(SEARCH("15 OZ",Inventario!B195)),"15OZ", IF(OR(ISNUMBER(SEARCH("13 OZ",Inventario!B195)),ISNUMBER(SEARCH("13 ONZAS",Inventario!B195))),"13OZ", IF(OR(ISNUMBER(SEARCH("9 OZ",Inventario!B195)),ISNUMBER(SEARCH("9 ONZAS",Inventario!B195))),"09OZ",""))))))))) | E196: =IF(OR(ISNUMBER(SEARCH("TRANSPARENTE",Inventario!B195)),ISNUMBER(SEARCH("TRANSPARENTES",Inventario!B195))),"TR", IF(OR(ISNUMBER(SEARCH("BLANCO",Inventario!B195)),ISNUMBER(SEARCH("BCO",Inventario!B195))),"BL", IF(ISNUMBER(SEARCH("VERDE",Inventario!B195)),"VR", IF(ISNUMBER(SEARCH("MORADO",Inventario!B195)),"MR", IF(ISNUMBER(SEARCH("PLATA",Inventario!B195)),"PL", IF(ISNUMBER(SEARCH("ORO",Inventario!B195)),"OR", IF(ISNUMBER(SEARCH("AMARILLO",Inventario!B195)),"AM", IF(ISNUMBER(SEARCH("NARANJA",Inventario!B195)),"NR", IF(ISNUMBER(SEARCH("NEGRO",Inventario!B195)),"NG", IF(ISNUMBER(SEARCH("ROJO",Inventario!B195)),"RJ", IF(ISNUMBER(SEARCH("AZUL",Inventario!B195)),"AZ",""))))))))))) -> PL | F196: =IF(ISNUMBER(SEARCH("1,2 MM",Inventario!B195)),"1MM2", IF(OR(ISNUMBER(SEARCH("2 MM",Inventario!B195)),ISNUMBER(SEARCH("2MM",Inventario!B195))),"2MM", IF(OR(ISNUMBER(SEARCH("3 MM",Inventario!B195)),ISNUMBER(SEARCH("3MM",Inventario!B195))),"3MM", IF(OR(ISNUMBER(SEARCH("4 MM",Inventario!B195)),ISNUMBER(SEARCH("4MM",Inventario!B195)),ISNUMBER(SEARCH("4 mm",Inventario!B195))),"4MM", IF(OR(ISNUMBER(SEARCH("5 MM",Inventario!B195)),ISNUMBER(SEARCH("5MM",Inventario!B195))),"5MM", IF(OR(ISNUMBER(SEARCH("6 MM",Inventario!B195)),ISNUMBER(SEARCH("6MM",Inventario!B195))),"6MM", IF(OR(ISNUMBER(SEARCH("10 MM",Inventario!B195)),ISNUMBER(SEARCH("10MM",Inventario!B195))),"10MM",""))))))) -> 4MM | H196: =IF(ISNUMBER(SEARCH("SILED",Inventario!B195)),"SI", IF(ISNUMBER(SEARCH("SYDEMEX",Inventario!B195)),"SY", IF(ISNUMBER(SEARCH("ROHS",Inventario!B195)),"RO", IF(ISNUMBER(SEARCH("RISHANG",Inventario!B195)),"RS", IF(ISNUMBER(SEARCH("VYG",Inventario!B195)),"VYG", IF(ISNUMBER(SEARCH("COLED",Inventario!B195)),"CO",""))))))
... A227: =IF(ISNUMBER(SEARCH("LONA",Inventario!B226)),"LON", IF(ISNUMBER(SEARCH("VINIL",Inventario!B226)),"VIN", IF(ISNUMBER(SEARCH("PANEL DE ALUMINIO COMPUESTO",Inventario!B226)),"PAN-ALU-COM", IF(ISNUMBER(SEARCH("PVC",Inventario!B226)),"PVC", IF(ISNUMBER(SEARCH("PAPEL",Inventario!B226)),"PAP", IF(ISNUMBER(SEARCH("TELA",Inventario!B226)),"TEL", IF(ISNUMBER(SEARCH("CARTULINA",Inventario!B226)),"CAR", IF(OR(ISNUMBER(SEARCH("LAMINA",Inventario!B226)),ISNUMBER(SEARCH("LÁMINA",Inventario!B226))),"LAM", IF(ISNUMBER(SEARCH("ESTIRENO",Inventario!B226)),"EST", IF(ISNUMBER(SEARCH("FOAMBOARD",Inventario!B226)),"FOA", IF(ISNUMBER(SEARCH("SOLVENTE",Inventario!B226)),"SOL", IF(ISNUMBER(SEARCH("TINTA",Inventario!B226)),"TIN", IF(ISNUMBER(SEARCH("ACRILICO",Inventario!B226)),"ACR", IF(ISNUMBER(SEARCH("LED",Inventario!B226)),"LED", IF(ISNUMBER(SEARCH("FUENTE",Inventario!B226)),"FUE", IF(ISNUMBER(SEARCH("PETG",Inventario!B226)),"PET", IF(ISNUMBER(SEARCH("ALUMINIO",Inventario!B226)),"ALU", IF(ISNUMBER(SEARCH("CANAL",Inventario!B226)),"CAN", IF(ISNUMBER(SEARCH("ESCUADRA",Inventario!B226)),"ESC", IF(ISNUMBER(SEARCH("SOPORTE",Inventario!B226)),"SOP","OTR") ))))))))))))))))))) -> PVC | B227: =IF(ISNUMBER(SEARCH("CORTE",Inventario!B226)),"COR", IF(ISNUMBER(SEARCH("CRISTAL",Inventario!B226)),"CR", IF(OR(ISNUMBER(SEARCH("OPTICO",Inventario!B226)),ISNUMBER(SEARCH("OPTICOS",Inventario!B226)),ISNUMBER(SEARCH("OPTICA",Inventario!B226))),"OP", IF(ISNUMBER(SEARCH("NANO",Inventario!B226)),"NA", IF(ISNUMBER(SEARCH("5050",Inventario!B226)),"5050", IF(ISNUMBER(SEARCH("MICRO",Inventario!B226)),"MI","")))))) | C227: =IF(ISNUMBER(SEARCH("PARED",Inventario!B226)),"PAR",IF(ISNUMBER(SEARCH("MATE",Inventario!B226)),"MAT", IF(ISNUMBER(SEARCH("FRONT",Inventario!B226)),"FRO", IF(ISNUMBER(SEARCH("BACK",Inventario!B226)),"BAC", IF(ISNUMBER(SEARCH("MESH",Inventario!B226)),"MES", IF(OR(ISNUMBER(SEARCH("BRILLANTE",Inventario!B226)),ISNUMBER(SEARCH("BTE",Inventario!B226))),"BRI", IF(ISNUMBER(SEARCH("SINTETICA DELGADA",Inventario!B226)),"SD", IF(ISNUMBER(SEARCH("SINTETICA GRUESA",Inventario!B226)),"SG", IF(ISNUMBER(SEARCH("ESTATICO",Inventario!B226)),"EST", IF(ISNUMBER(SEARCH("FLOOR",Inventario!B226)),"FLO", IF(ISNUMBER(SEARCH("REFLECTIVO",Inventario!B226)),"REF", IF(ISNUMBER(SEARCH("MICROPERFORADO",Inventario!B226)),"MI", IF(ISNUMBER(SEARCH("CEPILLADO",Inventario!B226)),"CEP", IF(ISNUMBER(SEARCH("ESPEJO",Inventario!B226)),"ESP", IF(OR(ISNUMBER(SEARCH("UNIDIODO",Inventario!B226)),ISNUMBER(SEARCH("1 DIODO",Inventario!B226))),"1D", IF(ISNUMBER(SEARCH("2 DIODOS",Inventario!B226)),"2D", IF(ISNUMBER(SEARCH("3 DIODOS",Inventario!B226)),"3D",""))))))))))))))))) | D227: =IF(ISNUMBER(SEARCH("LX700",Inventario!B226)),"LX7", IF(ISNUMBER(SEARCH("GRANDO",Inventario!B226)),"GRA", IF(OR(ISNUMBER(SEARCH("CAMA PLANA",Inventario!B226)),ISNUMBER(SEARCH("FB700",Inventario!B226))),"CP", IF(ISNUMBER(SEARCH("LX360",Inventario!B226)),"LX3", IF(ISNUMBER(SEARCH("XEROX",Inventario!B226)),"XER", IF(ISNUMBER(SEARCH("18 OZ",Inventario!B226)),"18OZ", IF(ISNUMBER(SEARCH("15 OZ",Inventario!B226)),"15OZ", IF(OR(ISNUMBER(SEARCH("13 OZ",Inventario!B226)),ISNUMBER(SEARCH("13 ONZAS",Inventario!B226))),"13OZ", IF(OR(ISNUMBER(SEARCH("9 OZ",Inventario!B226)),ISNUMBER(SEARCH("9 ONZAS",Inventario!B226))),"09OZ",""))))))))) | E227: =IF(OR(ISNUMBER(SEARCH("TRANSPARENTE",Inventario!B226)),ISNUMBER(SEARCH("TRANSPARENTES",Inventario!B226))),"TR", IF(OR(ISNUMBER(SEARCH("BLANCO",Inventario!B226)),ISNUMBER(SEARCH("BCO",Inventario!B226))),"BL", IF(ISNUMBER(SEARCH("VERDE",Inventario!B226)),"VR", IF(ISNUMBER(SEARCH("MORADO",Inventario!B226)),"MR", IF(ISNUMBER(SEARCH("PLATA",Inventario!B226)),"PL", IF(ISNUMBER(SEARCH("ORO",Inventario!B226)),"OR", IF(ISNUMBER(SEARCH("AMARILLO",Inventario!B226)),"AM", IF(ISNUMBER(SEARCH("NARANJA",Inventario!B226)),"NR", IF(ISNUMBER(SEARCH("NEGRO",Inventario!B226)),"NG", IF(ISNUMBER(SEARCH("ROJO",Inventario!B226)),"RJ", IF(ISNUMBER(SEARCH("AZUL",Inventario!B226)),"AZ",""))))))))))) -> RJ | F227: =IF(ISNUMBER(SEARCH("1,2 MM",Inventario!B226)),"1MM2", IF(OR(ISNUMBER(SEARCH("2 MM",Inventario!B226)),ISNUMBER(SEARCH("2MM",Inventario!B226))),"2MM", IF(OR(ISNUMBER(SEARCH("3 MM",Inventario!B226)),ISNUMBER(SEARCH("3MM",Inventario!B226))),"3MM", IF(OR(ISNUMBER(SEARCH("4 MM",Inventario!B226)),ISNUMBER(SEARCH("4MM",Inventario!B226)),ISNUMBER(SEARCH("4 mm",Inventario!B226))),"4MM", IF(OR(ISNUMBER(SEARCH("5 MM",Inventario!B226)),ISNUMBER(SEARCH("5MM",Inventario!B226))),"5MM", IF(OR(ISNUMBER(SEARCH("6 MM",Inventario!B226)),ISNUMBER(SEARCH("6MM",Inventario!B226))),"6MM", IF(OR(ISNUMBER(SEARCH("10 MM",Inventario!B226)),ISNUMBER(SEARCH("10MM",Inventario!B226))),"10MM",""))))))) -> 3MM | H227: =IF(ISNUMBER(SEARCH("SILED",Inventario!B226)),"SI", IF(ISNUMBER(SEARCH("SYDEMEX",Inventario!B226)),"SY", IF(ISNUMBER(SEARCH("ROHS",Inventario!B226)),"RO", IF(ISNUMBER(SEARCH("RISHANG",Inventario!B226)),"RS", IF(ISNUMBER(SEARCH("VYG",Inventario!B226)),"VYG", IF(ISNUMBER(SEARCH("COLED",Inventario!B226)),"CO",""))))))
A228: =IF(ISNUMBER(SEARCH("LONA",Inventario!B227)),"LON", IF(ISNUMBER(SEARCH("VINIL",Inventario!B227)),"VIN", IF(ISNUMBER(SEARCH("PANEL DE ALUMINIO COMPUESTO",Inventario!B227)),"PAN-ALU-COM", IF(ISNUMBER(SEARCH("PVC",Inventario!B227)),"PVC", IF(ISNUMBER(SEARCH("PAPEL",Inventario!B227)),"PAP", IF(ISNUMBER(SEARCH("TELA",Inventario!B227)),"TEL", IF(ISNUMBER(SEARCH("CARTULINA",Inventario!B227)),"CAR", IF(OR(ISNUMBER(SEARCH("LAMINA",Inventario!B227)),ISNUMBER(SEARCH("LÁMINA",Inventario!B227))),"LAM", IF(ISNUMBER(SEARCH("ESTIRENO",Inventario!B227)),"EST", IF(ISNUMBER(SEARCH("FOAMBOARD",Inventario!B227)),"FOA", IF(ISNUMBER(SEARCH("SOLVENTE",Inventario!B227)),"SOL", IF(ISNUMBER(SEARCH("TINTA",Inventario!B227)),"TIN", IF(ISNUMBER(SEARCH("ACRILICO",Inventario!B227)),"ACR", IF(ISNUMBER(SEARCH("LED",Inventario!B227)),"LED", IF(ISNUMBER(SEARCH("FUENTE",Inventario!B227)),"FUE", IF(ISNUMBER(SEARCH("PETG",Inventario!B227)),"PET", IF(ISNUMBER(SEARCH("ALUMINIO",Inventario!B227)),"ALU", IF(ISNUMBER(SEARCH("CANAL",Inventario!B227)),"CAN", IF(ISNUMBER(SEARCH("ESCUADRA",Inventario!B227)),"ESC", IF(ISNUMBER(SEARCH("SOPORTE",Inventario!B227)),"SOP","OTR") ))))))))))))))))))) -> LED | B228: =IF(ISNUMBER(SEARCH("CORTE",Inventario!B227)),"COR", IF(ISNUMBER(SEARCH("CRISTAL",Inventario!B227)),"CR", IF(OR(ISNUMBER(SEARCH("OPTICO",Inventario!B227)),ISNUMBER(SEARCH("OPTICOS",Inventario!B227)),ISNUMBER(SEARCH("OPTICA",Inventario!B227))),"OP", IF(ISNUMBER(SEARCH("NANO",Inventario!B227)),"NA", IF(ISNUMBER(SEARCH("5050",Inventario!B227)),"5050", IF(ISNUMBER(SEARCH("MICRO",Inventario!B227)),"MI","")))))) | C228: =IF(ISNUMBER(SEARCH("PARED",Inventario!B227)),"PAR",IF(ISNUMBER(SEARCH("MATE",Inventario!B227)),"MAT", IF(ISNUMBER(SEARCH("FRONT",Inventario!B227)),"FRO", IF(ISNUMBER(SEARCH("BACK",Inventario!B227)),"BAC", IF(ISNUMBER(SEARCH("MESH",Inventario!B227)),"MES", IF(OR(ISNUMBER(SEARCH("BRILLANTE",Inventario!B227)),ISNUMBER(SEARCH("BTE",Inventario!B227))),"BRI", IF(ISNUMBER(SEARCH("SINTETICA DELGADA",Inventario!B227)),"SD", IF(ISNUMBER(SEARCH("SINTETICA GRUESA",Inventario!B227)),"SG", IF(ISNUMBER(SEARCH("ESTATICO",Inventario!B227)),"EST", IF(ISNUMBER(SEARCH("FLOOR",Inventario!B227)),"FLO", IF(ISNUMBER(SEARCH("REFLECTIVO",Inventario!B227)),"REF", IF(ISNUMBER(SEARCH("MICROPERFORADO",Inventario!B227)),"MI", IF(ISNUMBER(SEARCH("CEPILLADO",Inventario!B227)),"CEP", IF(ISNUMBER(SEARCH("ESPEJO",Inventario!B227)),"ESP", IF(OR(ISNUMBER(SEARCH("UNIDIODO",Inventario!B227)),ISNUMBER(SEARCH("1 DIODO",Inventario!B227))),"1D", IF(ISNUMBER(SEARCH("2 DIODOS",Inventario!B227)),"2D", IF(ISNUMBER(SEARCH("3 DIODOS",Inventario!B227)),"3D",""))))))))))))))))) -> 2D | D228: =IF(ISNUMBER(SEARCH("LX700",Inventario!B227)),"LX7", IF(ISNUMBER(SEARCH("GRANDO",Inventario!B227)),"GRA", IF(OR(ISNUMBER(SEARCH("CAMA PLANA",Inventario!B227)),ISNUMBER(SEARCH("FB700",Inventario!B227))),"CP", IF(ISNUMBER(SEARCH("LX360",Inventario!B227)),"LX3", IF(ISNUMBER(SEARCH("XEROX",Inventario!B227)),"XER", IF(ISNUMBER(SEARCH("18 OZ",Inventario!B227)),"18OZ", IF(ISNUMBER(SEARCH("15 OZ",Inventario!B227)),"15OZ", IF(OR(ISNUMBER(SEARCH("13 OZ",Inventario!B227)),ISNUMBER(SEARCH("13 ONZAS",Inventario!B227))),"13OZ", IF(OR(ISNUMBER(SEARCH("9 OZ",Inventario!B227)),ISNUMBER(SEARCH("9 ONZAS",Inventario!B227))),"09OZ",""))))))))) | E228: =IF(OR(ISNUMBER(SEARCH("TRANSPARENTE",Inventario!B227)),ISNUMBER(SEARCH("TRANSPARENTES",Inventario!B227))),"TR", IF(OR(ISNUMBER(SEARCH("BLANCO",Inventario!B227)),ISNUMBER(SEARCH("BCO",Inventario!B227))),"BL", IF(ISNUMBER(SEARCH("VERDE",Inventario!B227)),"VR", IF(ISNUMBER(SEARCH("MORADO",Inventario!B227)),"MR", IF(ISNUMBER(SEARCH("PLATA",Inventario!B227)),"PL", IF(ISNUMBER(SEARCH("ORO",Inventario!B227)),"OR", IF(ISNUMBER(SEARCH("AMARILLO",Inventario!B227)),"AM", IF(ISNUMBER(SEARCH("NARANJA",Inventario!B227)),"NR", IF(ISNUMBER(SEARCH("NEGRO",Inventario!B227)),"NG", IF(ISNUMBER(SEARCH("ROJO",Inventario!B227)),"RJ", IF(ISNUMBER(SEARCH("AZUL",Inventario!B227)),"AZ",""))))))))))) -> BL | F228: =IF(ISNUMBER(SEARCH("1,2 MM",Inventario!B227)),"1MM2", IF(OR(ISNUMBER(SEARCH("2 MM",Inventario!B227)),ISNUMBER(SEARCH("2MM",Inventario!B227))),"2MM", IF(OR(ISNUMBER(SEARCH("3 MM",Inventario!B227)),ISNUMBER(SEARCH("3MM",Inventario!B227))),"3MM", IF(OR(ISNUMBER(SEARCH("4 MM",Inventario!B227)),ISNUMBER(SEARCH("4MM",Inventario!B227)),ISNUMBER(SEARCH("4 mm",Inventario!B227))),"4MM", IF(OR(ISNUMBER(SEARCH("5 MM",Inventario!B227)),ISNUMBER(SEARCH("5MM",Inventario!B227))),"5MM", IF(OR(ISNUMBER(SEARCH("6 MM",Inventario!B227)),ISNUMBER(SEARCH("6MM",Inventario!B227))),"6MM", IF(OR(ISNUMBER(SEARCH("10 MM",Inventario!B227)),ISNUMBER(SEARCH("10MM",Inventario!B227))),"10MM",""))))))) | G228: =IF(ISNUMBER(SEARCH("ALTA RESISTENCIA",Inventario!B227)),"AR",IF(ISNUMBER(SEARCH("CAMPAÑA",Inventario!B227)),"CA", IF(OR(ISNUMBER(SEARCH("CALIDO",Inventario!B227)),ISNUMBER(SEARCH("CÁLIDO",Inventario!B227))),"C", IF(OR(ISNUMBER(SEARCH("TRASLUCIDO",Inventario!B227)),ISNUMBER(SEARCH("TRANSLUCIDO",Inventario!B227))),"TL", IF(ISNUMBER(SEARCH("NEUTRO",Inventario!B227)),"N", IF(ISNUMBER(SEARCH("FRIO",Inventario!B227)),"F","")))))) -> F | H228: =IF(ISNUMBER(SEARCH("SILED",Inventario!B227)),"SI", IF(ISNUMBER(SEARCH("SYDEMEX",Inventario!B227)),"SY", IF(ISNUMBER(SEARCH("ROHS",Inventario!B227)),"RO", IF(ISNUMBER(SEARCH("RISHANG",Inventario!B227)),"RS", IF(ISNUMBER(SEARCH("VYG",Inventario!B227)),"VYG", IF(ISNUMBER(SEARCH("COLED",Inventario!B227)),"CO","")))))) -> SY
A229: =IF(ISNUMBER(SEARCH("LONA",Inventario!B228)),"LON", IF(ISNUMBER(SEARCH("VINIL",Inventario!B228)),"VIN", IF(ISNUMBER(SEARCH("PANEL DE ALUMINIO COMPUESTO",Inventario!B228)),"PAN-ALU-COM", IF(ISNUMBER(SEARCH("PVC",Inventario!B228)),"PVC", IF(ISNUMBER(SEARCH("PAPEL",Inventario!B228)),"PAP", IF(ISNUMBER(SEARCH("TELA",Inventario!B228)),"TEL", IF(ISNUMBER(SEARCH("CARTULINA",Inventario!B228)),"CAR", IF(OR(ISNUMBER(SEARCH("LAMINA",Inventario!B228)),ISNUMBER(SEARCH("LÁMINA",Inventario!B228))),"LAM", IF(ISNUMBER(SEARCH("ESTIRENO",Inventario!B228)),"EST", IF(ISNUMBER(SEARCH("FOAMBOARD",Inventario!B228)),"FOA", IF(ISNUMBER(SEARCH("SOLVENTE",Inventario!B228)),"SOL", IF(ISNUMBER(SEARCH("TINTA",Inventario!B228)),"TIN", IF(ISNUMBER(SEARCH("ACRILICO",Inventario!B228)),"ACR", IF(ISNUMBER(SEARCH("LED",Inventario!B228)),"LED", IF(ISNUMBER(SEARCH("FUENTE",Inventario!B228)),"FUE", IF(ISNUMBER(SEARCH("PETG",Inventario!B228)),"PET", IF(ISNUMBER(SEARCH("ALUMINIO",Inventario!B228)),"ALU", IF(ISNUMBER(SEARCH("CANAL",Inventario!B228)),"CAN", IF(ISNUMBER(SEARCH("ESCUADRA",Inventario!B228)),"ESC", IF(ISNUMBER(SEARCH("SOPORTE",Inventario!B228)),"SOP","OTR") ))))))))))))))))))) -> LED | B229: =IF(ISNUMBER(SEARCH("CORTE",Inventario!B228)),"COR", IF(ISNUMBER(SEARCH("CRISTAL",Inventario!B228)),"CR", IF(OR(ISNUMBER(SEARCH("OPTICO",Inventario!B228)),ISNUMBER(SEARCH("OPTICOS",Inventario!B228)),ISNUMBER(SEARCH("OPTICA",Inventario!B228))),"OP", IF(ISNUMBER(SEARCH("NANO",Inventario!B228)),"NA", IF(ISNUMBER(SEARCH("5050",Inventario!B228)),"5050", IF(ISNUMBER(SEARCH("MICRO",Inventario!B228)),"MI","")))))) -> OP | C229: =IF(ISNUMBER(SEARCH("PARED",Inventario!B228)),"PAR",IF(ISNUMBER(SEARCH("MATE",Inventario!B228)),"MAT", IF(ISNUMBER(SEARCH("FRONT",Inventario!B228)),"FRO", IF(ISNUMBER(SEARCH("BACK",Inventario!B228)),"BAC", IF(ISNUMBER(SEARCH("MESH",Inventario!B228)),"MES", IF(OR(ISNUMBER(SEARCH("BRILLANTE",Inventario!B228)),ISNUMBER(SEARCH("BTE",Inventario!B228))),"BRI", IF(ISNUMBER(SEARCH("SINTETICA DELGADA",Inventario!B228)),"SD", IF(ISNUMBER(SEARCH("SINTETICA GRUESA",Inventario!B228)),"SG", IF(ISNUMBER(SEARCH("ESTATICO",Inventario!B228)),"EST", IF(ISNUMBER(SEARCH("FLOOR",Inventario!B228)),"FLO", IF(ISNUMBER(SEARCH("REFLECTIVO",Inventario!B228)),"REF", IF(ISNUMBER(SEARCH("MICROPERFORADO",Inventario!B228)),"MI", IF(ISNUMBER(SEARCH("CEPILLADO",Inventario!B228)),"CEP", IF(ISNUMBER(SEARCH("ESPEJO",Inventario!B228)),"ESP", IF(OR(ISNUMBER(SEARCH("UNIDIODO",Inventario!B228)),ISNUMBER(SEARCH("1 DIODO",Inventario!B228))),"1D", IF(ISNUMBER(SEARCH("2 DIODOS",Inventario!B228)),"2D", IF(ISNUMBER(SEARCH("3 DIODOS",Inventario!B228)),"3D",""))))))))))))))))) -> 3D | D229: =IF(ISNUMBER(SEARCH("LX700",Inventario!B228)),"LX7", IF(ISNUMBER(SEARCH("GRANDO",Inventario!B228)),"GRA", IF(OR(ISNUMBER(SEARCH("CAMA PLANA",Inventario!B228)),ISNUMBER(SEARCH("FB700",Inventario!B228))),"CP", IF(ISNUMBER(SEARCH("LX360",Inventario!B228)),"LX3", IF(ISNUMBER(SEARCH("XEROX",Inventario!B228)),"XER", IF(ISNUMBER(SEARCH("18 OZ",Inventario!B228)),"18OZ", IF(ISNUMBER(SEARCH("15 OZ",Inventario!B228)),"15OZ", IF(OR(ISNUMBER(SEARCH("13 OZ",Inventario!B228)),ISNUMBER(SEARCH("13 ONZAS",Inventario!B228))),"13OZ", IF(OR(ISNUMBER(SEARCH("9 OZ",Inventario!B228)),ISNUMBER(SEARCH("9 ONZAS",Inventario!B228))),"09OZ",""))))))))) | E229: =IF(OR(ISNUMBER(SEARCH("TRANSPARENTE",Inventario!B228)),ISNUMBER(SEARCH("TRANSPARENTES",Inventario!B228))),"TR", IF(OR(ISNUMBER(SEARCH("BLANCO",Inventario!B228)),ISNUMBER(SEARCH("BCO",Inventario!B228))),"BL", IF(ISNUMBER(SEARCH("VERDE",Inventario!B228)),"VR", IF(ISNUMBER(SEARCH("MORADO",Inventario!B228)),"MR", IF(ISNUMBER(SEARCH("PLATA",Inventario!B228)),"PL", IF(ISNUMBER(SEARCH("ORO",Inventario!B228)),"OR", IF(ISNUMBER(SEARCH("AMARILLO",Inventario!B228)),"AM", IF(ISNUMBER(SEARCH("NARANJA",Inventario!B228)),"NR", IF(ISNUMBER(SEARCH("NEGRO",Inventario!B228)),"NG", IF(ISNUMBER(SEARCH("ROJO",Inventario!B228)),"RJ", IF(ISNUMBER(SEARCH("AZUL",Inventario!B228)),"AZ",""))))))))))) -> RJ | F229: =IF(ISNUMBER(SEARCH("1,2 MM",Inventario!B228)),"1MM2", IF(OR(ISNUMBER(SEARCH("2 MM",Inventario!B228)),ISNUMBER(SEARCH("2MM",Inventario!B228))),"2MM", IF(OR(ISNUMBER(SEARCH("3 MM",Inventario!B228)),ISNUMBER(SEARCH("3MM",Inventario!B228))),"3MM", IF(OR(ISNUMBER(SEARCH("4 MM",Inventario!B228)),ISNUMBER(SEARCH("4MM",Inventario!B228)),ISNUMBER(SEARCH("4 mm",Inventario!B228))),"4MM", IF(OR(ISNUMBER(SEARCH("5 MM",Inventario!B228)),ISNUMBER(SEARCH("5MM",Inventario!B228))),"5MM", IF(OR(ISNUMBER(SEARCH("6 MM",Inventario!B228)),ISNUMBER(SEARCH("6MM",Inventario!B228))),"6MM", IF(OR(ISNUMBER(SEARCH("10 MM",Inventario!B228)),ISNUMBER(SEARCH("10MM",Inventario!B228))),"10MM",""))))))) | G229: =IF(ISNUMBER(SEARCH("ALTA RESISTENCIA",Inventario!B228)),"AR",IF(ISNUMBER(SEARCH("CAMPAÑA",Inventario!B228)),"CA", IF(OR(ISNUMBER(SEARCH("CALIDO",Inventario!B228)),ISNUMBER(SEARCH("CÁLIDO",Inventario!B228))),"C", IF(OR(ISNUMBER(SEARCH("TRASLUCIDO",Inventario!B228)),ISNUMBER(SEARCH("TRANSLUCIDO",Inventario!B228))),"TL", IF(ISNUMBER(SEARCH("NEUTRO",Inventario!B228)),"N", IF(ISNUMBER(SEARCH("FRIO",Inventario!B228)),"F","")))))) | H229: =IF(ISNUMBER(SEARCH("SILED",Inventario!B228)),"SI", IF(ISNUMBER(SEARCH("SYDEMEX",Inventario!B228)),"SY", IF(ISNUMBER(SEARCH("ROHS",Inventario!B228)),"RO", IF(ISNUMBER(SEARCH("RISHANG",Inventario!B228)),"RS", IF(ISNUMBER(SEARCH("VYG",Inventario!B228)),"VYG", IF(ISNUMBER(SEARCH("COLED",Inventario!B228)),"CO","")))))) -> SI
A230: =IF(ISNUMBER(SEARCH("LONA",Inventario!B229)),"LON", IF(ISNUMBER(SEARCH("VINIL",Inventario!B229)),"VIN", IF(ISNUMBER(SEARCH("PANEL DE ALUMINIO COMPUESTO",Inventario!B229)),"PAN-ALU-COM", IF(ISNUMBER(SEARCH("PVC",Inventario!B229)),"PVC", IF(ISNUMBER(SEARCH("PAPEL",Inventario!B229)),"PAP", IF(ISNUMBER(SEARCH("TELA",Inventario!B229)),"TEL", IF(ISNUMBER(SEARCH("CARTULINA",Inventario!B229)),"CAR", IF(OR(ISNUMBER(SEARCH("LAMINA",Inventario!B229)),ISNUMBER(SEARCH("LÁMINA",Inventario!B229))),"LAM", IF(ISNUMBER(SEARCH("ESTIRENO",Inventario!B229)),"EST", IF(ISNUMBER(SEARCH("FOAMBOARD",Inventario!B229)),"FOA", IF(ISNUMBER(SEARCH("SOLVENTE",Inventario!B229)),"SOL", IF(ISNUMBER(SEARCH("TINTA",Inventario!B229)),"TIN", IF(ISNUMBER(SEARCH("ACRILICO",Inventario!B229)),"ACR", IF(ISNUMBER(SEARCH("LED",Inventario!B229)),"LED", IF(ISNUMBER(SEARCH("FUENTE",Inventario!B229)),"FUE", IF(ISNUMBER(SEARCH("PETG",Inventario!B229)),"PET", IF(ISNUMBER(SEARCH("ALUMINIO",Inventario!B229)),"ALU", IF(ISNUMBER(SEARCH("CANAL",Inventario!B229)),"CAN", IF(ISNUMBER(SEARCH("ESCUADRA",Inventario!B229)),"ESC", IF(ISNUMBER(SEARCH("SOPORTE",Inventario!B229)),"SOP","OTR") ))))))))))))))))))) -> LED | B230: =IF(ISNUMBER(SEARCH("CORTE",Inventario!B229)),"COR", IF(ISNUMBER(SEARCH("CRISTAL",Inventario!B229)),"CR", IF(OR(ISNUMBER(SEARCH("OPTICO",Inventario!B229)),ISNUMBER(SEARCH("OPTICOS",Inventario!B229)),ISNUMBER(SEARCH("OPTICA",Inventario!B229))),"OP", IF(ISNUMBER(SEARCH("NANO",Inventario!B229)),"NA", IF(ISNUMBER(SEARCH("5050",Inventario!B229)),"5050", IF(ISNUMBER(SEARCH("MICRO",Inventario!B229)),"MI","")))))) | C230: =IF(ISNUMBER(SEARCH("PARED",Inventario!B229)),"PAR",IF(ISNUMBER(SEARCH("MATE",Inventario!B229)),"MAT", IF(ISNUMBER(SEARCH("FRONT",Inventario!B229)),"FRO", IF(ISNUMBER(SEARCH("BACK",Inventario!B229)),"BAC", IF(ISNUMBER(SEARCH("MESH",Inventario!B229)),"MES", IF(OR(ISNUMBER(SEARCH("BRILLANTE",Inventario!B229)),ISNUMBER(SEARCH("BTE",Inventario!B229))),"BRI", IF(ISNUMBER(SEARCH("SINTETICA DELGADA",Inventario!B229)),"SD", IF(ISNUMBER(SEARCH("SINTETICA GRUESA",Inventario!B229)),"SG", IF(ISNUMBER(SEARCH("ESTATICO",Inventario!B229)),"EST", IF(ISNUMBER(SEARCH("FLOOR",Inventario!B229)),"FLO", IF(ISNUMBER(SEARCH("REFLECTIVO",Inventario!B229)),"REF", IF(ISNUMBER(SEARCH("MICROPERFORADO",Inventario!B229)),"MI", IF(ISNUMBER(SEARCH("CEPILLADO",Inventario!B229)),"CEP", IF(ISNUMBER(SEARCH("ESPEJO",Inventario!B229)),"ESP", IF(OR(ISNUMBER(SEARCH("UNIDIODO",Inventario!B229)),ISNUMBER(SEARCH("1 DIODO",Inventario!B229))),"1D", IF(ISNUMBER(SEARCH("2 DIODOS",Inventario!B229)),"2D", IF(ISNUMBER(SEARCH("3 DIODOS",Inventario!B229)),"3D",""))))))))))))))))) -> 1D | D230: =IF(ISNUMBER(SEARCH("LX700",Inventario!B229)),"LX7", IF(ISNUMBER(SEARCH("GRANDO",Inventario!B229)),"GRA", IF(OR(ISNUMBER(SEARCH("CAMA PLANA",Inventario!B229)),ISNUMBER(SEARCH("FB700",Inventario!B229))),"CP", IF(ISNUMBER(SEARCH("LX360",Inventario!B229)),"LX3", IF(ISNUMBER(SEARCH("XEROX",Inventario!B229)),"XER", IF(ISNUMBER(SEARCH("18 OZ",Inventario!B229)),"18OZ", IF(ISNUMBER(SEARCH("15 OZ",Inventario!B229)),"15OZ", IF(OR(ISNUMBER(SEARCH("13 OZ",Inventario!B229)),ISNUMBER(SEARCH("13 ONZAS",Inventario!B229))),"13OZ", IF(OR(ISNUMBER(SEARCH("9 OZ",Inventario!B229)),ISNUMBER(SEARCH("9 ONZAS",Inventario!B229))),"09OZ",""))))))))) | E230: =IF(OR(ISNUMBER(SEARCH("TRANSPARENTE",Inventario!B229)),ISNUMBER(SEARCH("TRANSPARENTES",Inventario!B229))),"TR", IF(OR(ISNUMBER(SEARCH("BLANCO",Inventario!B229)),ISNUMBER(SEARCH("BCO",Inventario!B229))),"BL", IF(ISNUMBER(SEARCH("VERDE",Inventario!B229)),"VR", IF(ISNUMBER(SEARCH("MORADO",Inventario!B229)),"MR", IF(ISNUMBER(SEARCH("PLATA",Inventario!B229)),"PL", IF(ISNUMBER(SEARCH("ORO",Inventario!B229)),"OR", IF(ISNUMBER(SEARCH("AMARILLO",Inventario!B229)),"AM", IF(ISNUMBER(SEARCH("NARANJA",Inventario!B229)),"NR", IF(ISNUMBER(SEARCH("NEGRO",Inventario!B229)),"NG", IF(ISNUMBER(SEARCH("ROJO",Inventario!B229)),"RJ", IF(ISNUMBER(SEARCH("AZUL",Inventario!B229)),"AZ",""))))))))))) -> BL | F230: =IF(ISNUMBER(SEARCH("1,2 MM",Inventario!B229)),"1MM2", IF(OR(ISNUMBER(SEARCH("2 MM",Inventario!B229)),ISNUMBER(SEARCH("2MM",Inventario!B229))),"2MM", IF(OR(ISNUMBER(SEARCH("3 MM",Inventario!B229)),ISNUMBER(SEARCH("3MM",Inventario!B229))),"3MM", IF(OR(ISNUMBER(SEARCH("4 MM",Inventario!B229)),ISNUMBER(SEARCH("4MM",Inventario!B229)),ISNUMBER(SEARCH("4 mm",Inventario!B229))),"4MM", IF(OR(ISNUMBER(SEARCH("5 MM",Inventario!B229)),ISNUMBER(SEARCH("5MM",Inventario!B229))),"5MM", IF(OR(ISNUMBER(SEARCH("6 MM",Inventario!B229)),ISNUMBER(SEARCH("6MM",Inventario!B229))),"6MM", IF(OR(ISNUMBER(SEARCH("10 MM",Inventario!B229)),ISNUMBER(SEARCH("10MM",Inventario!B229))),"10MM",""))))))) | G230: =IF(ISNUMBER(SEARCH("ALTA RESISTENCIA",Inventario!B229)),"AR",IF(ISNUMBER(SEARCH("CAMPAÑA",Inventario!B229)),"CA", IF(OR(ISNUMBER(SEARCH("CALIDO",Inventario!B229)),ISNUMBER(SEARCH("CÁLIDO",Inventario!B229))),"C", IF(OR(ISNUMBER(SEARCH("TRASLUCIDO",Inventario!B229)),ISNUMBER(SEARCH("TRANSLUCIDO",Inventario!B229))),"TL", IF(ISNUMBER(SEARCH("NEUTRO",Inventario!B229)),"N", IF(ISNUMBER(SEARCH("FRIO",Inventario!B229)),"F","")))))) -> F | H230: =IF(ISNUMBER(SEARCH("SILED",Inventario!B229)),"SI", IF(ISNUMBER(SEARCH("SYDEMEX",Inventario!B229)),"SY", IF(ISNUMBER(SEARCH("ROHS",Inventario!B229)),"RO", IF(ISNUMBER(SEARCH("RISHANG",Inventario!B229)),"RS", IF(ISNUMBER(SEARCH("VYG",Inventario!B229)),"VYG", IF(ISNUMBER(SEARCH("COLED",Inventario!B229)),"CO",""))))))
A231: =IF(ISNUMBER(SEARCH("LONA",Inventario!B230)),"LON", IF(ISNUMBER(SEARCH("VINIL",Inventario!B230)),"VIN", IF(ISNUMBER(SEARCH("PANEL DE ALUMINIO COMPUESTO",Inventario!B230)),"PAN-ALU-COM", IF(ISNUMBER(SEARCH("PVC",Inventario!B230)),"PVC", IF(ISNUMBER(SEARCH("PAPEL",Inventario!B230)),"PAP", IF(ISNUMBER(SEARCH("TELA",Inventario!B230)),"TEL", IF(ISNUMBER(SEARCH("CARTULINA",Inventario!B230)),"CAR", IF(OR(ISNUMBER(SEARCH("LAMINA",Inventario!B230)),ISNUMBER(SEARCH("LÁMINA",Inventario!B230))),"LAM", IF(ISNUMBER(SEARCH("ESTIRENO",Inventario!B230)),"EST", IF(ISNUMBER(SEARCH("FOAMBOARD",Inventario!B230)),"FOA", IF(ISNUMBER(SEARCH("SOLVENTE",Inventario!B230)),"SOL", IF(ISNUMBER(SEARCH("TINTA",Inventario!B230)),"TIN", IF(ISNUMBER(SEARCH("ACRILICO",Inventario!B230)),"ACR", IF(ISNUMBER(SEARCH("LED",Inventario!B230)),"LED", IF(ISNUMBER(SEARCH("FUENTE",Inventario!B230)),"FUE", IF(ISNUMBER(SEARCH("PETG",Inventario!B230)),"PET", IF(ISNUMBER(SEARCH("ALUMINIO",Inventario!B230)),"ALU", IF(ISNUMBER(SEARCH("CANAL",Inventario!B230)),"CAN", IF(ISNUMBER(SEARCH("ESCUADRA",Inventario!B230)),"ESC", IF(ISNUMBER(SEARCH("SOPORTE",Inventario!B230)),"SOP","OTR") ))))))))))))))))))) -> LED | B231: =IF(ISNUMBER(SEARCH("CORTE",Inventario!B230)),"COR", IF(ISNUMBER(SEARCH("CRISTAL",Inventario!B230)),"CR", IF(OR(ISNUMBER(SEARCH("OPTICO",Inventario!B230)),ISNUMBER(SEARCH("OPTICOS",Inventario!B230)),ISNUMBER(SEARCH("OPTICA",Inventario!B230))),"OP", IF(ISNUMBER(SEARCH("NANO",Inventario!B230)),"NA", IF(ISNUMBER(SEARCH("5050",Inventario!B230)),"5050", IF(ISNUMBER(SEARCH("MICRO",Inventario!B230)),"MI","")))))) -> MI | C231: =IF(ISNUMBER(SEARCH("PARED",Inventario!B230)),"PAR",IF(ISNUMBER(SEARCH("MATE",Inventario!B230)),"MAT", IF(ISNUMBER(SEARCH("FRONT",Inventario!B230)),"FRO", IF(ISNUMBER(SEARCH("BACK",Inventario!B230)),"BAC", IF(ISNUMBER(SEARCH("MESH",Inventario!B230)),"MES", IF(OR(ISNUMBER(SEARCH("BRILLANTE",Inventario!B230)),ISNUMBER(SEARCH("BTE",Inventario!B230))),"BRI", IF(ISNUMBER(SEARCH("SINTETICA DELGADA",Inventario!B230)),"SD", IF(ISNUMBER(SEARCH("SINTETICA GRUESA",Inventario!B230)),"SG", IF(ISNUMBER(SEARCH("ESTATICO",Inventario!B230)),"EST", IF(ISNUMBER(SEARCH("FLOOR",Inventario!B230)),"FLO", IF(ISNUMBER(SEARCH("REFLECTIVO",Inventario!B230)),"REF", IF(ISNUMBER(SEARCH("MICROPERFORADO",Inventario!B230)),"MI", IF(ISNUMBER(SEARCH("CEPILLADO",Inventario!B230)),"CEP", IF(ISNUMBER(SEARCH("ESPEJO",Inventario!B230)),"ESP", IF(OR(ISNUMBER(SEARCH("UNIDIODO",Inventario!B230)),ISNUMBER(SEARCH("1 DIODO",Inventario!B230))),"1D", IF(ISNUMBER(SEARCH("2 DIODOS",Inventario!B230)),"2D", IF(ISNUMBER(SEARCH("3 DIODOS",Inventario!B230)),"3D",""))))))))))))))))) -> 2D | D231: =IF(ISNUMBER(SEARCH("LX700",Inventario!B230)),"LX7", IF(ISNUMBER(SEARCH("GRANDO",Inventario!B230)),"GRA", IF(OR(ISNUMBER(SEARCH("CAMA PLANA",Inventario!B230)),ISNUMBER(SEARCH("FB700",Inventario!B230))),"CP", IF(ISNUMBER(SEARCH("LX360",Inventario!B230)),"LX3", IF(ISNUMBER(SEARCH("XEROX",Inventario!B230)),"XER", IF(ISNUMBER(SEARCH("18 OZ",Inventario!B230)),"18OZ", IF(ISNUMBER(SEARCH("15 OZ",Inventario!B230)),"15OZ", IF(OR(ISNUMBER(SEARCH("13 OZ",Inventario!B230)),ISNUMBER(SEARCH("13 ONZAS",Inventario!B230))),"13OZ", IF(OR(ISNUMBER(SEARCH("9 OZ",Inventario!B230)),ISNUMBER(SEARCH("9 ONZAS",Inventario!B230))),"09OZ",""))))))))) | E231: =IF(OR(ISNUMBER(SEARCH("TRANSPARENTE",Inventario!B230)),ISNUMBER(SEARCH("TRANSPARENTES",Inventario!B230))),"TR", IF(OR(ISNUMBER(SEARCH("BLANCO",Inventario!B230)),ISNUMBER(SEARCH("BCO",Inventario!B230))),"BL", IF(ISNUMBER(SEARCH("VERDE",Inventario!B230)),"VR", IF(ISNUMBER(SEARCH("MORADO",Inventario!B230)),"MR", IF(ISNUMBER(SEARCH("PLATA",Inventario!B230)),"PL", IF(ISNUMBER(SEARCH("ORO",Inventario!B230)),"OR", IF(ISNUMBER(SEARCH("AMARILLO",Inventario!B230)),"AM", IF(ISNUMBER(SEARCH("NARANJA",Inventario!B230)),"NR", IF(ISNUMBER(SEARCH("NEGRO",Inventario!B230)),"NG", IF(ISNUMBER(SEARCH("ROJO",Inventario!B230)),"RJ", IF(ISNUMBER(SEARCH("AZUL",Inventario!B230)),"AZ",""))))))))))) -> BL | F231: =IF(ISNUMBER(SEARCH("1,2 MM",Inventario!B230)),"1MM2", IF(OR(ISNUMBER(SEARCH("2 MM",Inventario!B230)),ISNUMBER(SEARCH("2MM",Inventario!B230))),"2MM", IF(OR(ISNUMBER(SEARCH("3 MM",Inventario!B230)),ISNUMBER(SEARCH("3MM",Inventario!B230))),"3MM", IF(OR(ISNUMBER(SEARCH("4 MM",Inventario!B230)),ISNUMBER(SEARCH("4MM",Inventario!B230)),ISNUMBER(SEARCH("4 mm",Inventario!B230))),"4MM", IF(OR(ISNUMBER(SEARCH("5 MM",Inventario!B230)),ISNUMBER(SEARCH("5MM",Inventario!B230))),"5MM", IF(OR(ISNUMBER(SEARCH("6 MM",Inventario!B230)),ISNUMBER(SEARCH("6MM",Inventario!B230))),"6MM", IF(OR(ISNUMBER(SEARCH("10 MM",Inventario!B230)),ISNUMBER(SEARCH("10MM",Inventario!B230))),"10MM",""))))))) | G231: =IF(ISNUMBER(SEARCH("ALTA RESISTENCIA",Inventario!B230)),"AR",IF(ISNUMBER(SEARCH("CAMPAÑA",Inventario!B230)),"CA", IF(OR(ISNUMBER(SEARCH("CALIDO",Inventario!B230)),ISNUMBER(SEARCH("CÁLIDO",Inventario!B230))),"C", IF(OR(ISNUMBER(SEARCH("TRASLUCIDO",Inventario!B230)),ISNUMBER(SEARCH("TRANSLUCIDO",Inventario!B230))),"TL", IF(ISNUMBER(SEARCH("NEUTRO",Inventario!B230)),"N", IF(ISNUMBER(SEARCH("FRIO",Inventario!B230)),"F","")))))) -> F | H231: =IF(ISNUMBER(SEARCH("SILED",Inventario!B230)),"SI", IF(ISNUMBER(SEARCH("SYDEMEX",Inventario!B230)),"SY", IF(ISNUMBER(SEARCH("ROHS",Inventario!B230)),"RO", IF(ISNUMBER(SEARCH("RISHANG",Inventario!B230)),"RS", IF(ISNUMBER(SEARCH("VYG",Inventario!B230)),"VYG", IF(ISNUMBER(SEARCH("COLED",Inventario!B230)),"CO","")))))) -> SI
A232: =IF(ISNUMBER(SEARCH("LONA",Inventario!B231)),"LON", IF(ISNUMBER(SEARCH("VINIL",Inventario!B231)),"VIN", IF(ISNUMBER(SEARCH("PANEL DE ALUMINIO COMPUESTO",Inventario!B231)),"PAN-ALU-COM", IF(ISNUMBER(SEARCH("PVC",Inventario!B231)),"PVC", IF(ISNUMBER(SEARCH("PAPEL",Inventario!B231)),"PAP", IF(ISNUMBER(SEARCH("TELA",Inventario!B231)),"TEL", IF(ISNUMBER(SEARCH("CARTULINA",Inventario!B231)),"CAR", IF(OR(ISNUMBER(SEARCH("LAMINA",Inventario!B231)),ISNUMBER(SEARCH("LÁMINA",Inventario!B231))),"LAM", IF(ISNUMBER(SEARCH("ESTIRENO",Inventario!B231)),"EST", IF(ISNUMBER(SEARCH("FOAMBOARD",Inventario!B231)),"FOA", IF(ISNUMBER(SEARCH("SOLVENTE",Inventario!B231)),"SOL", IF(ISNUMBER(SEARCH("TINTA",Inventario!B231)),"TIN", IF(ISNUMBER(SEARCH("ACRILICO",Inventario!B231)),"ACR", IF(ISNUMBER(SEARCH("LED",Inventario!B231)),"LED", IF(ISNUMBER(SEARCH("FUENTE",Inventario!B231)),"FUE", IF(ISNUMBER(SEARCH("PETG",Inventario!B231)),"PET", IF(ISNUMBER(SEARCH("ALUMINIO",Inventario!B231)),"ALU", IF(ISNUMBER(SEARCH("CANAL",Inventario!B231)),"CAN", IF(ISNUMBER(SEARCH("ESCUADRA",Inventario!B231)),"ESC", IF(ISNUMBER(SEARCH("SOPORTE",Inventario!B231)),"SOP","OTR") ))))))))))))))))))) -> LED | B232: =IF(ISNUMBER(SEARCH("CORTE",Inventario!B231)),"COR", IF(ISNUMBER(SEARCH("CRISTAL",Inventario!B231)),"CR", IF(OR(ISNUMBER(SEARCH("OPTICO",Inventario!B231)),ISNUMBER(SEARCH("OPTICOS",Inventario!B231)),ISNUMBER(SEARCH("OPTICA",Inventario!B231))),"OP", IF(ISNUMBER(SEARCH("NANO",Inventario!B231)),"NA", IF(ISNUMBER(SEARCH("5050",Inventario!B231)),"5050", IF(ISNUMBER(SEARCH("MICRO",Inventario!B231)),"MI","")))))) | C232: =IF(ISNUMBER(SEARCH("PARED",Inventario!B231)),"PAR",IF(ISNUMBER(SEARCH("MATE",Inventario!B231)),"MAT", IF(ISNUMBER(SEARCH("FRONT",Inventario!B231)),"FRO", IF(ISNUMBER(SEARCH("BACK",Inventario!B231)),"BAC", IF(ISNUMBER(SEARCH("MESH",Inventario!B231)),"MES", IF(OR(ISNUMBER(SEARCH("BRILLANTE",Inventario!B231)),ISNUMBER(SEARCH("BTE",Inventario!B231))),"BRI", IF(ISNUMBER(SEARCH("SINTETICA DELGADA",Inventario!B231)),"SD", IF(ISNUMBER(SEARCH("SINTETICA GRUESA",Inventario!B231)),"SG", IF(ISNUMBER(SEARCH("ESTATICO",Inventario!B231)),"EST", IF(ISNUMBER(SEARCH("FLOOR",Inventario!B231)),"FLO", IF(ISNUMBER(SEARCH("REFLECTIVO",Inventario!B231)),"REF", IF(ISNUMBER(SEARCH("MICROPERFORADO",Inventario!B231)),"MI", IF(ISNUMBER(SEARCH("CEPILLADO",Inventario!B231)),"CEP", IF(ISNUMBER(SEARCH("ESPEJO",Inventario!B231)),"ESP", IF(OR(ISNUMBER(SEARCH("UNIDIODO",Inventario!B231)),ISNUMBER(SEARCH("1 DIODO",Inventario!B231))),"1D", IF(ISNUMBER(SEARCH("2 DIODOS",Inventario!B231)),"2D", IF(ISNUMBER(SEARCH("3 DIODOS",Inventario!B231)),"3D",""))))))))))))))))) -> 3D | D232: =IF(ISNUMBER(SEARCH("LX700",Inventario!B231)),"LX7", IF(ISNUMBER(SEARCH("GRANDO",Inventario!B231)),"GRA", IF(OR(ISNUMBER(SEARCH("CAMA PLANA",Inventario!B231)),ISNUMBER(SEARCH("FB700",Inventario!B231))),"CP", IF(ISNUMBER(SEARCH("LX360",Inventario!B231)),"LX3", IF(ISNUMBER(SEARCH("XEROX",Inventario!B231)),"XER", IF(ISNUMBER(SEARCH("18 OZ",Inventario!B231)),"18OZ", IF(ISNUMBER(SEARCH("15 OZ",Inventario!B231)),"15OZ", IF(OR(ISNUMBER(SEARCH("13 OZ",Inventario!B231)),ISNUMBER(SEARCH("13 ONZAS",Inventario!B231))),"13OZ", IF(OR(ISNUMBER(SEARCH("9 OZ",Inventario!B231)),ISNUMBER(SEARCH("9 ONZAS",Inventario!B231))),"09OZ",""))))))))) | E232: =IF(OR(ISNUMBER(SEARCH("TRANSPARENTE",Inventario!B231)),ISNUMBER(SEARCH("TRANSPARENTES",Inventario!B231))),"TR", IF(OR(ISNUMBER(SEARCH("BLANCO",Inventario!B231)),ISNUMBER(SEARCH("BCO",Inventario!B231))),"BL", IF(ISNUMBER(SEARCH("VERDE",Inventario!B231)),"VR", IF(ISNUMBER(SEARCH("MORADO",Inventario!B231)),"MR", IF(ISNUMBER(SEARCH("PLATA",Inventario!B231)),"PL", IF(ISNUMBER(SEARCH("ORO",Inventario!B231)),"OR", IF(ISNUMBER(SEARCH("AMARILLO",Inventario!B231)),"AM", IF(ISNUMBER(SEARCH("NARANJA",Inventario!B231)),"NR", IF(ISNUMBER(SEARCH("NEGRO",Inventario!B231)),"NG", IF(ISNUMBER(SEARCH("ROJO",Inventario!B231)),"RJ", IF(ISNUMBER(SEARCH("AZUL",Inventario!B231)),"AZ",""))))))))))) -> BL | F232: =IF(ISNUMBER(SEARCH("1,2 MM",Inventario!B231)),"1MM2", IF(OR(ISNUMBER(SEARCH("2 MM",Inventario!B231)),ISNUMBER(SEARCH("2MM",Inventario!B231))),"2MM", IF(OR(ISNUMBER(SEARCH("3 MM",Inventario!B231)),ISNUMBER(SEARCH("3MM",Inventario!B231))),"3MM", IF(OR(ISNUMBER(SEARCH("4 MM",Inventario!B231)),ISNUMBER(SEARCH("4MM",Inventario!B231)),ISNUMBER(SEARCH("4 mm",Inventario!B231))),"4MM", IF(OR(ISNUMBER(SEARCH("5 MM",Inventario!B231)),ISNUMBER(SEARCH("5MM",Inventario!B231))),"5MM", IF(OR(ISNUMBER(SEARCH("6 MM",Inventario!B231)),ISNUMBER(SEARCH("6MM",Inventario!B231))),"6MM", IF(OR(ISNUMBER(SEARCH("10 MM",Inventario!B231)),ISNUMBER(SEARCH("10MM",Inventario!B231))),"10MM",""))))))) | G232: =IF(ISNUMBER(SEARCH("ALTA RESISTENCIA",Inventario!B231)),"AR",IF(ISNUMBER(SEARCH("CAMPAÑA",Inventario!B231)),"CA", IF(OR(ISNUMBER(SEARCH("CALIDO",Inventario!B231)),ISNUMBER(SEARCH("CÁLIDO",Inventario!B231))),"C", IF(OR(ISNUMBER(SEARCH("TRASLUCIDO",Inventario!B231)),ISNUMBER(SEARCH("TRANSLUCIDO",Inventario!B231))),"TL", IF(ISNUMBER(SEARCH("NEUTRO",Inventario!B231)),"N", IF(ISNUMBER(SEARCH("FRIO",Inventario!B231)),"F","")))))) -> C | H232: =IF(ISNUMBER(SEARCH("SILED",Inventario!B231)),"SI", IF(ISNUMBER(SEARCH("SYDEMEX",Inventario!B231)),"SY", IF(ISNUMBER(SEARCH("ROHS",Inventario!B231)),"RO", IF(ISNUMBER(SEARCH("RISHANG",Inventario!B231)),"RS", IF(ISNUMBER(SEARCH("VYG",Inventario!B231)),"VYG", IF(ISNUMBER(SEARCH("COLED",Inventario!B231)),"CO","")))))) -> SY
A233: =IF(ISNUMBER(SEARCH("LONA",Inventario!B232)),"LON", IF(ISNUMBER(SEARCH("VINIL",Inventario!B232)),"VIN", IF(ISNUMBER(SEARCH("PANEL DE ALUMINIO COMPUESTO",Inventario!B232)),"PAN-ALU-COM", IF(ISNUMBER(SEARCH("PVC",Inventario!B232)),"PVC", IF(ISNUMBER(SEARCH("PAPEL",Inventario!B232)),"PAP", IF(ISNUMBER(SEARCH("TELA",Inventario!B232)),"TEL", IF(ISNUMBER(SEARCH("CARTULINA",Inventario!B232)),"CAR", IF(OR(ISNUMBER(SEARCH("LAMINA",Inventario!B232)),ISNUMBER(SEARCH("LÁMINA",Inventario!B232))),"LAM", IF(ISNUMBER(SEARCH("ESTIRENO",Inventario!B232)),"EST", IF(ISNUMBER(SEARCH("FOAMBOARD",Inventario!B232)),"FOA", IF(ISNUMBER(SEARCH("SOLVENTE",Inventario!B232)),"SOL", IF(ISNUMBER(SEARCH("TINTA",Inventario!B232)),"TIN", IF(ISNUMBER(SEARCH("ACRILICO",Inventario!B232)),"ACR", IF(ISNUMBER(SEARCH("LED",Inventario!B232)),"LED", IF(ISNUMBER(SEARCH("FUENTE",Inventario!B232)),"FUE", IF(ISNUMBER(SEARCH("PETG",Inventario!B232)),"PET", IF(ISNUMBER(SEARCH("ALUMINIO",Inventario!B232)),"ALU", IF(ISNUMBER(SEARCH("CANAL",Inventario!B232)),"CAN", IF(ISNUMBER(SEARCH("ESCUADRA",Inventario!B232)),"ESC", IF(ISNUMBER(SEARCH("SOPORTE",Inventario!B232)),"SOP","OTR") ))))))))))))))))))) -> LED | B233: =IF(ISNUMBER(SEARCH("CORTE",Inventario!B232)),"COR", IF(ISNUMBER(SEARCH("CRISTAL",Inventario!B232)),"CR", IF(OR(ISNUMBER(SEARCH("OPTICO",Inventario!B232)),ISNUMBER(SEARCH("OPTICOS",Inventario!B232)),ISNUMBER(SEARCH("OPTICA",Inventario!B232))),"OP", IF(ISNUMBER(SEARCH("NANO",Inventario!B232)),"NA", IF(ISNUMBER(SEARCH("5050",Inventario!B232)),"5050", IF(ISNUMBER(SEARCH("MICRO",Inventario!B232)),"MI","")))))) -> 5050 | C233: =IF(ISNUMBER(SEARCH("PARED",Inventario!B232)),"PAR",IF(ISNUMBER(SEARCH("MATE",Inventario!B232)),"MAT", IF(ISNUMBER(SEARCH("FRONT",Inventario!B232)),"FRO", IF(ISNUMBER(SEARCH("BACK",Inventario!B232)),"BAC", IF(ISNUMBER(SEARCH("MESH",Inventario!B232)),"MES", IF(OR(ISNUMBER(SEARCH("BRILLANTE",Inventario!B232)),ISNUMBER(SEARCH("BTE",Inventario!B232))),"BRI", IF(ISNUMBER(SEARCH("SINTETICA DELGADA",Inventario!B232)),"SD", IF(ISNUMBER(SEARCH("SINTETICA GRUESA",Inventario!B232)),"SG", IF(ISNUMBER(SEARCH("ESTATICO",Inventario!B232)),"EST", IF(ISNUMBER(SEARCH("FLOOR",Inventario!B232)),"FLO", IF(ISNUMBER(SEARCH("REFLECTIVO",Inventario!B232)),"REF", IF(ISNUMBER(SEARCH("MICROPERFORADO",Inventario!B232)),"MI", IF(ISNUMBER(SEARCH("CEPILLADO",Inventario!B232)),"CEP", IF(ISNUMBER(SEARCH("ESPEJO",Inventario!B232)),"ESP", IF(OR(ISNUMBER(SEARCH("UNIDIODO",Inventario!B232)),ISNUMBER(SEARCH("1 DIODO",Inventario!B232))),"1D", IF(ISNUMBER(SEARCH("2 DIODOS",Inventario!B232)),"2D", IF(ISNUMBER(SEARCH("3 DIODOS",Inventario!B232)),"3D",""))))))))))))))))) -> 2D | D233: =IF(ISNUMBER(SEARCH("LX700",Inventario!B232)),"LX7", IF(ISNUMBER(SEARCH("GRANDO",Inventario!B232)),"GRA", IF(OR(ISNUMBER(SEARCH("CAMA PLANA",Inventario!B232)),ISNUMBER(SEARCH("FB700",Inventario!B232))),"CP", IF(ISNUMBER(SEARCH("LX360",Inventario!B232)),"LX3", IF(ISNUMBER(SEARCH("XEROX",Inventario!B232)),"XER", IF(ISNUMBER(SEARCH("18 OZ",Inventario!B232)),"18OZ", IF(ISNUMBER(SEARCH("15 OZ",Inventario!B232)),"15OZ", IF(OR(ISNUMBER(SEARCH("13 OZ",Inventario!B232)),ISNUMBER(SEARCH("13 ONZAS",Inventario!B232))),"13OZ", IF(OR(ISNUMBER(SEARCH("9 OZ",Inventario!B232)),ISNUMBER(SEARCH("9 ONZAS",Inventario!B232))),"09OZ",""))))))))) | E233: =IF(OR(ISNUMBER(SEARCH("TRANSPARENTE",Inventario!B232)),ISNUMBER(SEARCH("TRANSPARENTES",Inventario!B232))),"TR", IF(OR(ISNUMBER(SEARCH("BLANCO",Inventario!B232)),ISNUMBER(SEARCH("BCO",Inventario!B232))),"BL", IF(ISNUMBER(SEARCH("VERDE",Inventario!B232)),"VR", IF(ISNUMBER(SEARCH("MORADO",Inventario!B232)),"MR", IF(ISNUMBER(SEARCH("PLATA",Inventario!B232)),"PL", IF(ISNUMBER(SEARCH("ORO",Inventario!B232)),"OR", IF(ISNUMBER(SEARCH("AMARILLO",Inventario!B232)),"AM", IF(ISNUMBER(SEARCH("NARANJA",Inventario!B232)),"NR", IF(ISNUMBER(SEARCH("NEGRO",Inventario!B232)),"NG", IF(ISNUMBER(SEARCH("ROJO",Inventario!B232)),"RJ", IF(ISNUMBER(SEARCH("AZUL",Inventario!B232)),"AZ",""))))))))))) | F233: =IF(ISNUMBER(SEARCH("1,2 MM",Inventario!B232)),"1MM2", IF(OR(ISNUMBER(SEARCH("2 MM",Inventario!B232)),ISNUMBER(SEARCH("2MM",Inventario!B232))),"2MM", IF(OR(ISNUMBER(SEARCH("3 MM",Inventario!B232)),ISNUMBER(SEARCH("3MM",Inventario!B232))),"3MM", IF(OR(ISNUMBER(SEARCH("4 MM",Inventario!B232)),ISNUMBER(SEARCH("4MM",Inventario!B232)),ISNUMBER(SEARCH("4 mm",Inventario!B232))),"4MM", IF(OR(ISNUMBER(SEARCH("5 MM",Inventario!B232)),ISNUMBER(SEARCH("5MM",Inventario!B232))),"5MM", IF(OR(ISNUMBER(SEARCH("6 MM",Inventario!B232)),ISNUMBER(SEARCH("6MM",Inventario!B232))),"6MM", IF(OR(ISNUMBER(SEARCH("10 MM",Inventario!B232)),ISNUMBER(SEARCH("10MM",Inventario!B232))),"10MM",""))))))) | G233: =IF(ISNUMBER(SEARCH("ALTA RESISTENCIA",Inventario!B232)),"AR",IF(ISNUMBER(SEARCH("CAMPAÑA",Inventario!B232)),"CA", IF(OR(ISNUMBER(SEARCH("CALIDO",Inventario!B232)),ISNUMBER(SEARCH("CÁLIDO",Inventario!B232))),"C", IF(OR(ISNUMBER(SEARCH("TRASLUCIDO",Inventario!B232)),ISNUMBER(SEARCH("TRANSLUCIDO",Inventario!B232))),"TL", IF(ISNUMBER(SEARCH("NEUTRO",Inventario!B232)),"N", IF(ISNUMBER(SEARCH("FRIO",Inventario!B232)),"F","")))))) | H233: =IF(ISNUMBER(SEARCH("SILED",Inventario!B232)),"SI", IF(ISNUMBER(SEARCH("SYDEMEX",Inventario!B232)),"SY", IF(ISNUMBER(SEARCH("ROHS",Inventario!B232)),"RO", IF(ISNUMBER(SEARCH("RISHANG",Inventario!B232)),"RS", IF(ISNUMBER(SEARCH("VYG",Inventario!B232)),"VYG", IF(ISNUMBER(SEARCH("COLED",Inventario!B232)),"CO",""))))))
A234: =IF(ISNUMBER(SEARCH("LONA",Inventario!B233)),"LON", IF(ISNUMBER(SEARCH("VINIL",Inventario!B233)),"VIN", IF(ISNUMBER(SEARCH("PANEL DE ALUMINIO COMPUESTO",Inventario!B233)),"PAN-ALU-COM", IF(ISNUMBER(SEARCH("PVC",Inventario!B233)),"PVC", IF(ISNUMBER(SEARCH("PAPEL",Inventario!B233)),"PAP", IF(ISNUMBER(SEARCH("TELA",Inventario!B233)),"TEL", IF(ISNUMBER(SEARCH("CARTULINA",Inventario!B233)),"CAR", IF(OR(ISNUMBER(SEARCH("LAMINA",Inventario!B233)),ISNUMBER(SEARCH("LÁMINA",Inventario!B233))),"LAM", IF(ISNUMBER(SEARCH("ESTIRENO",Inventario!B233)),"EST", IF(ISNUMBER(SEARCH("FOAMBOARD",Inventario!B233)),"FOA", IF(ISNUMBER(SEARCH("SOLVENTE",Inventario!B233)),"SOL", IF(ISNUMBER(SEARCH("TINTA",Inventario!B233)),"TIN", IF(ISNUMBER(SEARCH("ACRILICO",Inventario!B233)),"ACR", IF(ISNUMBER(SEARCH("LED",Inventario!B233)),"LED", IF(ISNUMBER(SEARCH("FUENTE",Inventario!B233)),"FUE", IF(ISNUMBER(SEARCH("PETG",Inventario!B233)),"PET", IF(ISNUMBER(SEARCH("ALUMINIO",Inventario!B233)),"ALU", IF(ISNUMBER(SEARCH("CANAL",Inventario!B233)),"CAN", IF(ISNUMBER(SEARCH("ESCUADRA",Inventario!B233)),"ESC", IF(ISNUMBER(SEARCH("SOPORTE",Inventario!B233)),"SOP","OTR") ))))))))))))))))))) -> LED | B234: =IF(ISNUMBER(SEARCH("CORTE",Inventario!B233)),"COR", IF(ISNUMBER(SEARCH("CRISTAL",Inventario!B233)),"CR", IF(OR(ISNUMBER(SEARCH("OPTICO",Inventario!B233)),ISNUMBER(SEARCH("OPTICOS",Inventario!B233)),ISNUMBER(SEARCH("OPTICA",Inventario!B233))),"OP", IF(ISNUMBER(SEARCH("NANO",Inventario!B233)),"NA", IF(ISNUMBER(SEARCH("5050",Inventario!B233)),"5050", IF(ISNUMBER(SEARCH("MICRO",Inventario!B233)),"MI","")))))) | C234: =IF(ISNUMBER(SEARCH("PARED",Inventario!B233)),"PAR",IF(ISNUMBER(SEARCH("MATE",Inventario!B233)),"MAT", IF(ISNUMBER(SEARCH("FRONT",Inventario!B233)),"FRO", IF(ISNUMBER(SEARCH("BACK",Inventario!B233)),"BAC", IF(ISNUMBER(SEARCH("MESH",Inventario!B233)),"MES", IF(OR(ISNUMBER(SEARCH("BRILLANTE",Inventario!B233)),ISNUMBER(SEARCH("BTE",Inventario!B233))),"BRI", IF(ISNUMBER(SEARCH("SINTETICA DELGADA",Inventario!B233)),"SD", IF(ISNUMBER(SEARCH("SINTETICA GRUESA",Inventario!B233)),"SG", IF(ISNUMBER(SEARCH("ESTATICO",Inventario!B233)),"EST", IF(ISNUMBER(SEARCH("FLOOR",Inventario!B233)),"FLO", IF(ISNUMBER(SEARCH("REFLECTIVO",Inventario!B233)),"REF", IF(ISNUMBER(SEARCH("MICROPERFORADO",Inventario!B233)),"MI", IF(ISNUMBER(SEARCH("CEPILLADO",Inventario!B233)),"CEP", IF(ISNUMBER(SEARCH("ESPEJO",Inventario!B233)),"ESP", IF(OR(ISNUMBER(SEARCH("UNIDIODO",Inventario!B233)),ISNUMBER(SEARCH("1 DIODO",Inventario!B233))),"1D", IF(ISNUMBER(SEARCH("2 DIODOS",Inventario!B233)),"2D", IF(ISNUMBER(SEARCH("3 DIODOS",Inventario!B233)),"3D",""))))))))))))))))) -> 3D | D234: =IF(ISNUMBER(SEARCH("LX700",Inventario!B233)),"LX7", IF(ISNUMBER(SEARCH("GRANDO",Inventario!B233)),"GRA", IF(OR(ISNUMBER(SEARCH("CAMA PLANA",Inventario!B233)),ISNUMBER(SEARCH("FB700",Inventario!B233))),"CP", IF(ISNUMBER(SEARCH("LX360",Inventario!B233)),"LX3", IF(ISNUMBER(SEARCH("XEROX",Inventario!B233)),"XER", IF(ISNUMBER(SEARCH("18 OZ",Inventario!B233)),"18OZ", IF(ISNUMBER(SEARCH("15 OZ",Inventario!B233)),"15OZ", IF(OR(ISNUMBER(SEARCH("13 OZ",Inventario!B233)),ISNUMBER(SEARCH("13 ONZAS",Inventario!B233))),"13OZ", IF(OR(ISNUMBER(SEARCH("9 OZ",Inventario!B233)),ISNUMBER(SEARCH("9 ONZAS",Inventario!B233))),"09OZ",""))))))))) | E234: =IF(OR(ISNUMBER(SEARCH("TRANSPARENTE",Inventario!B233)),ISNUMBER(SEARCH("TRANSPARENTES",Inventario!B233))),"TR", IF(OR(ISNUMBER(SEARCH("BLANCO",Inventario!B233)),ISNUMBER(SEARCH("BCO",Inventario!B233))),"BL", IF(ISNUMBER(SEARCH("VERDE",Inventario!B233)),"VR", IF(ISNUMBER(SEARCH("MORADO",Inventario!B233)),"MR", IF(ISNUMBER(SEARCH("PLATA",Inventario!B233)),"PL", IF(ISNUMBER(SEARCH("ORO",Inventario!B233)),"OR", IF(ISNUMBER(SEARCH("AMARILLO",Inventario!B233)),"AM", IF(ISNUMBER(SEARCH("NARANJA",Inventario!B233)),"NR", IF(ISNUMBER(SEARCH("NEGRO",Inventario!B233)),"NG", IF(ISNUMBER(SEARCH("ROJO",Inventario!B233)),"RJ", IF(ISNUMBER(SEARCH("AZUL",Inventario!B233)),"AZ",""))))))))))) -> BL | F234: =IF(ISNUMBER(SEARCH("1,2 MM",Inventario!B233)),"1MM2", IF(OR(ISNUMBER(SEARCH("2 MM",Inventario!B233)),ISNUMBER(SEARCH("2MM",Inventario!B233))),"2MM", IF(OR(ISNUMBER(SEARCH("3 MM",Inventario!B233)),ISNUMBER(SEARCH("3MM",Inventario!B233))),"3MM", IF(OR(ISNUMBER(SEARCH("4 MM",Inventario!B233)),ISNUMBER(SEARCH("4MM",Inventario!B233)),ISNUMBER(SEARCH("4 mm",Inventario!B233))),"4MM", IF(OR(ISNUMBER(SEARCH("5 MM",Inventario!B233)),ISNUMBER(SEARCH("5MM",Inventario!B233))),"5MM", IF(OR(ISNUMBER(SEARCH("6 MM",Inventario!B233)),ISNUMBER(SEARCH("6MM",Inventario!B233))),"6MM", IF(OR(ISNUMBER(SEARCH("10 MM",Inventario!B233)),ISNUMBER(SEARCH("10MM",Inventario!B233))),"10MM",""))))))) | G234: =IF(ISNUMBER(SEARCH("ALTA RESISTENCIA",Inventario!B233)),"AR",IF(ISNUMBER(SEARCH("CAMPAÑA",Inventario!B233)),"CA", IF(OR(ISNUMBER(SEARCH("CALIDO",Inventario!B233)),ISNUMBER(SEARCH("CÁLIDO",Inventario!B233))),"C", IF(OR(ISNUMBER(SEARCH("TRASLUCIDO",Inventario!B233)),ISNUMBER(SEARCH("TRANSLUCIDO",Inventario!B233))),"TL", IF(ISNUMBER(SEARCH("NEUTRO",Inventario!B233)),"N", IF(ISNUMBER(SEARCH("FRIO",Inventario!B233)),"F","")))))) -> N | H234: =IF(ISNUMBER(SEARCH("SILED",Inventario!B233)),"SI", IF(ISNUMBER(SEARCH("SYDEMEX",Inventario!B233)),"SY", IF(ISNUMBER(SEARCH("ROHS",Inventario!B233)),"RO", IF(ISNUMBER(SEARCH("RISHANG",Inventario!B233)),"RS", IF(ISNUMBER(SEARCH("VYG",Inventario!B233)),"VYG", IF(ISNUMBER(SEARCH("COLED",Inventario!B233)),"CO","")))))) -> SY
A235: =IF(ISNUMBER(SEARCH("LONA",Inventario!B234)),"LON", IF(ISNUMBER(SEARCH("VINIL",Inventario!B234)),"VIN", IF(ISNUMBER(SEARCH("PANEL DE ALUMINIO COMPUESTO",Inventario!B234)),"PAN-ALU-COM", IF(ISNUMBER(SEARCH("PVC",Inventario!B234)),"PVC", IF(ISNUMBER(SEARCH("PAPEL",Inventario!B234)),"PAP", IF(ISNUMBER(SEARCH("TELA",Inventario!B234)),"TEL", IF(ISNUMBER(SEARCH("CARTULINA",Inventario!B234)),"CAR", IF(OR(ISNUMBER(SEARCH("LAMINA",Inventario!B234)),ISNUMBER(SEARCH("LÁMINA",Inventario!B234))),"LAM", IF(ISNUMBER(SEARCH("ESTIRENO",Inventario!B234)),"EST", IF(ISNUMBER(SEARCH("FOAMBOARD",Inventario!B234)),"FOA", IF(ISNUMBER(SEARCH("SOLVENTE",Inventario!B234)),"SOL", IF(ISNUMBER(SEARCH("TINTA",Inventario!B234)),"TIN", IF(ISNUMBER(SEARCH("ACRILICO",Inventario!B234)),"ACR", IF(ISNUMBER(SEARCH("LED",Inventario!B234)),"LED", IF(ISNUMBER(SEARCH("FUENTE",Inventario!B234)),"FUE", IF(ISNUMBER(SEARCH("PETG",Inventario!B234)),"PET", IF(ISNUMBER(SEARCH("ALUMINIO",Inventario!B234)),"ALU", IF(ISNUMBER(SEARCH("CANAL",Inventario!B234)),"CAN", IF(ISNUMBER(SEARCH("ESCUADRA",Inventario!B234)),"ESC", IF(ISNUMBER(SEARCH("SOPORTE",Inventario!B234)),"SOP","OTR") ))))))))))))))))))) -> LED | B235: =IF(ISNUMBER(SEARCH("CORTE",Inventario!B234)),"COR", IF(ISNUMBER(SEARCH("CRISTAL",Inventario!B234)),"CR", IF(OR(ISNUMBER(SEARCH("OPTICO",Inventario!B234)),ISNUMBER(SEARCH("OPTICOS",Inventario!B234)),ISNUMBER(SEARCH("OPTICA",Inventario!B234))),"OP", IF(ISNUMBER(SEARCH("NANO",Inventario!B234)),"NA", IF(ISNUMBER(SEARCH("5050",Inventario!B234)),"5050", IF(ISNUMBER(SEARCH("MICRO",Inventario!B234)),"MI","")))))) -> OP | C235: =IF(ISNUMBER(SEARCH("PARED",Inventario!B234)),"PAR",IF(ISNUMBER(SEARCH("MATE",Inventario!B234)),"MAT", IF(ISNUMBER(SEARCH("FRONT",Inventario!B234)),"FRO", IF(ISNUMBER(SEARCH("BACK",Inventario!B234)),"BAC", IF(ISNUMBER(SEARCH("MESH",Inventario!B234)),"MES", IF(OR(ISNUMBER(SEARCH("BRILLANTE",Inventario!B234)),ISNUMBER(SEARCH("BTE",Inventario!B234))),"BRI", IF(ISNUMBER(SEARCH("SINTETICA DELGADA",Inventario!B234)),"SD", IF(ISNUMBER(SEARCH("SINTETICA GRUESA",Inventario!B234)),"SG", IF(ISNUMBER(SEARCH("ESTATICO",Inventario!B234)),"EST", IF(ISNUMBER(SEARCH("FLOOR",Inventario!B234)),"FLO", IF(ISNUMBER(SEARCH("REFLECTIVO",Inventario!B234)),"REF", IF(ISNUMBER(SEARCH("MICROPERFORADO",Inventario!B234)),"MI", IF(ISNUMBER(SEARCH("CEPILLADO",Inventario!B234)),"CEP", IF(ISNUMBER(SEARCH("ESPEJO",Inventario!B234)),"ESP", IF(OR(ISNUMBER(SEARCH("UNIDIODO",Inventario!B234)),ISNUMBER(SEARCH("1 DIODO",Inventario!B234))),"1D", IF(ISNUMBER(SEARCH("2 DIODOS",Inventario!B234)),"2D", IF(ISNUMBER(SEARCH("3 DIODOS",Inventario!B234)),"3D",""))))))))))))))))) -> 1D | D235: =IF(ISNUMBER(SEARCH("LX700",Inventario!B234)),"LX7", IF(ISNUMBER(SEARCH("GRANDO",Inventario!B234)),"GRA", IF(OR(ISNUMBER(SEARCH("CAMA PLANA",Inventario!B234)),ISNUMBER(SEARCH("FB700",Inventario!B234))),"CP", IF(ISNUMBER(SEARCH("LX360",Inventario!B234)),"LX3", IF(ISNUMBER(SEARCH("XEROX",Inventario!B234)),"XER", IF(ISNUMBER(SEARCH("18 OZ",Inventario!B234)),"18OZ", IF(ISNUMBER(SEARCH("15 OZ",Inventario!B234)),"15OZ", IF(OR(ISNUMBER(SEARCH("13 OZ",Inventario!B234)),ISNUMBER(SEARCH("13 ONZAS",Inventario!B234))),"13OZ", IF(OR(ISNUMBER(SEARCH("9 OZ",Inventario!B234)),ISNUMBER(SEARCH("9 ONZAS",Inventario!B234))),"09OZ",""))))))))) | E235: =IF(OR(ISNUMBER(SEARCH("TRANSPARENTE",Inventario!B234)),ISNUMBER(SEARCH("TRANSPARENTES",Inventario!B234))),"TR", IF(OR(ISNUMBER(SEARCH("BLANCO",Inventario!B234)),ISNUMBER(SEARCH("BCO",Inventario!B234))),"BL", IF(ISNUMBER(SEARCH("VERDE",Inventario!B234)),"VR", IF(ISNUMBER(SEARCH("MORADO",Inventario!B234)),"MR", IF(ISNUMBER(SEARCH("PLATA",Inventario!B234)),"PL", IF(ISNUMBER(SEARCH("ORO",Inventario!B234)),"OR", IF(ISNUMBER(SEARCH("AMARILLO",Inventario!B234)),"AM", IF(ISNUMBER(SEARCH("NARANJA",Inventario!B234)),"NR", IF(ISNUMBER(SEARCH("NEGRO",Inventario!B234)),"NG", IF(ISNUMBER(SEARCH("ROJO",Inventario!B234)),"RJ", IF(ISNUMBER(SEARCH("AZUL",Inventario!B234)),"AZ",""))))))))))) -> BL | F235: =IF(ISNUMBER(SEARCH("1,2 MM",Inventario!B234)),"1MM2", IF(OR(ISNUMBER(SEARCH("2 MM",Inventario!B234)),ISNUMBER(SEARCH("2MM",Inventario!B234))),"2MM", IF(OR(ISNUMBER(SEARCH("3 MM",Inventario!B234)),ISNUMBER(SEARCH("3MM",Inventario!B234))),"3MM", IF(OR(ISNUMBER(SEARCH("4 MM",Inventario!B234)),ISNUMBER(SEARCH("4MM",Inventario!B234)),ISNUMBER(SEARCH("4 mm",Inventario!B234))),"4MM", IF(OR(ISNUMBER(SEARCH("5 MM",Inventario!B234)),ISNUMBER(SEARCH("5MM",Inventario!B234))),"5MM", IF(OR(ISNUMBER(SEARCH("6 MM",Inventario!B234)),ISNUMBER(SEARCH("6MM",Inventario!B234))),"6MM", IF(OR(ISNUMBER(SEARCH("10 MM",Inventario!B234)),ISNUMBER(SEARCH("10MM",Inventario!B234))),"10MM",""))))))) | G235: =IF(ISNUMBER(SEARCH("ALTA RESISTENCIA",Inventario!B234)),"AR",IF(ISNUMBER(SEARCH("CAMPAÑA",Inventario!B234)),"CA", IF(OR(ISNUMBER(SEARCH("CALIDO",Inventario!B234)),ISNUMBER(SEARCH("CÁLIDO",Inventario!B234))),"C", IF(OR(ISNUMBER(SEARCH("TRASLUCIDO",Inventario!B234)),ISNUMBER(SEARCH("TRANSLUCIDO",Inventario!B234))),"TL", IF(ISNUMBER(SEARCH("NEUTRO",Inventario!B234)),"N", IF(ISNUMBER(SEARCH("FRIO",Inventario!B234)),"F","")))))) | H235: =IF(ISNUMBER(SEARCH("SILED",Inventario!B234)),"SI", IF(ISNUMBER(SEARCH("SYDEMEX",Inventario!B234)),"SY", IF(ISNUMBER(SEARCH("ROHS",Inventario!B234)),"RO", IF(ISNUMBER(SEARCH("RISHANG",Inventario!B234)),"RS", IF(ISNUMBER(SEARCH("VYG",Inventario!B234)),"VYG", IF(ISNUMBER(SEARCH("COLED",Inventario!B234)),"CO",""))))))
A236: =IF(ISNUMBER(SEARCH("LONA",Inventario!B235)),"LON", IF(ISNUMBER(SEARCH("VINIL",Inventario!B235)),"VIN", IF(ISNUMBER(SEARCH("PANEL DE ALUMINIO COMPUESTO",Inventario!B235)),"PAN-ALU-COM", IF(ISNUMBER(SEARCH("PVC",Inventario!B235)),"PVC", IF(ISNUMBER(SEARCH("PAPEL",Inventario!B235)),"PAP", IF(ISNUMBER(SEARCH("TELA",Inventario!B235)),"TEL", IF(ISNUMBER(SEARCH("CARTULINA",Inventario!B235)),"CAR", IF(OR(ISNUMBER(SEARCH("LAMINA",Inventario!B235)),ISNUMBER(SEARCH("LÁMINA",Inventario!B235))),"LAM", IF(ISNUMBER(SEARCH("ESTIRENO",Inventario!B235)),"EST", IF(ISNUMBER(SEARCH("FOAMBOARD",Inventario!B235)),"FOA", IF(ISNUMBER(SEARCH("SOLVENTE",Inventario!B235)),"SOL", IF(ISNUMBER(SEARCH("TINTA",Inventario!B235)),"TIN", IF(ISNUMBER(SEARCH("ACRILICO",Inventario!B235)),"ACR", IF(ISNUMBER(SEARCH("LED",Inventario!B235)),"LED", IF(ISNUMBER(SEARCH("FUENTE",Inventario!B235)),"FUE", IF(ISNUMBER(SEARCH("PETG",Inventario!B235)),"PET", IF(ISNUMBER(SEARCH("ALUMINIO",Inventario!B235)),"ALU", IF(ISNUMBER(SEARCH("CANAL",Inventario!B235)),"CAN", IF(ISNUMBER(SEARCH("ESCUADRA",Inventario!B235)),"ESC", IF(ISNUMBER(SEARCH("SOPORTE",Inventario!B235)),"SOP","OTR") ))))))))))))))))))) -> LED | B236: =IF(ISNUMBER(SEARCH("CORTE",Inventario!B235)),"COR", IF(ISNUMBER(SEARCH("CRISTAL",Inventario!B235)),"CR", IF(OR(ISNUMBER(SEARCH("OPTICO",Inventario!B235)),ISNUMBER(SEARCH("OPTICOS",Inventario!B235)),ISNUMBER(SEARCH("OPTICA",Inventario!B235))),"OP", IF(ISNUMBER(SEARCH("NANO",Inventario!B235)),"NA", IF(ISNUMBER(SEARCH("5050",Inventario!B235)),"5050", IF(ISNUMBER(SEARCH("MICRO",Inventario!B235)),"MI","")))))) | C236: =IF(ISNUMBER(SEARCH("PARED",Inventario!B235)),"PAR",IF(ISNUMBER(SEARCH("MATE",Inventario!B235)),"MAT", IF(ISNUMBER(SEARCH("FRONT",Inventario!B235)),"FRO", IF(ISNUMBER(SEARCH("BACK",Inventario!B235)),"BAC", IF(ISNUMBER(SEARCH("MESH",Inventario!B235)),"MES", IF(OR(ISNUMBER(SEARCH("BRILLANTE",Inventario!B235)),ISNUMBER(SEARCH("BTE",Inventario!B235))),"BRI", IF(ISNUMBER(SEARCH("SINTETICA DELGADA",Inventario!B235)),"SD", IF(ISNUMBER(SEARCH("SINTETICA GRUESA",Inventario!B235)),"SG", IF(ISNUMBER(SEARCH("ESTATICO",Inventario!B235)),"EST", IF(ISNUMBER(SEARCH("FLOOR",Inventario!B235)),"FLO", IF(ISNUMBER(SEARCH("REFLECTIVO",Inventario!B235)),"REF", IF(ISNUMBER(SEARCH("MICROPERFORADO",Inventario!B235)),"MI", IF(ISNUMBER(SEARCH("CEPILLADO",Inventario!B235)),"CEP", IF(ISNUMBER(SEARCH("ESPEJO",Inventario!B235)),"ESP", IF(OR(ISNUMBER(SEARCH("UNIDIODO",Inventario!B235)),ISNUMBER(SEARCH("1 DIODO",Inventario!B235))),"1D", IF(ISNUMBER(SEARCH("2 DIODOS",Inventario!B235)),"2D", IF(ISNUMBER(SEARCH("3 DIODOS",Inventario!B235)),"3D",""))))))))))))))))) -> 3D | D236: =IF(ISNUMBER(SEARCH("LX700",Inventario!B235)),"LX7", IF(ISNUMBER(SEARCH("GRANDO",Inventario!B235)),"GRA", IF(OR(ISNUMBER(SEARCH("CAMA PLANA",Inventario!B235)),ISNUMBER(SEARCH("FB700",Inventario!B235))),"CP", IF(ISNUMBER(SEARCH("LX360",Inventario!B235)),"LX3", IF(ISNUMBER(SEARCH("XEROX",Inventario!B235)),"XER", IF(ISNUMBER(SEARCH("18 OZ",Inventario!B235)),"18OZ", IF(ISNUMBER(SEARCH("15 OZ",Inventario!B235)),"15OZ", IF(OR(ISNUMBER(SEARCH("13 OZ",Inventario!B235)),ISNUMBER(SEARCH("13 ONZAS",Inventario!B235))),"13OZ", IF(OR(ISNUMBER(SEARCH("9 OZ",Inventario!B235)),ISNUMBER(SEARCH("9 ONZAS",Inventario!B235))),"09OZ",""))))))))) | E236: =IF(OR(ISNUMBER(SEARCH("TRANSPARENTE",Inventario!B235)),ISNUMBER(SEARCH("TRANSPARENTES",Inventario!B235))),"TR", IF(OR(ISNUMBER(SEARCH("BLANCO",Inventario!B235)),ISNUMBER(SEARCH("BCO",Inventario!B235))),"BL", IF(ISNUMBER(SEARCH("VERDE",Inventario!B235)),"VR", IF(ISNUMBER(SEARCH("MORADO",Inventario!B235)),"MR", IF(ISNUMBER(SEARCH("PLATA",Inventario!B235)),"PL", IF(ISNUMBER(SEARCH("ORO",Inventario!B235)),"OR", IF(ISNUMBER(SEARCH("AMARILLO",Inventario!B235)),"AM", IF(ISNUMBER(SEARCH("NARANJA",Inventario!B235)),"NR", IF(ISNUMBER(SEARCH("NEGRO",Inventario!B235)),"NG", IF(ISNUMBER(SEARCH("ROJO",Inventario!B235)),"RJ", IF(ISNUMBER(SEARCH("AZUL",Inventario!B235)),"AZ",""))))))))))) -> BL | F236: =IF(ISNUMBER(SEARCH("1,2 MM",Inventario!B235)),"1MM2", IF(OR(ISNUMBER(SEARCH("2 MM",Inventario!B235)),ISNUMBER(SEARCH("2MM",Inventario!B235))),"2MM", IF(OR(ISNUMBER(SEARCH("3 MM",Inventario!B235)),ISNUMBER(SEARCH("3MM",Inventario!B235))),"3MM", IF(OR(ISNUMBER(SEARCH("4 MM",Inventario!B235)),ISNUMBER(SEARCH("4MM",Inventario!B235)),ISNUMBER(SEARCH("4 mm",Inventario!B235))),"4MM", IF(OR(ISNUMBER(SEARCH("5 MM",Inventario!B235)),ISNUMBER(SEARCH("5MM",Inventario!B235))),"5MM", IF(OR(ISNUMBER(SEARCH("6 MM",Inventario!B235)),ISNUMBER(SEARCH("6MM",Inventario!B235))),"6MM", IF(OR(ISNUMBER(SEARCH("10 MM",Inventario!B235)),ISNUMBER(SEARCH("10MM",Inventario!B235))),"10MM",""))))))) | G236: =IF(ISNUMBER(SEARCH("ALTA RESISTENCIA",Inventario!B235)),"AR",IF(ISNUMBER(SEARCH("CAMPAÑA",Inventario!B235)),"CA", IF(OR(ISNUMBER(SEARCH("CALIDO",Inventario!B235)),ISNUMBER(SEARCH("CÁLIDO",Inventario!B235))),"C", IF(OR(ISNUMBER(SEARCH("TRASLUCIDO",Inventario!B235)),ISNUMBER(SEARCH("TRANSLUCIDO",Inventario!B235))),"TL", IF(ISNUMBER(SEARCH("NEUTRO",Inventario!B235)),"N", IF(ISNUMBER(SEARCH("FRIO",Inventario!B235)),"F","")))))) -> F | H236: =IF(ISNUMBER(SEARCH("SILED",Inventario!B235)),"SI", IF(ISNUMBER(SEARCH("SYDEMEX",Inventario!B235)),"SY", IF(ISNUMBER(SEARCH("ROHS",Inventario!B235)),"RO", IF(ISNUMBER(SEARCH("RISHANG",Inventario!B235)),"RS", IF(ISNUMBER(SEARCH("VYG",Inventario!B235)),"VYG", IF(ISNUMBER(SEARCH("COLED",Inventario!B235)),"CO","")))))) -> SI
A237: =IF(ISNUMBER(SEARCH("LONA",Inventario!B236)),"LON", IF(ISNUMBER(SEARCH("VINIL",Inventario!B236)),"VIN", IF(ISNUMBER(SEARCH("PANEL DE ALUMINIO COMPUESTO",Inventario!B236)),"PAN-ALU-COM", IF(ISNUMBER(SEARCH("PVC",Inventario!B236)),"PVC", IF(ISNUMBER(SEARCH("PAPEL",Inventario!B236)),"PAP", IF(ISNUMBER(SEARCH("TELA",Inventario!B236)),"TEL", IF(ISNUMBER(SEARCH("CARTULINA",Inventario!B236)),"CAR", IF(OR(ISNUMBER(SEARCH("LAMINA",Inventario!B236)),ISNUMBER(SEARCH("LÁMINA",Inventario!B236))),"LAM", IF(ISNUMBER(SEARCH("ESTIRENO",Inventario!B236)),"EST", IF(ISNUMBER(SEARCH("FOAMBOARD",Inventario!B236)),"FOA", IF(ISNUMBER(SEARCH("SOLVENTE",Inventario!B236)),"SOL", IF(ISNUMBER(SEARCH("TINTA",Inventario!B236)),"TIN", IF(ISNUMBER(SEARCH("ACRILICO",Inventario!B236)),"ACR", IF(ISNUMBER(SEARCH("LED",Inventario!B236)),"LED", IF(ISNUMBER(SEARCH("FUENTE",Inventario!B236)),"FUE", IF(ISNUMBER(SEARCH("PETG",Inventario!B236)),"PET", IF(ISNUMBER(SEARCH("ALUMINIO",Inventario!B236)),"ALU", IF(ISNUMBER(SEARCH("CANAL",Inventario!B236)),"CAN", IF(ISNUMBER(SEARCH("ESCUADRA",Inventario!B236)),"ESC", IF(ISNUMBER(SEARCH("SOPORTE",Inventario!B236)),"SOP","OTR") ))))))))))))))))))) -> LED | B237: =IF(ISNUMBER(SEARCH("CORTE",Inventario!B236)),"COR", IF(ISNUMBER(SEARCH("CRISTAL",Inventario!B236)),"CR", IF(OR(ISNUMBER(SEARCH("OPTICO",Inventario!B236)),ISNUMBER(SEARCH("OPTICOS",Inventario!B236)),ISNUMBER(SEARCH("OPTICA",Inventario!B236))),"OP", IF(ISNUMBER(SEARCH("NANO",Inventario!B236)),"NA", IF(ISNUMBER(SEARCH("5050",Inventario!B236)),"5050", IF(ISNUMBER(SEARCH("MICRO",Inventario!B236)),"MI","")))))) -> OP | C237: =IF(ISNUMBER(SEARCH("PARED",Inventario!B236)),"PAR",IF(ISNUMBER(SEARCH("MATE",Inventario!B236)),"MAT", IF(ISNUMBER(SEARCH("FRONT",Inventario!B236)),"FRO", IF(ISNUMBER(SEARCH("BACK",Inventario!B236)),"BAC", IF(ISNUMBER(SEARCH("MESH",Inventario!B236)),"MES", IF(OR(ISNUMBER(SEARCH("BRILLANTE",Inventario!B236)),ISNUMBER(SEARCH("BTE",Inventario!B236))),"BRI", IF(ISNUMBER(SEARCH("SINTETICA DELGADA",Inventario!B236)),"SD", IF(ISNUMBER(SEARCH("SINTETICA GRUESA",Inventario!B236)),"SG", IF(ISNUMBER(SEARCH("ESTATICO",Inventario!B236)),"EST", IF(ISNUMBER(SEARCH("FLOOR",Inventario!B236)),"FLO", IF(ISNUMBER(SEARCH("REFLECTIVO",Inventario!B236)),"REF", IF(ISNUMBER(SEARCH("MICROPERFORADO",Inventario!B236)),"MI", IF(ISNUMBER(SEARCH("CEPILLADO",Inventario!B236)),"CEP", IF(ISNUMBER(SEARCH("ESPEJO",Inventario!B236)),"ESP", IF(OR(ISNUMBER(SEARCH("UNIDIODO",Inventario!B236)),ISNUMBER(SEARCH("1 DIODO",Inventario!B236))),"1D", IF(ISNUMBER(SEARCH("2 DIODOS",Inventario!B236)),"2D", IF(ISNUMBER(SEARCH("3 DIODOS",Inventario!B236)),"3D",""))))))))))))))))) -> 3D | D237: =IF(ISNUMBER(SEARCH("LX700",Inventario!B236)),"LX7", IF(ISNUMBER(SEARCH("GRANDO",Inventario!B236)),"GRA", IF(OR(ISNUMBER(SEARCH("CAMA PLANA",Inventario!B236)),ISNUMBER(SEARCH("FB700",Inventario!B236))),"CP", IF(ISNUMBER(SEARCH("LX360",Inventario!B236)),"LX3", IF(ISNUMBER(SEARCH("XEROX",Inventario!B236)),"XER", IF(ISNUMBER(SEARCH("18 OZ",Inventario!B236)),"18OZ", IF(ISNUMBER(SEARCH("15 OZ",Inventario!B236)),"15OZ", IF(OR(ISNUMBER(SEARCH("13 OZ",Inventario!B236)),ISNUMBER(SEARCH("13 ONZAS",Inventario!B236))),"13OZ", IF(OR(ISNUMBER(SEARCH("9 OZ",Inventario!B236)),ISNUMBER(SEARCH("9 ONZAS",Inventario!B236))),"09OZ",""))))))))) | E237: =IF(OR(ISNUMBER(SEARCH("TRANSPARENTE",Inventario!B236)),ISNUMBER(SEARCH("TRANSPARENTES",Inventario!B236))),"TR", IF(OR(ISNUMBER(SEARCH("BLANCO",Inventario!B236)),ISNUMBER(SEARCH("BCO",Inventario!B236))),"BL", IF(ISNUMBER(SEARCH("VERDE",Inventario!B236)),"VR", IF(ISNUMBER(SEARCH("MORADO",Inventario!B236)),"MR", IF(ISNUMBER(SEARCH("PLATA",Inventario!B236)),"PL", IF(ISNUMBER(SEARCH("ORO",Inventario!B236)),"OR", IF(ISNUMBER(SEARCH("AMARILLO",Inventario!B236)),"AM", IF(ISNUMBER(SEARCH("NARANJA",Inventario!B236)),"NR", IF(ISNUMBER(SEARCH("NEGRO",Inventario!B236)),"NG", IF(ISNUMBER(SEARCH("ROJO",Inventario!B236)),"RJ", IF(ISNUMBER(SEARCH("AZUL",Inventario!B236)),"AZ",""))))))))))) | F237: =IF(ISNUMBER(SEARCH("1,2 MM",Inventario!B236)),"1MM2", IF(OR(ISNUMBER(SEARCH("2 MM",Inventario!B236)),ISNUMBER(SEARCH("2MM",Inventario!B236))),"2MM", IF(OR(ISNUMBER(SEARCH("3 MM",Inventario!B236)),ISNUMBER(SEARCH("3MM",Inventario!B236))),"3MM", IF(OR(ISNUMBER(SEARCH("4 MM",Inventario!B236)),ISNUMBER(SEARCH("4MM",Inventario!B236)),ISNUMBER(SEARCH("4 mm",Inventario!B236))),"4MM", IF(OR(ISNUMBER(SEARCH("5 MM",Inventario!B236)),ISNUMBER(SEARCH("5MM",Inventario!B236))),"5MM", IF(OR(ISNUMBER(SEARCH("6 MM",Inventario!B236)),ISNUMBER(SEARCH("6MM",Inventario!B236))),"6MM", IF(OR(ISNUMBER(SEARCH("10 MM",Inventario!B236)),ISNUMBER(SEARCH("10MM",Inventario!B236))),"10MM",""))))))) | G237: =IF(ISNUMBER(SEARCH("ALTA RESISTENCIA",Inventario!B236)),"AR",IF(ISNUMBER(SEARCH("CAMPAÑA",Inventario!B236)),"CA", IF(OR(ISNUMBER(SEARCH("CALIDO",Inventario!B236)),ISNUMBER(SEARCH("CÁLIDO",Inventario!B236))),"C", IF(OR(ISNUMBER(SEARCH("TRASLUCIDO",Inventario!B236)),ISNUMBER(SEARCH("TRANSLUCIDO",Inventario!B236))),"TL", IF(ISNUMBER(SEARCH("NEUTRO",Inventario!B236)),"N", IF(ISNUMBER(SEARCH("FRIO",Inventario!B236)),"F","")))))) -> C | H237: =IF(ISNUMBER(SEARCH("SILED",Inventario!B236)),"SI", IF(ISNUMBER(SEARCH("SYDEMEX",Inventario!B236)),"SY", IF(ISNUMBER(SEARCH("ROHS",Inventario!B236)),"RO", IF(ISNUMBER(SEARCH("RISHANG",Inventario!B236)),"RS", IF(ISNUMBER(SEARCH("VYG",Inventario!B236)),"VYG", IF(ISNUMBER(SEARCH("COLED",Inventario!B236)),"CO","")))))) -> CO
